ticker,event_ticker,series_ticker,title,subtitle,category,status,close_time,yes_bid,yes_ask,no_bid,no_ask,last_price,volume,volume_24h,open_interest,liquidity,notional_value,yes_mid,prob_implied,spread,fetched_at
KXMENWORLDCUP-26-IRQ,KXMENWORLDCUP-26,,Will Iraq win the 2026 Men's World Cup?,,,finalized,2026-06-27T22:40:16Z,,,,,,,,,,,,,,2026-07-29T11:46:28Z
KXMENWORLDCUP-26-COD,KXMENWORLDCUP-26,,Will Congo DR win the 2026 Men's World Cup?,,,finalized,2026-07-01T18:20:03Z,,,,,,,,,,,,,,2026-07-29T11:46:28Z
KXMENWORLDCUP-26-BIH,KXMENWORLDCUP-26,,Will Bosnia and Herzegovina win the 2026 Men's World Cup?,,,finalized,2026-07-02T02:19:59Z,,,,,,,,,,,,,,2026-07-29T11:46:28Z
KXMENWORLDCUP-26-CZE,KXMENWORLDCUP-26,,Will Czechia win the 2026 Men's World Cup?,,,finalized,2026-06-25T14:26:08Z,,,,,,,,,,,,,,2026-07-29T11:46:28Z
KXMENWORLDCUP-26-PAN,KXMENWORLDCUP-26,,Will Panama win the 2026 Men's World Cup?,,,finalized,2026-06-24T16:12:18Z,,,,,,,,,,,,,,2026-07-29T11:46:28Z
KXMENWORLDCUP-26-HTI,KXMENWORLDCUP-26,,Will Haiti win the 2026 Men's World Cup?,,,finalized,2026-06-24T16:12:18Z,,,,,,,,,,,,,,2026-07-29T11:46:28Z
KXMENWORLDCUP-26-CUW,KXMENWORLDCUP-26,,Will Curacao win the 2026 Men's World Cup?,,,finalized,2026-06-27T22:40:16Z,,,,,,,,,,,,,,2026-07-29T11:46:28Z
KXMENWORLDCUP-26-CIV,KXMENWORLDCUP-26,,Will Ivory Coast win the 2026 Men's World Cup?,,,finalized,2026-06-30T19:09:55Z,,,,,,,,,,,,,,2026-07-29T11:46:28Z
KXMENWORLDCUP-26-QAT,KXMENWORLDCUP-26,,Will Qatar win the 2026 Men's World Cup?,,,finalized,2026-06-25T14:26:08Z,,,,,,,,,,,,,,2026-07-29T11:46:28Z
KXMENWORLDCUP-26-RSA,KXMENWORLDCUP-26,,Will South Africa win the 2026 Men's World Cup?,,,finalized,2026-06-28T21:26:30Z,,,,,,,,,,,,,,2026-07-29T11:46:28Z
KXMENWORLDCUP-26-CPV,KXMENWORLDCUP-26,,Will Cape Verde win the 2026 Men's World Cup?,,,finalized,2026-07-04T01:09:48Z,,,,,,,,,,,,,,2026-07-29T11:46:28Z
KXMENWORLDCUP-26-DZA,KXMENWORLDCUP-26,,Will Algeria win the 2026 Men's World Cup?,,,finalized,2026-07-03T05:09:57Z,,,,,,,,,,,,,,2026-07-29T11:46:28Z
KXMENWORLDCUP-26-EGY,KXMENWORLDCUP-26,,Will Egypt win the 2026 Men's World Cup?,,,finalized,2026-07-07T18:19:46Z,,,,,,,,,,,,,,2026-07-29T11:46:28Z
KXMENWORLDCUP-26-JOR,KXMENWORLDCUP-26,,Will Jordan win the 2026 Men's World Cup?,,,finalized,2026-06-24T16:12:18Z,,,,,,,,,,,,,,2026-07-29T11:46:28Z
KXMENWORLDCUP-26-UZB,KXMENWORLDCUP-26,,Will Uzbekistan win the 2026 Men's World Cup?,,,finalized,2026-06-28T15:09:00Z,,,,,,,,,,,,,,2026-07-29T11:46:28Z
KXMENWORLDCUP-26-NZL,KXMENWORLDCUP-26,,Will New Zealand win the 2026 Men's World Cup?,,,finalized,2026-06-27T22:40:16Z,,,,,,,,,,,,,,2026-07-29T11:46:28Z
KXMENWORLDCUP-26-TN,KXMENWORLDCUP-26,,Will the Tunisia win the 2026 Men's World Cup?,,,finalized,2026-06-24T16:12:18Z,,,,,,,,,,,,,,2026-07-29T11:46:28Z
KXMENWORLDCUP-26-SA,KXMENWORLDCUP-26,,Will the Saudi Arabia win the 2026 Men's World Cup?,,,finalized,2026-06-27T22:40:16Z,,,,,,,,,,,,,,2026-07-29T11:46:28Z
KXMENWORLDCUP-26-IR,KXMENWORLDCUP-26,,Will the Iran win the 2026 Men's World Cup?,,,finalized,2026-06-28T15:09:00Z,,,,,,,,,,,,,,2026-07-29T11:46:28Z
KXMENWORLDCUP-26-TR,KXMENWORLDCUP-26,,Will the Turkey win the 2026 Men's World Cup?,,,finalized,2026-06-24T16:12:18Z,,,,,,,,,,,,,,2026-07-29T11:46:28Z
KXMENWORLDCUP-26-SC,KXMENWORLDCUP-26,,Will the Scotland win the 2026 Men's World Cup?,,,finalized,2026-06-28T15:09:00Z,,,,,,,,,,,,,,2026-07-29T11:46:28Z
KXMENWORLDCUP-26-PY,KXMENWORLDCUP-26,,Will the Paraguay win the 2026 Men's World Cup?,,,finalized,2026-07-05T00:09:49Z,,,,,,,,,,,,,,2026-07-29T11:46:28Z
KXMENWORLDCUP-26-KR,KXMENWORLDCUP-26,,Will the South Korea win the 2026 Men's World Cup?,,,finalized,2026-06-28T15:09:00Z,,,,,,,,,,,,,,2026-07-29T11:46:28Z
KXMENWORLDCUP-26-GH,KXMENWORLDCUP-26,,Will the Ghana win the 2026 Men's World Cup?,,,finalized,2026-07-04T03:50:08Z,,,,,,,,,,,,,,2026-07-29T11:46:28Z
KXMENWORLDCUP-26-AU,KXMENWORLDCUP-26,,Will the Australia win the 2026 Men's World Cup?,,,finalized,2026-07-03T21:09:52Z,,,,,,,,,,,,,,2026-07-29T11:46:28Z
KXMENWORLDCUP-26-SN,KXMENWORLDCUP-26,,Will the Senegal win the 2026 Men's World Cup?,,,finalized,2026-07-02T00:19:52Z,,,,,,,,,,,,,,2026-07-29T11:46:28Z
KXMENWORLDCUP-26-SE,KXMENWORLDCUP-26,,Will the Sweden win the 2026 Men's World Cup?,,,finalized,2026-06-30T23:19:55Z,,,,,,,,,,,,,,2026-07-29T11:46:28Z
KXMENWORLDCUP-26-NO,KXMENWORLDCUP-26,,Will the Norway win the 2026 Men's World Cup?,,,finalized,2026-07-12T01:39:51Z,,,,,,,,,,,,,,2026-07-29T11:46:28Z
KXMENWORLDCUP-26-MX,KXMENWORLDCUP-26,,Will the Mexico win the 2026 Men's World Cup?,,,finalized,2026-07-06T03:20:00Z,,,,,,,,,,,,,,2026-07-29T11:46:28Z
KXMENWORLDCUP-26-MA,KXMENWORLDCUP-26,,Will the Morocco win the 2026 Men's World Cup?,,,finalized,2026-07-09T22:19:47Z,,,,,,,,,,,,,,2026-07-29T11:46:28Z
KXMENWORLDCUP-26-JP,KXMENWORLDCUP-26,,Will the Japan win the 2026 Men's World Cup?,,,finalized,2026-06-29T19:47:34Z,,,,,,,,,,,,,,2026-07-29T11:46:28Z
KXMENWORLDCUP-26-EC,KXMENWORLDCUP-26,,Will the Ecuador win the 2026 Men's World Cup?,,,finalized,2026-07-01T04:20:01Z,,,,,,,,,,,,,,2026-07-29T11:46:28Z
KXMENWORLDCUP-26-CO,KXMENWORLDCUP-26,,Will the Colombia win the 2026 Men's World Cup?,,,finalized,2026-07-07T23:09:47Z,,,,,,,,,,,,,,2026-07-29T11:46:28Z
KXMENWORLDCUP-26-CH,KXMENWORLDCUP-26,,Will the Switzerland win the 2026 Men's World Cup?,,,finalized,2026-07-12T04:00:00Z,,,,,,,,,,,,,,2026-07-29T11:46:28Z
KXMENWORLDCUP-26-CA,KXMENWORLDCUP-26,,Will the Canada win the 2026 Men's World Cup?,,,finalized,2026-07-04T19:39:50Z,,,,,,,,,,,,,,2026-07-29T11:46:28Z
KXMENWORLDCUP-26-AT,KXMENWORLDCUP-26,,Will the Austria win the 2026 Men's World Cup?,,,finalized,2026-07-02T21:19:55Z,,,,,,,,,,,,,,2026-07-29T11:46:28Z
KXMENWORLDCUP-26-UY,KXMENWORLDCUP-26,,Will the Uruguay win the 2026 Men's World Cup?,,,finalized,2026-06-27T22:40:16Z,,,,,,,,,,,,,,2026-07-29T11:46:28Z
KXMENWORLDCUP-26-US,KXMENWORLDCUP-26,,Will the USA win the 2026 Men's World Cup?,,,finalized,2026-07-07T02:19:54Z,,,,,,,,,,,,,,2026-07-29T11:46:28Z
KXMENWORLDCUP-26-PT,KXMENWORLDCUP-26,,Will the Portugal win the 2026 Men's World Cup?,,,finalized,2026-07-06T21:19:54Z,,,,,,,,,,,,,,2026-07-29T11:46:28Z
KXMENWORLDCUP-26-NL,KXMENWORLDCUP-26,,Will the Netherlands win the 2026 Men's World Cup?,,,finalized,2026-06-30T04:11:53Z,,,,,,,,,,,,,,2026-07-29T11:46:28Z
KXMENWORLDCUP-26-HR,KXMENWORLDCUP-26,,Will the Croatia win the 2026 Men's World Cup?,,,finalized,2026-07-03T01:30:00Z,,,,,,,,,,,,,,2026-07-29T11:46:28Z
KXMENWORLDCUP-26-GB,KXMENWORLDCUP-26,,Will the England win the 2026 Men's World Cup?,,,finalized,2026-07-15T21:05:39Z,,,,,,,,,,,,,,2026-07-29T11:46:28Z
KXMENWORLDCUP-26-DE,KXMENWORLDCUP-26,,Will the Germany win the 2026 Men's World Cup?,,,finalized,2026-06-30T00:19:53Z,,,,,,,,,,,,,,2026-07-29T11:46:28Z
KXMENWORLDCUP-26-BR,KXMENWORLDCUP-26,,Will the Brazil win the 2026 Men's World Cup?,,,finalized,2026-07-05T22:19:55Z,,,,,,,,,,,,,,2026-07-29T11:46:28Z
KXMENWORLDCUP-26-BE,KXMENWORLDCUP-26,,Will the Belgium win the 2026 Men's World Cup?,,,finalized,2026-07-10T21:19:45Z,,,,,,,,,,,,,,2026-07-29T11:46:28Z
KXMENWORLDCUP-26-AR,KXMENWORLDCUP-26,,Will the Argentina win the 2026 Men's World Cup?,,,finalized,2026-07-19T22:04:28Z,,,,,,,,,,,,,,2026-07-29T11:46:28Z
KXMENWORLDCUP-26-FR,KXMENWORLDCUP-26,,Will the France win the 2026 Men's World Cup?,,,finalized,2026-07-14T21:06:27Z,,,,,,,,,,,,,,2026-07-29T11:46:28Z
KXMENWORLDCUP-26-ES,KXMENWORLDCUP-26,,Will the Spain win the 2026 Men's World Cup?,,,finalized,2026-07-19T22:04:28Z,,,,,,,,,,,,,,2026-07-29T11:46:28Z
KXWCGOALLEADER-26-FWIR,KXWCGOALLEADER-26,,Will Florian Wirtz lead FIFA World Cup in Goals for the 2026 World Cup Full Tournament?,,,finalized,2026-07-06T23:45:06Z,,,,,,,,,,,,,,2026-07-29T11:46:28Z
KXWCGOALLEADER-26-BBAR,KXWCGOALLEADER-26,,Will Bradley Barcola lead FIFA World Cup in Goals for the 2026 World Cup Full Tournament?,,,finalized,2026-07-18T23:59:54Z,,,,,,,,,,,,,,2026-07-29T11:46:28Z
KXWCGOALLEADER-26-MARN,KXWCGOALLEADER-26,,Will Marko Arnautovic lead FIFA World Cup in Goals for the 2026 World Cup Full Tournament?,,,finalized,2026-07-06T23:45:01Z,,,,,,,,,,,,,,2026-07-29T11:46:28Z
KXWCGOALLEADER-26-RVAR,KXWCGOALLEADER-26,,Will Ruben Vargas lead FIFA World Cup in Goals for the 2026 World Cup Full Tournament?,,,finalized,2026-07-12T12:30:00Z,,,,,,,,,,,,,,2026-07-29T11:46:28Z
KXWCGOALLEADER-26-MRAS,KXWCGOALLEADER-26,,Will Marcus Rashford lead FIFA World Cup in Goals for the 2026 World Cup Full Tournament?,,,finalized,2026-07-18T23:59:54Z,,,,,,,,,,,,,,2026-07-29T11:46:28Z
KXWCGOALLEADER-26-ISAR,KXWCGOALLEADER-26,,Will Ismaila Sarr lead FIFA World Cup in Goals for the 2026 World Cup Full Tournament?,,,finalized,2026-07-06T23:44:58Z,,,,,,,,,,,,,,2026-07-29T11:46:28Z
KXWCGOALLEADER-26-GXHA,KXWCGOALLEADER-26,,Will Granit Xhaka lead FIFA World Cup in Goals for the 2026 World Cup Full Tournament?,,,finalized,2026-07-12T12:30:00Z,,,,,,,,,,,,,,2026-07-29T11:46:28Z
KXWCGOALLEADER-26-CLAR,KXWCGOALLEADER-26,,Will Cyle Larin lead FIFA World Cup in Goals for the 2026 World Cup Full Tournament?,,,finalized,2026-07-06T23:44:55Z,,,,,,,,,,,,,,2026-07-29T11:46:28Z
KXWCGOALLEADER-26-JBEL,KXWCGOALLEADER-26,,Will Jude Bellingham lead FIFA World Cup in Goals for the 2026 World Cup Full Tournament?,,,finalized,2026-07-18T23:59:54Z,,,,,,,,,,,,,,2026-07-29T11:46:28Z
KXWCGOALLEADER-26-ISAI,KXWCGOALLEADER-26,,Will Ismael Saibari lead FIFA World Cup in Goals for the 2026 World Cup Full Tournament?,,,finalized,2026-07-10T01:00:01Z,,,,,,,,,,,,,,2026-07-29T11:46:28Z
KXWCGOALLEADER-26-JMAN,KXWCGOALLEADER-26,,Will Johan Manzambi lead FIFA World Cup in Goals for the 2026 World Cup Full Tournament?,,,finalized,2026-07-12T12:30:00Z,,,,,,,,,,,,,,2026-07-29T11:46:28Z
KXWCGOALLEADER-26-AUED,KXWCGOALLEADER-26,,Will Ayase Ueda lead FIFA World Cup in Goals for the 2026 World Cup Full Tournament?,,,finalized,2026-07-06T23:44:52Z,,,,,,,,,,,,,,2026-07-29T11:46:28Z
KXWCGOALLEADER-26-BBRO,KXWCGOALLEADER-26,,Will Brian Brobbey lead FIFA World Cup in Goals for the 2026 World Cup Full Tournament?,,,finalized,2026-07-06T23:44:49Z,,,,,,,,,,,,,,2026-07-29T11:46:28Z
KXWCGOALLEADER-26-BEMB,KXWCGOALLEADER-26,,Will Breel Embolo lead FIFA World Cup in Goals for the 2026 World Cup Full Tournament?,,,finalized,2026-07-12T12:30:00Z,,,,,,,,,,,,,,2026-07-29T11:46:28Z
KXWCGOALLEADER-26-DUND,KXWCGOALLEADER-26,,Will Deniz Undav lead FIFA World Cup in Goals for the 2026 World Cup Full Tournament?,,,finalized,2026-07-06T23:44:32Z,,,,,,,,,,,,,,2026-07-29T11:46:28Z
KXWCGOALLEADER-26-ITHI,KXWCGOALLEADER-26,,Will Igor Thiago lead FIFA World Cup in Goals for the 2026 World Cup Full Tournament?,,,finalized,2026-07-06T23:44:29Z,,,,,,,,,,,,,,2026-07-29T11:46:28Z
KXWCGOALLEADER-26-VGYO,KXWCGOALLEADER-26,,Will Viktor Gyokeres lead FIFA World Cup in Goals for the 2026 World Cup Full Tournament?,,,finalized,2026-07-06T23:44:25Z,,,,,,,,,,,,,,2026-07-29T11:46:28Z
KXWCGOALLEADER-26-AISA,KXWCGOALLEADER-26,,Will Alexander Isak lead FIFA World Cup in Goals for the 2026 World Cup Full Tournament?,,,finalized,2026-07-06T23:44:21Z,,,,,,,,,,,,,,2026-07-29T11:46:28Z
KXWCGOALLEADER-26-KHAV,KXWCGOALLEADER-26,,Will Kai Havertz lead FIFA World Cup in Goals for the 2026 World Cup Full Tournament?,,,finalized,2026-07-06T23:44:17Z,,,,,,,,,,,,,,2026-07-29T11:46:28Z
KXWCGOALLEADER-26-FBAL,KXWCGOALLEADER-26,,Will Folarin Balogun lead FIFA World Cup in Goals for the 2026 World Cup Full Tournament?,,,finalized,2026-07-07T02:11:21Z,,,,,,,,,,,,,,2026-07-29T11:46:28Z
KXWCGOALLEADER-26-MOLI,KXWCGOALLEADER-26,,Will Michael Olise lead FIFA World Cup in Goals for the 2026 World Cup Full Tournament?,,,finalized,2026-07-18T23:59:54Z,,,,,,,,,,,,,,2026-07-29T11:46:28Z
KXWCGOALLEADER-26-NEYM,KXWCGOALLEADER-26,,Will Neymar lead FIFA World Cup in Goals for the 2026 World Cup Full Tournament?,,,finalized,2026-07-06T23:44:14Z,,,,,,,,,,,,,,2026-07-29T11:46:28Z
KXWCGOALLEADER-26-VJUN,KXWCGOALLEADER-26,,Will Vinicius Junior lead FIFA World Cup in Goals for the 2026 World Cup Full Tournament?,,,finalized,2026-07-06T23:43:25Z,,,,,,,,,,,,,,2026-07-29T11:46:28Z
KXWCGOALLEADER-26-SMCT,KXWCGOALLEADER-26,,Will Scott McTominay lead FIFA World Cup in Goals for the 2026 World Cup Full Tournament?,,,finalized,2026-07-06T23:44:12Z,,,,,,,,,,,,,,2026-07-29T11:46:28Z
KXWCGOALLEADER-26-RODR,KXWCGOALLEADER-26,,Will Rodrygo lead FIFA World Cup in Goals for the 2026 World Cup Full Tournament?,,,finalized,2026-07-06T23:43:42Z,,,,,,,,,,,,,,2026-07-29T11:46:28Z
KXWCGOALLEADER-26-RLUK,KXWCGOALLEADER-26,,Will Romelu Lukaku lead FIFA World Cup in Goals for the 2026 World Cup Full Tournament?,,,finalized,2026-07-10T21:59:53Z,,,,,,,,,,,,,,2026-07-29T11:46:28Z
KXWCGOALLEADER-26-RKOL,KXWCGOALLEADER-26,,Will Randal Kolo Muani lead FIFA World Cup in Goals for the 2026 World Cup Full Tournament?,,,finalized,2026-07-19T22:10:32Z,,,,,,,,,,,,,,2026-07-29T11:46:28Z
KXWCGOALLEADER-26-RICH,KXWCGOALLEADER-26,,Will Richarlison lead FIFA World Cup in Goals for the 2026 World Cup Full Tournament?,,,finalized,2026-07-06T23:43:35Z,,,,,,,,,,,,,,2026-07-29T11:46:28Z
KXWCGOALLEADER-26-RAPH,KXWCGOALLEADER-26,,Will Raphinha lead FIFA World Cup in Goals for the 2026 World Cup Full Tournament?,,,finalized,2026-07-06T23:43:32Z,,,,,,,,,,,,,,2026-07-29T11:46:28Z
KXWCGOALLEADER-26-PFOD,KXWCGOALLEADER-26,,Will Phil Foden lead FIFA World Cup in Goals for the 2026 World Cup Full Tournament?,,,finalized,2026-06-23T15:32:54Z,,,,,,,,,,,,,,2026-07-29T11:46:28Z
KXWCGOALLEADER-26-ODEM,KXWCGOALLEADER-26,,Will Ousmane Dembele lead FIFA World Cup in Goals for the 2026 World Cup Full Tournament?,,,finalized,2026-07-18T23:59:53Z,,,,,,,,,,,,,,2026-07-29T11:46:28Z
KXWCGOALLEADER-26-NWOL,KXWCGOALLEADER-26,,Will Nick Woltemade lead FIFA World Cup in Goals for the 2026 World Cup Full Tournament?,,,finalized,2026-07-06T23:30:15Z,,,,,,,,,,,,,,2026-07-29T11:46:28Z
KXWCGOALLEADER-26-MSAL,KXWCGOALLEADER-26,,Will Mohamed Salah lead FIFA World Cup in Goals for the 2026 World Cup Full Tournament?,,,finalized,2026-07-08T03:29:50Z,,,,,,,,,,,,,,2026-07-29T11:46:28Z
KXWCGOALLEADER-26-MOYA,KXWCGOALLEADER-26,,Will Mikel Oyarzabal lead FIFA World Cup in Goals for the 2026 World Cup Full Tournament?,,,finalized,2026-07-19T22:10:32Z,,,,,,,,,,,,,,2026-07-29T11:46:28Z
KXWCGOALLEADER-26-MDEP,KXWCGOALLEADER-26,,Will Memphis Depay lead FIFA World Cup in Goals for the 2026 World Cup Full Tournament?,,,finalized,2026-07-06T23:43:45Z,,,,,,,,,,,,,,2026-07-29T11:46:28Z
KXWCGOALLEADER-26-MCUN,KXWCGOALLEADER-26,,Will Matheus Cunha lead FIFA World Cup in Goals for the 2026 World Cup Full Tournament?,,,finalized,2026-07-06T23:43:38Z,,,,,,,,,,,,,,2026-07-29T11:46:28Z
KXWCGOALLEADER-26-LYAM,KXWCGOALLEADER-26,,Will Lamine Yamal lead FIFA World Cup in Goals for the 2026 World Cup Full Tournament?,,,finalized,2026-07-19T22:10:32Z,,,,,,,,,,,,,,2026-07-29T11:46:28Z
KXWCGOALLEADER-26-LMES,KXWCGOALLEADER-26,,Will Lionel Messi lead FIFA World Cup in Goals for the 2026 World Cup Full Tournament?,,,finalized,2026-07-19T22:10:32Z,,,,,,,,,,,,,,2026-07-29T11:46:28Z
KXWCGOALLEADER-26-LMAR,KXWCGOALLEADER-26,,Will Lautaro Martinez lead FIFA World Cup in Goals for the 2026 World Cup Full Tournament?,,,finalized,2026-07-19T22:10:32Z,,,,,,,,,,,,,,2026-07-29T11:46:28Z
KXWCGOALLEADER-26-LDIA,KXWCGOALLEADER-26,,Will Luis Diaz lead FIFA World Cup in Goals for the 2026 World Cup Full Tournament?,,,finalized,2026-07-08T03:29:50Z,,,,,,,,,,,,,,2026-07-29T11:46:28Z
KXWCGOALLEADER-26-KMBA,KXWCGOALLEADER-26,,Will Kylian Mbappe lead FIFA World Cup in Goals for the 2026 World Cup Full Tournament?,Kylian Mbappe,,finalized,2026-07-19T22:10:32Z,,,,,,,,,,,,,,2026-07-29T11:46:28Z
KXWCGOALLEADER-26-JDAV,KXWCGOALLEADER-26,,Will Jonathan David lead FIFA World Cup in Goals for the 2026 World Cup Full Tournament?,,,finalized,2026-07-06T23:43:58Z,,,,,,,,,,,,,,2026-07-29T11:46:28Z
KXWCGOALLEADER-26-JALV,KXWCGOALLEADER-26,,Will Julian Alvarez lead FIFA World Cup in Goals for the 2026 World Cup Full Tournament?,,,finalized,2026-07-19T22:10:32Z,,,,,,,,,,,,,,2026-07-29T11:46:28Z
KXWCGOALLEADER-26-HSON,KXWCGOALLEADER-26,,Will Son Heung-min lead FIFA World Cup in Goals for the 2026 World Cup Full Tournament?,,,finalized,2026-07-06T23:44:04Z,,,,,,,,,,,,,,2026-07-29T11:46:28Z
KXWCGOALLEADER-26-HKAN,KXWCGOALLEADER-26,,Will Harry Kane lead FIFA World Cup in Goals for the 2026 World Cup Full Tournament?,,,finalized,2026-07-18T23:59:53Z,,,,,,,,,,,,,,2026-07-29T11:46:28Z
KXWCGOALLEADER-26-FTOR,KXWCGOALLEADER-26,,Will Ferran Torres lead FIFA World Cup in Goals for the 2026 World Cup Full Tournament?,,,finalized,2026-07-19T22:10:32Z,,,,,,,,,,,,,,2026-07-29T11:46:28Z
KXWCGOALLEADER-26-EHAA,KXWCGOALLEADER-26,,Will Erling Haaland lead FIFA World Cup in Goals for the 2026 World Cup Full Tournament?,,,finalized,2026-07-12T01:59:47Z,,,,,,,,,,,,,,2026-07-29T11:46:28Z
KXWCGOALLEADER-26-DNUN,KXWCGOALLEADER-26,,Will Darwin Nunez lead FIFA World Cup in Goals for the 2026 World Cup Full Tournament?,,,finalized,2026-07-06T23:43:53Z,,,,,,,,,,,,,,2026-07-29T11:46:28Z
KXWCGOALLEADER-26-CRON,KXWCGOALLEADER-26,,Will Cristiano Ronaldo lead FIFA World Cup in Goals for the 2026 World Cup Full Tournament?,,,finalized,2026-07-06T23:27:04Z,,,,,,,,,,,,,,2026-07-29T11:46:28Z
KXWCGOALLEADER-26-CPUL,KXWCGOALLEADER-26,,Will Christian Pulisic lead FIFA World Cup in Goals for the 2026 World Cup Full Tournament?,,,finalized,2026-07-07T02:11:21Z,,,,,,,,,,,,,,2026-07-29T11:46:28Z
KXWCGOALLEADER-26-CGAK,KXWCGOALLEADER-26,,Will Cody Gakpo lead FIFA World Cup in Goals for the 2026 World Cup Full Tournament?,,,finalized,2026-07-06T23:44:08Z,,,,,,,,,,,,,,2026-07-29T11:46:28Z
KXWCGOALLEADER-26-BSAK,KXWCGOALLEADER-26,,Will Bukayo Saka lead FIFA World Cup in Goals for the 2026 World Cup Full Tournament?,,,finalized,2026-07-18T23:59:53Z,,,,,,,,,,,,,,2026-07-29T11:46:28Z
KXWCGOALLEADER-26-BFER,KXWCGOALLEADER-26,,Will Bruno Fernandes lead FIFA World Cup in Goals for the 2026 World Cup Full Tournament?,,,finalized,2026-07-06T23:43:50Z,,,,,,,,,,,,,,2026-07-29T11:46:28Z
KXWCGOALLEADER-26-AMOR,KXWCGOALLEADER-26,,Will Alvaro Morata lead FIFA World Cup in Goals for the 2026 World Cup Full Tournament?,,,finalized,2026-07-06T23:43:29Z,,,,,,,,,,,,,,2026-07-29T11:46:28Z
KXWCGROUPWIN-26L-PAN,KXWCGROUPWIN-26L,,Will Panama finish first in World Cup Group L?,Panama,,finalized,2026-06-25T19:59:05Z,,,,,,,,,,,,,,2026-07-29T11:46:28Z
KXWCGROUPWIN-26L-GHA,KXWCGROUPWIN-26L,,Will Ghana finish first in World Cup Group L?,,,finalized,2026-06-28T03:07:40Z,,,,,,,,,,,,,,2026-07-29T11:46:28Z
KXWCGROUPWIN-26L-ENG,KXWCGROUPWIN-26L,,Will England finish first in World Cup Group L?,,,finalized,2026-06-28T03:07:40Z,,,,,,,,,,,,,,2026-07-29T11:46:28Z
KXWCGROUPWIN-26L-CRO,KXWCGROUPWIN-26L,,Will Croatia finish first in World Cup Group L?,,,finalized,2026-06-28T03:07:40Z,,,,,,,,,,,,,,2026-07-29T11:46:28Z
KXWCGROUPWIN-26K-UZB,KXWCGROUPWIN-26K,,Will Uzbekistan finish first in World Cup Group K?,Uzbekistan,,finalized,2026-06-28T01:56:42Z,,,,,,,,,,,,,,2026-07-29T11:46:28Z
KXWCGROUPWIN-26K-POR,KXWCGROUPWIN-26K,,Will Portugal finish first in World Cup Group K?,,,finalized,2026-06-28T01:56:42Z,,,,,,,,,,,,,,2026-07-29T11:46:28Z
KXWCGROUPWIN-26K-NCL,KXWCGROUPWIN-26K,,Will New Caledonia finish first in World Cup Group K?,,,finalized,2026-05-28T00:30:47Z,,,,,,,,,,,,,,2026-07-29T11:46:28Z
KXWCGROUPWIN-26K-JAM,KXWCGROUPWIN-26K,,Will Jamaica finish first in World Cup Group K?,,,finalized,2026-05-28T00:30:39Z,,,,,,,,,,,,,,2026-07-29T11:46:28Z
KXWCGROUPWIN-26K-COL,KXWCGROUPWIN-26K,,Will Colombia finish first in World Cup Group K?,,,finalized,2026-06-28T01:56:42Z,,,,,,,,,,,,,,2026-07-29T11:46:28Z
KXWCGROUPWIN-26K-COD,KXWCGROUPWIN-26K,,Will Congo DR finish first in World Cup Group K?,,,finalized,2026-06-28T01:56:42Z,,,,,,,,,,,,,,2026-07-29T11:46:28Z
KXWCGROUPWIN-26J-JOR,KXWCGROUPWIN-26J,,Will Jordan finish first in World Cup Group J?,Jordan,,finalized,2026-06-24T15:36:22Z,,,,,,,,,,,,,,2026-07-29T11:46:28Z
KXWCGROUPWIN-26J-DZA,KXWCGROUPWIN-26J,,Will Algeria finish first in World Cup Group J?,,,finalized,2026-06-24T15:36:22Z,,,,,,,,,,,,,,2026-07-29T11:46:28Z
KXWCGROUPWIN-26J-AUT,KXWCGROUPWIN-26J,,Will Austria finish first in World Cup Group J?,,,finalized,2026-06-24T15:36:22Z,,,,,,,,,,,,,,2026-07-29T11:46:28Z
KXWCGROUPWIN-26J-ARG,KXWCGROUPWIN-26J,,Will Argentina finish first in World Cup Group J?,,,finalized,2026-06-24T15:36:22Z,,,,,,,,,,,,,,2026-07-29T11:46:28Z
KXWCGROUPWIN-26I-SEN,KXWCGROUPWIN-26I,,Will Senegal finish first in World Cup Group I?,Senegal,,finalized,2026-06-26T21:20:14Z,,,,,,,,,,,,,,2026-07-29T11:46:28Z
KXWCGROUPWIN-26I-NOR,KXWCGROUPWIN-26I,,Will Norway finish first in World Cup Group I?,,,finalized,2026-06-26T21:20:14Z,,,,,,,,,,,,,,2026-07-29T11:46:28Z
KXWCGROUPWIN-26I-IRQ,KXWCGROUPWIN-26I,,Will Iraq finish first in World Cup Group I?,,,finalized,2026-06-26T21:20:14Z,,,,,,,,,,,,,,2026-07-29T11:46:28Z
KXWCGROUPWIN-26I-FRA,KXWCGROUPWIN-26I,,Will France finish first in World Cup Group I?,,,finalized,2026-06-26T21:20:14Z,,,,,,,,,,,,,,2026-07-29T11:46:28Z
KXWCGROUPWIN-26H-URU,KXWCGROUPWIN-26H,,Will Uruguay finish first in World Cup Group H?,,,finalized,2026-06-27T02:36:04Z,,,,,,,,,,,,,,2026-07-29T11:46:28Z
KXWCGROUPWIN-26H-KSA,KXWCGROUPWIN-26H,,Will Saudi Arabia finish first in World Cup Group H?,Saudi Arabia,,finalized,2026-06-27T02:36:04Z,,,,,,,,,,,,,,2026-07-29T11:46:28Z
KXWCGROUPWIN-26H-ESP,KXWCGROUPWIN-26H,,Will Spain finish first in World Cup Group H?,,,finalized,2026-06-27T02:36:04Z,,,,,,,,,,,,,,2026-07-29T11:46:28Z
KXWCGROUPWIN-26H-CPV,KXWCGROUPWIN-26H,,Will Cape Verde finish first in World Cup Group H?,,,finalized,2026-06-27T02:36:04Z,,,,,,,,,,,,,,2026-07-29T11:46:28Z
KXWCGROUPWIN-26G-NZL,KXWCGROUPWIN-26G,,Will New Zealand finish first in World Cup Group G?,,,finalized,2026-06-27T05:30:53Z,,,,,,,,,,,,,,2026-07-29T11:46:28Z
KXWCGROUPWIN-26G-IRI,KXWCGROUPWIN-26G,,Will IR Iran finish first in World Cup Group G?,IR Iran,,finalized,2026-06-27T05:30:53Z,,,,,,,,,,,,,,2026-07-29T11:46:28Z
KXWCGROUPWIN-26G-EGY,KXWCGROUPWIN-26G,,Will Egypt finish first in World Cup Group G?,,,finalized,2026-06-27T05:30:53Z,,,,,,,,,,,,,,2026-07-29T11:46:28Z
KXWCGROUPWIN-26G-BEL,KXWCGROUPWIN-26G,,Will Belgium finish first in World Cup Group G?,,,finalized,2026-06-27T05:30:53Z,,,,,,,,,,,,,,2026-07-29T11:46:28Z
KXWCGROUPWIN-26F-TUN,KXWCGROUPWIN-26F,,Will Tunisia finish first in World Cup Group F?,,,finalized,2026-06-25T19:57:55Z,,,,,,,,,,,,,,2026-07-29T11:46:28Z
KXWCGROUPWIN-26F-SWE,KXWCGROUPWIN-26F,,Will Sweden finish first in World Cup Group F?,,,finalized,2026-06-26T01:15:32Z,,,,,,,,,,,,,,2026-07-29T11:46:28Z
KXWCGROUPWIN-26F-NED,KXWCGROUPWIN-26F,,Will Netherlands finish first in World Cup Group F?,,,finalized,2026-06-26T01:15:32Z,,,,,,,,,,,,,,2026-07-29T11:46:28Z
KXWCGROUPWIN-26F-JPN,KXWCGROUPWIN-26F,,Will Japan finish first in World Cup Group F?,Japan,,finalized,2026-06-26T01:15:32Z,,,,,,,,,,,,,,2026-07-29T11:46:28Z
KXWCGROUPWIN-26E-GER,KXWCGROUPWIN-26E,,Will Germany finish first in World Cup Group E?,,,finalized,2026-06-21T13:41:42Z,,,,,,,,,,,,,,2026-07-29T11:46:28Z
KXWCGROUPWIN-26E-ECU,KXWCGROUPWIN-26E,,Will Ecuador finish first in World Cup Group E?,,,finalized,2026-06-21T13:41:42Z,,,,,,,,,,,,,,2026-07-29T11:46:28Z
KXWCGROUPWIN-26E-CUW,KXWCGROUPWIN-26E,,Will Curacao finish first in World Cup Group E?,Curacao,,finalized,2026-06-21T13:41:42Z,,,,,,,,,,,,,,2026-07-29T11:46:28Z
KXWCGROUPWIN-26E-CIV,KXWCGROUPWIN-26E,,Will Ivory Coast finish first in World Cup Group E?,,,finalized,2026-06-21T13:41:42Z,,,,,,,,,,,,,,2026-07-29T11:46:28Z
KXWCGROUPWIN-26D-USA,KXWCGROUPWIN-26D,,Will USA finish first in World Cup Group D?,USA,,finalized,2026-06-20T05:10:04Z,,,,,,,,,,,,,,2026-07-29T11:46:28Z
KXWCGROUPWIN-26D-TUR,KXWCGROUPWIN-26D,,Will Turkiye finish first in World Cup Group D?,,,finalized,2026-06-20T05:10:04Z,,,,,,,,,,,,,,2026-07-29T11:46:28Z
KXWCGROUPWIN-26D-PAR,KXWCGROUPWIN-26D,,Will Paraguay finish first in World Cup Group D?,,,finalized,2026-06-20T05:10:04Z,,,,,,,,,,,,,,2026-07-29T11:46:28Z
KXWCGROUPWIN-26D-AUS,KXWCGROUPWIN-26D,,Will Australia finish first in World Cup Group D?,,,finalized,2026-06-20T05:10:04Z,,,,,,,,,,,,,,2026-07-29T11:46:28Z
KXWCGROUPWIN-26C-SCO,KXWCGROUPWIN-26C,,Will Scotland finish first in World Cup Group C?,,,finalized,2026-06-25T14:25:39Z,,,,,,,,,,,,,,2026-07-29T11:46:28Z
KXWCGROUPWIN-26C-MAR,KXWCGROUPWIN-26C,,Will Morocco finish first in World Cup Group C?,,,finalized,2026-06-25T14:25:39Z,,,,,,,,,,,,,,2026-07-29T11:46:28Z
KXWCGROUPWIN-26C-HTI,KXWCGROUPWIN-26C,,Will Haiti finish first in World Cup Group C?,Haiti,,finalized,2026-06-25T14:25:39Z,,,,,,,,,,,,,,2026-07-29T11:46:28Z
KXWCGROUPWIN-26C-BRA,KXWCGROUPWIN-26C,,Will Brazil finish first in World Cup Group C?,,,finalized,2026-06-25T14:25:39Z,,,,,,,,,,,,,,2026-07-29T11:46:28Z
KXWCGROUPWIN-26B-SUI,KXWCGROUPWIN-26B,,Will Switzerland finish first in World Cup Group B?,,,finalized,2026-06-24T21:40:52Z,,,,,,,,,,,,,,2026-07-29T11:46:28Z
KXWCGROUPWIN-26B-QAT,KXWCGROUPWIN-26B,,Will Qatar finish first in World Cup Group B?,,,finalized,2026-06-24T21:40:52Z,,,,,,,,,,,,,,2026-07-29T11:46:28Z
KXWCGROUPWIN-26B-CAN,KXWCGROUPWIN-26B,,Will Canada finish first in World Cup Group B?,Canada,,finalized,2026-06-24T21:40:52Z,,,,,,,,,,,,,,2026-07-29T11:46:28Z
KXWCGROUPWIN-26B-BIH,KXWCGROUPWIN-26B,,Will Bosnia and Herzegovina finish first in World Cup Group B?,,,finalized,2026-06-24T21:40:52Z,,,,,,,,,,,,,,2026-07-29T11:46:28Z
KXWCGROUPWIN-26A-RSA,KXWCGROUPWIN-26A,,Will South Africa finish first in World Cup Group A?,,,finalized,2026-06-19T04:47:15Z,,,,,,,,,,,,,,2026-07-29T11:46:28Z
KXWCGROUPWIN-26A-MEX,KXWCGROUPWIN-26A,,Will Mexico finish first in World Cup Group A?,Mexico,,finalized,2026-06-19T04:47:15Z,,,,,,,,,,,,,,2026-07-29T11:46:28Z
KXWCGROUPWIN-26A-KOR,KXWCGROUPWIN-26A,,Will Korea Republic finish first in World Cup Group A?,,,finalized,2026-06-19T04:47:15Z,,,,,,,,,,,,,,2026-07-29T11:46:28Z
KXWCGROUPWIN-26A-CZE,KXWCGROUPWIN-26A,,Will Czechia finish first in World Cup Group A?,,,finalized,2026-06-19T04:47:15Z,,,,,,,,,,,,,,2026-07-29T11:46:28Z
KXWCFIRSTGOAL-26JUL19ESPARG-ARGMSENES5,KXWCFIRSTGOAL-26JUL19ESPARG,,Marcos Senesi: First Goalscorer,,,finalized,2026-07-19T22:14:42Z,,,,,,,,,,,,,,2026-07-29T11:46:28Z
KXWCFIRSTGOAL-26JUL19ESPARG-ESPMZUBIM36,KXWCFIRSTGOAL-26JUL19ESPARG,,Martin Zubimendi: First Goalscorer,,,finalized,2026-07-19T22:14:42Z,,,,,,,,,,,,,,2026-07-29T11:46:28Z
KXWCFIRSTGOAL-26JUL19ESPARG-ESPEGARCI24,KXWCFIRSTGOAL-26JUL19ESPARG,,Eric Garcia: First Goalscorer,,,finalized,2026-07-19T22:14:41Z,,,,,,,,,,,,,,2026-07-29T11:46:28Z
KXWCFIRSTGOAL-26JUL19ESPARG-ESPNWILLI10,KXWCFIRSTGOAL-26JUL19ESPARG,,Nico Williams: First Goalscorer,,,finalized,2026-07-19T22:14:41Z,,,,,,,,,,,,,,2026-07-29T11:46:28Z
KXWCFIRSTGOAL-26JUL19ESPARG-ESPMMERIN23,KXWCFIRSTGOAL-26JUL19ESPARG,,Mikel Merino: First Goalscorer,,,finalized,2026-07-19T22:14:41Z,,,,,,,,,,,,,,2026-07-29T11:46:28Z
KXWCFIRSTGOAL-26JUL19ESPARG-ARGGSIMEO20,KXWCFIRSTGOAL-26JUL19ESPARG,,Giuliano Simeone: First Goalscorer,,,finalized,2026-07-19T22:14:41Z,,,,,,,,,,,,,,2026-07-29T11:46:28Z
KXWCFIRSTGOAL-26JUL19ESPARG-ARGFMEDIN14,KXWCFIRSTGOAL-26JUL19ESPARG,,Facundo Medina: First Goalscorer,,,finalized,2026-07-19T22:14:41Z,,,,,,,,,,,,,,2026-07-29T11:46:28Z
KXWCFIRSTGOAL-26JUL19ESPARG-ESPPEDR8,KXWCFIRSTGOAL-26JUL19ESPARG,,Pedri: First Goalscorer,,,finalized,2026-07-19T22:14:41Z,,,,,,,,,,,,,,2026-07-29T11:46:28Z
KXWCFIRSTGOAL-26JUL19ESPARG-ESPFTORRE7,KXWCFIRSTGOAL-26JUL19ESPARG,,Ferran Torres: First Goalscorer,,,finalized,2026-07-19T22:14:41Z,,,,,,,,,,,,,,2026-07-29T11:46:28Z
KXWCFIRSTGOAL-26JUL19ESPARG-ARGNMOLIN16,KXWCFIRSTGOAL-26JUL19ESPARG,,Nahuel Molina: First Goalscorer,,,finalized,2026-07-19T22:14:41Z,,,,,,,,,,,,,,2026-07-29T11:46:28Z
KXWCFIRSTGOAL-26JUL19ESPARG-ARGLPARED5,KXWCFIRSTGOAL-26JUL19ESPARG,,Leandro Paredes: First Goalscorer,,,finalized,2026-07-19T22:14:40Z,,,,,,,,,,,,,,2026-07-29T11:46:28Z
KXWCFIRSTGOAL-26JUL19ESPARG-ARGNOTAME30,KXWCFIRSTGOAL-26JUL19ESPARG,,Nicolas Otamendi: First Goalscorer,,,finalized,2026-07-19T22:14:40Z,,,,,,,,,,,,,,2026-07-29T11:46:28Z
KXWCFIRSTGOAL-26JUL19ESPARG-ARGNGONZA11,KXWCFIRSTGOAL-26JUL19ESPARG,,Nico Gonzalez: First Goalscorer,,,finalized,2026-07-19T22:14:40Z,,,,,,,,,,,,,,2026-07-29T11:46:28Z
KXWCFIRSTGOAL-26JUL19ESPARG-ARGRDEPA7,KXWCFIRSTGOAL-26JUL19ESPARG,,Rodrigo De Paul: First Goalscorer,,,finalized,2026-07-19T22:14:40Z,,,,,,,,,,,,,,2026-07-29T11:46:28Z
KXWCFIRSTGOAL-26JUL19ESPARG-ARGNTAGLI3,KXWCFIRSTGOAL-26JUL19ESPARG,,Nicolas Tagliafico: First Goalscorer,,,finalized,2026-07-19T22:14:40Z,,,,,,,,,,,,,,2026-07-29T11:46:28Z
KXWCFIRSTGOAL-26JUL19ESPARG-ARGLMARTI6,KXWCFIRSTGOAL-26JUL19ESPARG,,Lisandro Martinez: First Goalscorer,,,finalized,2026-07-19T22:14:40Z,,,,,,,,,,,,,,2026-07-29T11:46:28Z
KXWCFIRSTGOAL-26JUL19ESPARG-ARGGMONTI4,KXWCFIRSTGOAL-26JUL19ESPARG,,Gonzalo Montiel: First Goalscorer,,,finalized,2026-07-19T22:14:40Z,,,,,,,,,,,,,,2026-07-29T11:46:28Z
KXWCFIRSTGOAL-26JUL19ESPARG-ESPMCUCUR3,KXWCFIRSTGOAL-26JUL19ESPARG,,Marc Cucurella: First Goalscorer,,,finalized,2026-07-19T22:14:39Z,,,,,,,,,,,,,,2026-07-29T11:46:28Z
KXWCFIRSTGOAL-26JUL19ESPARG-ESPFRUIZ8,KXWCFIRSTGOAL-26JUL19ESPARG,,Fabian Ruiz: First Goalscorer,,,finalized,2026-07-19T22:14:39Z,,,,,,,,,,,,,,2026-07-29T11:46:28Z
KXWCFIRSTGOAL-26JUL19ESPARG-ESPDOLMO20,KXWCFIRSTGOAL-26JUL19ESPARG,,Dani Olmo: First Goalscorer,,,finalized,2026-07-19T22:14:39Z,,,,,,,,,,,,,,2026-07-29T11:46:28Z
KXWCFIRSTGOAL-26JUL19ESPARG-ESPRODR16,KXWCFIRSTGOAL-26JUL19ESPARG,,Rodri: First Goalscorer,,,finalized,2026-07-19T22:14:39Z,,,,,,,,,,,,,,2026-07-29T11:46:28Z
KXWCFIRSTGOAL-26JUL19ESPARG-ESPABAENA10,KXWCFIRSTGOAL-26JUL19ESPARG,,Alex Baena: First Goalscorer,,,finalized,2026-07-19T22:14:39Z,,,,,,,,,,,,,,2026-07-29T11:46:28Z
KXWCFIRSTGOAL-26JUL19ESPARG-ESPPPORRO23,KXWCFIRSTGOAL-26JUL19ESPARG,,Pedro Porro: First Goalscorer,,,finalized,2026-07-19T22:14:39Z,,,,,,,,,,,,,,2026-07-29T11:46:28Z
KXWCFIRSTGOAL-26JUL19ESPARG-ESPALAPOR14,KXWCFIRSTGOAL-26JUL19ESPARG,,Aymeric Laporte: First Goalscorer,,,finalized,2026-07-19T22:14:39Z,,,,,,,,,,,,,,2026-07-29T11:46:28Z
KXWCFIRSTGOAL-26JUL19ESPARG-ESPPCUBAR5,KXWCFIRSTGOAL-26JUL19ESPARG,,Pau Cubarsi: First Goalscorer,,,finalized,2026-07-19T22:14:39Z,,,,,,,,,,,,,,2026-07-29T11:46:28Z
KXWCFIRSTGOAL-26JUL18FRAENG-ENGEEZE10,KXWCFIRSTGOAL-26JUL18FRAENG,,Eberechi Eze: First Goalscorer,,,finalized,2026-07-18T23:09:57Z,,,,,,,,,,,,,,2026-07-29T11:46:28Z
KXWCFIRSTGOAL-26JUL18FRAENG-ENGEKONSA4,KXWCFIRSTGOAL-26JUL18FRAENG,,Ezri Konsa: First Goalscorer,,,finalized,2026-07-18T23:09:57Z,,,,,,,,,,,,,,2026-07-29T11:46:28Z
KXWCFIRSTGOAL-26JUL18FRAENG-ENGMGUEHI15,KXWCFIRSTGOAL-26JUL18FRAENG,,Marc Guehi: First Goalscorer,,,finalized,2026-07-18T23:09:57Z,,,,,,,,,,,,,,2026-07-29T11:46:28Z
KXWCFIRSTGOAL-26JUL18FRAENG-ENGDRICE41,KXWCFIRSTGOAL-26JUL18FRAENG,,Declan Rice: First Goalscorer,,,finalized,2026-07-18T23:09:57Z,,,,,,,,,,,,,,2026-07-29T11:46:28Z
KXWCFIRSTGOAL-26JUL18FRAENG-ENGMRASHF14,KXWCFIRSTGOAL-26JUL18FRAENG,,Marcus Rashford: First Goalscorer,,,finalized,2026-07-18T23:09:57Z,,,,,,,,,,,,,,2026-07-29T11:46:28Z
KXWCFIRSTGOAL-26JUL18FRAENG-ENGITONEY17,KXWCFIRSTGOAL-26JUL18FRAENG,,Ivan Toney: First Goalscorer,,,finalized,2026-07-18T23:09:56Z,,,,,,,,,,,,,,2026-07-29T11:46:28Z
KXWCFIRSTGOAL-26JUL18FRAENG-ENGJQUANS4,KXWCFIRSTGOAL-26JUL18FRAENG,,Jarell Quansah: First Goalscorer,,,finalized,2026-07-18T23:09:56Z,,,,,,,,,,,,,,2026-07-29T11:46:28Z
KXWCFIRSTGOAL-26JUL18FRAENG-ENGMROGER27,KXWCFIRSTGOAL-26JUL18FRAENG,,Morgan Rogers: First Goalscorer,,,finalized,2026-07-18T23:09:56Z,,,,,,,,,,,,,,2026-07-29T11:46:28Z
KXWCFIRSTGOAL-26JUL18FRAENG-ENGDSPENC24,KXWCFIRSTGOAL-26JUL18FRAENG,,Djed Spence: First Goalscorer,,,finalized,2026-07-18T23:09:56Z,,,,,,,,,,,,,,2026-07-29T11:46:28Z
KXWCFIRSTGOAL-26JUL18FRAENG-ENGBSAKA7,KXWCFIRSTGOAL-26JUL18FRAENG,,Bukayo Saka: First Goalscorer,,,finalized,2026-07-18T23:09:56Z,,,,,,,,,,,,,,2026-07-29T11:46:28Z
KXWCFIRSTGOAL-26JUL18FRAENG-FRAIKONAT5,KXWCFIRSTGOAL-26JUL18FRAENG,,Ibrahima Konate: First Goalscorer,,,finalized,2026-07-18T23:09:56Z,,,,,,,,,,,,,,2026-07-29T11:46:28Z
KXWCFIRSTGOAL-26JUL18FRAENG-FRATHERNA19,KXWCFIRSTGOAL-26JUL18FRAENG,,Theo Hernandez: First Goalscorer,,,finalized,2026-07-18T23:09:55Z,,,,,,,,,,,,,,2026-07-29T11:46:28Z
KXWCFIRSTGOAL-26JUL18FRAENG-FRAARABIO12,KXWCFIRSTGOAL-26JUL18FRAENG,,Adrien Rabiot: First Goalscorer,,,finalized,2026-07-18T23:09:55Z,,,,,,,,,,,,,,2026-07-29T11:46:28Z
KXWCFIRSTGOAL-26JUL18FRAENG-FRADDOUE14,KXWCFIRSTGOAL-26JUL18FRAENG,,Desire Doue: First Goalscorer,,,finalized,2026-07-18T23:09:55Z,,,,,,,,,,,,,,2026-07-29T11:46:28Z
KXWCFIRSTGOAL-26JUL18FRAENG-FRAWZAIRE33,KXWCFIRSTGOAL-26JUL18FRAENG,,Warren Zaire-Emery: First Goalscorer,,,finalized,2026-07-18T23:09:55Z,,,,,,,,,,,,,,2026-07-29T11:46:28Z
KXWCFIRSTGOAL-26JUL18FRAENG-FRAMGUSTO27,KXWCFIRSTGOAL-26JUL18FRAENG,,Malo Gusto: First Goalscorer,,,finalized,2026-07-18T23:09:55Z,,,,,,,,,,,,,,2026-07-29T11:46:28Z
KXWCFIRSTGOAL-26JUL18FRAENG-FRAMLACRO5,KXWCFIRSTGOAL-26JUL18FRAENG,,Maxence Lacroix: First Goalscorer,,,finalized,2026-07-18T23:09:55Z,,,,,,,,,,,,,,2026-07-29T11:46:28Z
KXWCFIRSTGOAL-26JUL18FRAENG-FRARCHERK10,KXWCFIRSTGOAL-26JUL18FRAENG,,Rayan Cherki: First Goalscorer,,,finalized,2026-07-18T23:09:55Z,,,,,,,,,,,,,,2026-07-29T11:46:28Z
KXWCFIRSTGOAL-26JUL19ESPARG-ARGJALVAR19,KXWCFIRSTGOAL-26JUL19ESPARG,,Julian Alvarez: First Goalscorer,,,finalized,2026-07-19T22:14:38Z,,,,,,,,,,,,,,2026-07-29T11:46:28Z
KXWCFIRSTGOAL-26JUL19ESPARG-ARGEFERNA8,KXWCFIRSTGOAL-26JUL19ESPARG,,Enzo Fernandez: First Goalscorer,,,finalized,2026-07-19T22:14:38Z,,,,,,,,,,,,,,2026-07-29T11:46:28Z
KXWCFIRSTGOAL-26JUL19ESPARG-ARGAMACA10,KXWCFIRSTGOAL-26JUL19ESPARG,,Alexis Mac Allister: First Goalscorer,,,finalized,2026-07-19T22:14:38Z,,,,,,,,,,,,,,2026-07-29T11:46:28Z
KXWCFIRSTGOAL-26JUL19ESPARG-ARGCROMER17,KXWCFIRSTGOAL-26JUL19ESPARG,,Cristian Romero: First Goalscorer,,,finalized,2026-07-19T22:14:38Z,,,,,,,,,,,,,,2026-07-29T11:46:28Z
KXWCFIRSTGOAL-26JUL18FRAENG-NOGOAL,KXWCFIRSTGOAL-26JUL18FRAENG,,No Goal: First Goalscorer,,,finalized,2026-07-18T23:09:54Z,,,,,,,,,,,,,,2026-07-29T11:46:28Z
KXWCFIRSTGOAL-26JUL18FRAENG-FRAODEMBE10,KXWCFIRSTGOAL-26JUL18FRAENG,,Ousmane Dembele: First Goalscorer,,,finalized,2026-07-18T23:09:54Z,,,,,,,,,,,,,,2026-07-29T11:46:28Z
KXWCFIRSTGOAL-26JUL18FRAENG-FRAMOLISE17,KXWCFIRSTGOAL-26JUL18FRAENG,,Michael Olise: First Goalscorer,,,finalized,2026-07-18T23:09:54Z,,,,,,,,,,,,,,2026-07-29T11:46:28Z
KXWCFIRSTGOAL-26JUL18FRAENG-FRAKMBAPP10,KXWCFIRSTGOAL-26JUL18FRAENG,,Kylian Mbappe: First Goalscorer,,,finalized,2026-07-18T23:09:54Z,,,,,,,,,,,,,,2026-07-29T11:46:28Z
KXWCFIRSTGOAL-26JUL18FRAENG-ENGJBELLI5,KXWCFIRSTGOAL-26JUL18FRAENG,,Jude Bellingham: First Goalscorer,,,finalized,2026-07-18T23:09:54Z,,,,,,,,,,,,,,2026-07-29T11:46:28Z
KXWCFIRSTGOAL-26JUL18FRAENG-ENGHKANE9,KXWCFIRSTGOAL-26JUL18FRAENG,,Harry Kane: First Goalscorer,,,finalized,2026-07-19T16:46:39Z,,,,,,,,,,,,,,2026-07-29T11:46:28Z
KXWCFIRSTGOAL-26JUL19ESPARG-NOGOAL,KXWCFIRSTGOAL-26JUL19ESPARG,,No Goal: First Goalscorer,,,finalized,2026-07-19T22:14:37Z,,,,,,,,,,,,,,2026-07-29T11:46:28Z
KXWCFIRSTGOAL-26JUL19ESPARG-ESPMOYARZ10,KXWCFIRSTGOAL-26JUL19ESPARG,,Mikel Oyarzabal: First Goalscorer,,,finalized,2026-07-19T22:14:38Z,,,,,,,,,,,,,,2026-07-29T11:46:28Z
KXWCFIRSTGOAL-26JUL19ESPARG-ESPLYAMAL10,KXWCFIRSTGOAL-26JUL19ESPARG,,Lamine Yamal: First Goalscorer,,,finalized,2026-07-19T22:14:38Z,,,,,,,,,,,,,,2026-07-29T11:46:28Z
KXWCFIRSTGOAL-26JUL19ESPARG-ARGLMESSI10,KXWCFIRSTGOAL-26JUL19ESPARG,,Lionel Messi: First Goalscorer,,,finalized,2026-07-19T22:14:38Z,,,,,,,,,,,,,,2026-07-29T11:46:28Z
KXWCFIRSTGOAL-26JUL15ENGARG-ARGNMOLIN16,KXWCFIRSTGOAL-26JUL15ENGARG,,Nahuel Molina: First Goalscorer,,,finalized,2026-07-15T21:09:54Z,,,,,,,,,,,,,,2026-07-29T11:46:28Z
KXWCFIRSTGOAL-26JUL15ENGARG-ARGCROMER17,KXWCFIRSTGOAL-26JUL15ENGARG,,Cristian Romero: First Goalscorer,,,finalized,2026-07-15T21:09:53Z,,,,,,,,,,,,,,2026-07-29T11:46:28Z
KXWCFIRSTGOAL-26JUL15ENGARG-ARGLMARTI6,KXWCFIRSTGOAL-26JUL15ENGARG,,Lisandro Martinez: First Goalscorer,,,finalized,2026-07-15T21:09:53Z,,,,,,,,,,,,,,2026-07-29T11:46:28Z
KXWCFIRSTGOAL-26JUL15ENGARG-ARGLPARED5,KXWCFIRSTGOAL-26JUL15ENGARG,,Leandro Paredes: First Goalscorer,,,finalized,2026-07-15T21:09:53Z,,,,,,,,,,,,,,2026-07-29T11:46:28Z
KXWCFIRSTGOAL-26JUL15ENGARG-ARGNTAGLI3,KXWCFIRSTGOAL-26JUL15ENGARG,,Nicolas Tagliafico: First Goalscorer,,,finalized,2026-07-15T21:09:53Z,,,,,,,,,,,,,,2026-07-29T11:46:28Z
KXWCFIRSTGOAL-26JUL15ENGARG-ARGGSIMEO20,KXWCFIRSTGOAL-26JUL15ENGARG,,Giuliano Simeone: First Goalscorer,,,finalized,2026-07-15T21:09:53Z,,,,,,,,,,,,,,2026-07-29T11:46:28Z
KXWCFIRSTGOAL-26JUL15ENGARG-ARGEFERNA8,KXWCFIRSTGOAL-26JUL15ENGARG,,Enzo Fernandez: First Goalscorer,,,finalized,2026-07-15T21:09:53Z,,,,,,,,,,,,,,2026-07-29T11:46:28Z
KXWCFIRSTGOAL-26JUL15ENGARG-ARGJALVAR19,KXWCFIRSTGOAL-26JUL15ENGARG,,Julian Alvarez: First Goalscorer,,,finalized,2026-07-15T21:09:53Z,,,,,,,,,,,,,,2026-07-29T11:46:28Z
KXWCFIRSTGOAL-26JUL15ENGARG-ARGAMACA10,KXWCFIRSTGOAL-26JUL15ENGARG,,Alexis Mac Allister: First Goalscorer,,,finalized,2026-07-15T21:09:52Z,,,,,,,,,,,,,,2026-07-29T11:46:28Z
KXWCFIRSTGOAL-26JUL15ENGARG-ENGMGUEHI15,KXWCFIRSTGOAL-26JUL15ENGARG,,Marc Guehi: First Goalscorer,,,finalized,2026-07-15T21:09:52Z,,,,,,,,,,,,,,2026-07-29T11:46:28Z
KXWCFIRSTGOAL-26JUL15ENGARG-ENGDRICE41,KXWCFIRSTGOAL-26JUL15ENGARG,,Declan Rice: First Goalscorer,,,finalized,2026-07-15T21:09:52Z,,,,,,,,,,,,,,2026-07-29T11:46:28Z
KXWCFIRSTGOAL-26JUL15ENGARG-ENGJSTONE5,KXWCFIRSTGOAL-26JUL15ENGARG,,John Stones: First Goalscorer,,,finalized,2026-07-15T21:09:52Z,,,,,,,,,,,,,,2026-07-29T11:46:28Z
KXWCFIRSTGOAL-26JUL15ENGARG-ENGEANDER8,KXWCFIRSTGOAL-26JUL15ENGARG,,Elliot Anderson: First Goalscorer,,,finalized,2026-07-15T21:09:52Z,,,,,,,,,,,,,,2026-07-29T11:46:28Z
KXWCFIRSTGOAL-26JUL15ENGARG-ENGMROGER27,KXWCFIRSTGOAL-26JUL15ENGARG,,Morgan Rogers: First Goalscorer,,,finalized,2026-07-15T21:09:52Z,,,,,,,,,,,,,,2026-07-29T11:46:28Z
KXWCFIRSTGOAL-26JUL15ENGARG-ENGDSPENC24,KXWCFIRSTGOAL-26JUL15ENGARG,,Djed Spence: First Goalscorer,,,finalized,2026-07-15T21:09:52Z,,,,,,,,,,,,,,2026-07-29T11:46:28Z
KXWCFIRSTGOAL-26JUL15ENGARG-ENGAGORDO10,KXWCFIRSTGOAL-26JUL15ENGARG,,Anthony Gordon: First Goalscorer,,,finalized,2026-07-15T21:09:51Z,,,,,,,,,,,,,,2026-07-29T11:46:28Z
KXWCFIRSTGOAL-26JUL15ENGARG-ENGRJAMES24,KXWCFIRSTGOAL-26JUL15ENGARG,,Reece James: First Goalscorer,,,finalized,2026-07-15T21:09:51Z,,,,,,,,,,,,,,2026-07-29T11:46:28Z
KXWCFIRSTGOAL-26JUL14FRAESP-FRABBARCO29,KXWCFIRSTGOAL-26JUL14FRAESP,,Bradley Barcola: First Goalscorer,,,finalized,2026-07-14T19:51:40Z,,,,,,,,,,,,,,2026-07-29T11:46:28Z
KXWCFIRSTGOAL-26JUL14FRAESP-FRAARABIO12,KXWCFIRSTGOAL-26JUL14FRAESP,,Adrien Rabiot: First Goalscorer,,,finalized,2026-07-14T19:51:40Z,,,,,,,,,,,,,,2026-07-29T11:46:28Z
KXWCFIRSTGOAL-26JUL14FRAESP-FRAATCHOU14,KXWCFIRSTGOAL-26JUL14FRAESP,,Aurelien Tchouameni: First Goalscorer,,,finalized,2026-07-14T19:51:40Z,,,,,,,,,,,,,,2026-07-29T11:46:28Z
KXWCFIRSTGOAL-26JUL14FRAESP-FRALDIGNE12,KXWCFIRSTGOAL-26JUL14FRAESP,,Lucas Digne: First Goalscorer,,,finalized,2026-07-14T19:51:40Z,,,,,,,,,,,,,,2026-07-29T11:46:28Z
KXWCFIRSTGOAL-26JUL14FRAESP-FRAWSALIB2,KXWCFIRSTGOAL-26JUL14FRAESP,,William Saliba: First Goalscorer,,,finalized,2026-07-14T19:51:40Z,,,,,,,,,,,,,,2026-07-29T11:46:28Z
KXWCFIRSTGOAL-26JUL14FRAESP-FRADUPAME2,KXWCFIRSTGOAL-26JUL14FRAESP,,Dayot Upamecano: First Goalscorer,,,finalized,2026-07-14T19:51:40Z,,,,,,,,,,,,,,2026-07-29T11:46:28Z
KXWCFIRSTGOAL-26JUL14FRAESP-FRAJKOUND23,KXWCFIRSTGOAL-26JUL14FRAESP,,Jules Kounde: First Goalscorer,,,finalized,2026-07-14T19:51:40Z,,,,,,,,,,,,,,2026-07-29T11:46:28Z
KXWCFIRSTGOAL-26JUL14FRAESP-ESPMCUCUR3,KXWCFIRSTGOAL-26JUL14FRAESP,,Marc Cucurella: First Goalscorer,,,finalized,2026-07-14T19:51:40Z,,,,,,,,,,,,,,2026-07-29T11:46:28Z
KXWCFIRSTGOAL-26JUL14FRAESP-ESPFRUIZ8,KXWCFIRSTGOAL-26JUL14FRAESP,,Fabian Ruiz: First Goalscorer,,,finalized,2026-07-14T19:51:40Z,,,,,,,,,,,,,,2026-07-29T11:46:28Z
KXWCFIRSTGOAL-26JUL14FRAESP-ESPDOLMO20,KXWCFIRSTGOAL-26JUL14FRAESP,,Dani Olmo: First Goalscorer,,,finalized,2026-07-14T19:51:40Z,,,,,,,,,,,,,,2026-07-29T11:46:28Z
KXWCFIRSTGOAL-26JUL14FRAESP-ESPRODR16,KXWCFIRSTGOAL-26JUL14FRAESP,,Rodri: First Goalscorer,,,finalized,2026-07-14T19:51:40Z,,,,,,,,,,,,,,2026-07-29T11:46:28Z
KXWCFIRSTGOAL-26JUL14FRAESP-ESPABAENA10,KXWCFIRSTGOAL-26JUL14FRAESP,,Alex Baena: First Goalscorer,,,finalized,2026-07-14T19:51:40Z,,,,,,,,,,,,,,2026-07-29T11:46:28Z
KXWCFIRSTGOAL-26JUL14FRAESP-ESPPPORRO23,KXWCFIRSTGOAL-26JUL14FRAESP,,Pedro Porro: First Goalscorer,,,finalized,2026-07-14T19:51:40Z,,,,,,,,,,,,,,2026-07-29T11:46:28Z
KXWCFIRSTGOAL-26JUL14FRAESP-ESPALAPOR14,KXWCFIRSTGOAL-26JUL14FRAESP,,Aymeric Laporte: First Goalscorer,,,finalized,2026-07-14T19:51:40Z,,,,,,,,,,,,,,2026-07-29T11:46:28Z
KXWCFIRSTGOAL-26JUL14FRAESP-ESPPCUBAR5,KXWCFIRSTGOAL-26JUL14FRAESP,,Pau Cubarsi: First Goalscorer,,,finalized,2026-07-14T19:51:40Z,,,,,,,,,,,,,,2026-07-29T11:46:28Z
KXWCFIRSTGOAL-26JUL15ENGARG-ENGJBELLI5,KXWCFIRSTGOAL-26JUL15ENGARG,,Jude Bellingham: First Goalscorer,,,finalized,2026-07-15T21:09:51Z,,,,,,,,,,,,,,2026-07-29T11:46:28Z
KXWCFIRSTGOAL-26JUL14FRAESP-FRAODEMBE10,KXWCFIRSTGOAL-26JUL14FRAESP,,Ousmane Dembele: First Goalscorer,,,finalized,2026-07-14T19:51:40Z,,,,,,,,,,,,,,2026-07-29T11:46:28Z
KXWCFIRSTGOAL-26JUL14FRAESP-FRAMOLISE17,KXWCFIRSTGOAL-26JUL14FRAESP,,Michael Olise: First Goalscorer,,,finalized,2026-07-14T19:51:40Z,,,,,,,,,,,,,,2026-07-29T11:46:28Z
KXWCFIRSTGOAL-26JUL14FRAESP-ESPMOYARZ10,KXWCFIRSTGOAL-26JUL14FRAESP,,Mikel Oyarzabal: First Goalscorer,,,finalized,2026-07-14T19:50:18Z,,,,,,,,,,,,,,2026-07-29T11:46:28Z
KXWCFIRSTGOAL-26JUL15ENGARG-NOGOAL,KXWCFIRSTGOAL-26JUL15ENGARG,,No Goal: First Goalscorer,,,finalized,2026-07-15T21:09:51Z,,,,,,,,,,,,,,2026-07-29T11:46:28Z
KXWCFIRSTGOAL-26JUL15ENGARG-ENGHKANE9,KXWCFIRSTGOAL-26JUL15ENGARG,,Harry Kane: First Goalscorer,,,finalized,2026-07-15T21:09:51Z,,,,,,,,,,,,,,2026-07-29T11:46:28Z
KXWCFIRSTGOAL-26JUL15ENGARG-ARGLMESSI10,KXWCFIRSTGOAL-26JUL15ENGARG,,Lionel Messi: First Goalscorer,,,finalized,2026-07-15T21:09:51Z,,,,,,,,,,,,,,2026-07-29T11:46:28Z
KXWCFIRSTGOAL-26JUL11ARGSUI-SUIDZAKAR6,KXWCFIRSTGOAL-26JUL11ARGSUI,,Denis Zakaria: First Goalscorer,,,finalized,2026-07-12T04:04:31Z,,,,,,,,,,,,,,2026-07-29T11:46:28Z
KXWCFIRSTGOAL-26JUL11ARGSUI-SUIMAKANJ25,KXWCFIRSTGOAL-26JUL11ARGSUI,,Manuel Akanji: First Goalscorer,,,finalized,2026-07-12T04:04:31Z,,,,,,,,,,,,,,2026-07-29T11:46:28Z
KXWCFIRSTGOAL-26JUL11ARGSUI-SUIDSOW20,KXWCFIRSTGOAL-26JUL11ARGSUI,,Djibril Sow: First Goalscorer,,,finalized,2026-07-12T04:04:31Z,,,,,,,,,,,,,,2026-07-29T11:46:28Z
KXWCFIRSTGOAL-26JUL11ARGSUI-SUINELVED30,KXWCFIRSTGOAL-26JUL11ARGSUI,,Nico Elvedi: First Goalscorer,,,finalized,2026-07-12T04:04:31Z,,,,,,,,,,,,,,2026-07-29T11:46:28Z
KXWCFIRSTGOAL-26JUL11ARGSUI-SUIGXHAKA34,KXWCFIRSTGOAL-26JUL11ARGSUI,,Granit Xhaka: First Goalscorer,,,finalized,2026-07-12T04:04:31Z,,,,,,,,,,,,,,2026-07-29T11:46:28Z
KXWCFIRSTGOAL-26JUL11ARGSUI-SUIRFREUL8,KXWCFIRSTGOAL-26JUL11ARGSUI,,Remo Freuler: First Goalscorer,,,finalized,2026-07-12T04:04:31Z,,,,,,,,,,,,,,2026-07-29T11:46:28Z
KXWCFIRSTGOAL-26JUL11ARGSUI-SUIRRODRI12,KXWCFIRSTGOAL-26JUL11ARGSUI,,Ricardo Rodriguez: First Goalscorer,,,finalized,2026-07-12T04:04:31Z,,,,,,,,,,,,,,2026-07-29T11:46:28Z
KXWCFIRSTGOAL-26JUL11ARGSUI-SUIBEMBOL7,KXWCFIRSTGOAL-26JUL11ARGSUI,,Breel Embolo: First Goalscorer,,,finalized,2026-07-12T04:04:30Z,,,,,,,,,,,,,,2026-07-29T11:46:28Z
KXWCFIRSTGOAL-26JUL11ARGSUI-SUIDNDOYE14,KXWCFIRSTGOAL-26JUL11ARGSUI,,Dan Ndoye: First Goalscorer,,,finalized,2026-07-12T04:04:30Z,,,,,,,,,,,,,,2026-07-29T11:46:28Z
KXWCFIRSTGOAL-26JUL11ARGSUI-SUIFRIEDE32,KXWCFIRSTGOAL-26JUL11ARGSUI,,Fabian Rieder: First Goalscorer,,,finalized,2026-07-12T04:04:30Z,,,,,,,,,,,,,,2026-07-29T11:46:28Z
KXWCFIRSTGOAL-26JUL11ARGSUI-ARGCROMER17,KXWCFIRSTGOAL-26JUL11ARGSUI,,Cristian Romero: First Goalscorer,,,finalized,2026-07-12T04:04:30Z,,,,,,,,,,,,,,2026-07-29T11:46:28Z
KXWCFIRSTGOAL-26JUL11ARGSUI-ARGLPARED5,KXWCFIRSTGOAL-26JUL11ARGSUI,,Leandro Paredes: First Goalscorer,,,finalized,2026-07-12T04:04:30Z,,,,,,,,,,,,,,2026-07-29T11:46:28Z
KXWCFIRSTGOAL-26JUL11ARGSUI-ARGRDEPA7,KXWCFIRSTGOAL-26JUL11ARGSUI,,Rodrigo De Paul: First Goalscorer,,,finalized,2026-07-12T04:04:30Z,,,,,,,,,,,,,,2026-07-29T11:46:28Z
KXWCFIRSTGOAL-26JUL11ARGSUI-ARGNTAGLI3,KXWCFIRSTGOAL-26JUL11ARGSUI,,Nicolas Tagliafico: First Goalscorer,,,finalized,2026-07-12T04:04:30Z,,,,,,,,,,,,,,2026-07-29T11:46:28Z
KXWCFIRSTGOAL-26JUL11ARGSUI-ARGNMOLIN16,KXWCFIRSTGOAL-26JUL11ARGSUI,,Nahuel Molina: First Goalscorer,,,finalized,2026-07-12T04:04:29Z,,,,,,,,,,,,,,2026-07-29T11:46:28Z
KXWCFIRSTGOAL-26JUL11ARGSUI-ARGEFERNA8,KXWCFIRSTGOAL-26JUL11ARGSUI,,Enzo Fernandez: First Goalscorer,,,finalized,2026-07-12T04:04:29Z,,,,,,,,,,,,,,2026-07-29T11:46:28Z
KXWCFIRSTGOAL-26JUL11ARGSUI-ARGJALVAR19,KXWCFIRSTGOAL-26JUL11ARGSUI,,Julian Alvarez: First Goalscorer,,,finalized,2026-07-12T04:04:29Z,,,,,,,,,,,,,,2026-07-29T11:46:28Z
KXWCFIRSTGOAL-26JUL11ARGSUI-ARGAMACA10,KXWCFIRSTGOAL-26JUL11ARGSUI,,Alexis Mac Allister: First Goalscorer,,,finalized,2026-07-12T04:04:29Z,,,,,,,,,,,,,,2026-07-29T11:46:28Z
KXWCFIRSTGOAL-26JUL11ARGSUI-ARGLMARTI6,KXWCFIRSTGOAL-26JUL11ARGSUI,,Lisandro Martinez: First Goalscorer,,,finalized,2026-07-12T04:04:29Z,,,,,,,,,,,,,,2026-07-29T11:46:28Z
KXWCFIRSTGOAL-26JUL11NORENG-ENGEKONSA4,KXWCFIRSTGOAL-26JUL11NORENG,,Ezri Konsa: First Goalscorer,,,finalized,2026-07-11T22:10:41Z,,,,,,,,,,,,,,2026-07-29T11:46:28Z
KXWCFIRSTGOAL-26JUL11NORENG-ENGMGUEHI15,KXWCFIRSTGOAL-26JUL11NORENG,,Marc Guehi: First Goalscorer,,,finalized,2026-07-11T22:10:41Z,,,,,,,,,,,,,,2026-07-29T11:46:28Z
KXWCFIRSTGOAL-26JUL11NORENG-ENGDRICE41,KXWCFIRSTGOAL-26JUL11NORENG,,Declan Rice: First Goalscorer,,,finalized,2026-07-11T22:10:41Z,,,,,,,,,,,,,,2026-07-29T11:46:28Z
KXWCFIRSTGOAL-26JUL11NORENG-ENGJSTONE5,KXWCFIRSTGOAL-26JUL11NORENG,,John Stones: First Goalscorer,,,finalized,2026-07-11T22:10:41Z,,,,,,,,,,,,,,2026-07-29T11:46:28Z
KXWCFIRSTGOAL-26JUL11NORENG-ENGNOREI33,KXWCFIRSTGOAL-26JUL11NORENG,,Nico O'Reilly: First Goalscorer,,,finalized,2026-07-11T22:10:41Z,,,,,,,,,,,,,,2026-07-29T11:46:28Z
KXWCFIRSTGOAL-26JUL11NORENG-ENGJBELLI5,KXWCFIRSTGOAL-26JUL11NORENG,,Jude Bellingham: First Goalscorer,,,finalized,2026-07-11T22:10:40Z,,,,,,,,,,,,,,2026-07-29T11:46:28Z
KXWCFIRSTGOAL-26JUL11NORENG-ENGEANDER8,KXWCFIRSTGOAL-26JUL11NORENG,,Elliot Anderson: First Goalscorer,,,finalized,2026-07-11T22:10:41Z,,,,,,,,,,,,,,2026-07-29T11:46:28Z
KXWCFIRSTGOAL-26JUL11NORENG-ENGAGORDO10,KXWCFIRSTGOAL-26JUL11NORENG,,Anthony Gordon: First Goalscorer,,,finalized,2026-07-11T22:10:41Z,,,,,,,,,,,,,,2026-07-29T11:46:28Z
KXWCFIRSTGOAL-26JUL11NORENG-ENGNMADUE20,KXWCFIRSTGOAL-26JUL11NORENG,,Noni Madueke: First Goalscorer,,,finalized,2026-07-11T22:10:41Z,,,,,,,,,,,,,,2026-07-29T11:46:28Z
KXWCFIRSTGOAL-26JUL11NORENG-NORTHEGGE14,KXWCFIRSTGOAL-26JUL11NORENG,,Torbjorn Heggem: First Goalscorer,,,finalized,2026-07-11T22:10:41Z,,,,,,,,,,,,,,2026-07-29T11:46:28Z
KXWCFIRSTGOAL-26JUL11NORENG-NORJRYERS26,KXWCFIRSTGOAL-26JUL11NORENG,,Julian Ryerson: First Goalscorer,,,finalized,2026-07-11T22:10:40Z,,,,,,,,,,,,,,2026-07-29T11:46:28Z
KXWCFIRSTGOAL-26JUL11NORENG-NORSBERGE16,KXWCFIRSTGOAL-26JUL11NORENG,,Sander Berge: First Goalscorer,,,finalized,2026-07-11T22:10:41Z,,,,,,,,,,,,,,2026-07-29T11:46:28Z
KXWCFIRSTGOAL-26JUL11NORENG-NORMODEGA8,KXWCFIRSTGOAL-26JUL11NORENG,,Martin Odegaard: First Goalscorer,,,finalized,2026-07-11T22:10:41Z,,,,,,,,,,,,,,2026-07-29T11:46:28Z
KXWCFIRSTGOAL-26JUL11NORENG-NORPBERG7,KXWCFIRSTGOAL-26JUL11NORENG,,Patrick Berg: First Goalscorer,,,finalized,2026-07-11T22:10:41Z,,,,,,,,,,,,,,2026-07-29T11:46:28Z
KXWCFIRSTGOAL-26JUL11NORENG-NORASORLO9,KXWCFIRSTGOAL-26JUL11NORENG,,Alexander Sorloth: First Goalscorer,,,finalized,2026-07-11T22:10:41Z,,,,,,,,,,,,,,2026-07-29T11:46:28Z
KXWCFIRSTGOAL-26JUL11NORENG-NORKAJER20,KXWCFIRSTGOAL-26JUL11NORENG,,Kristoffer Ajer: First Goalscorer,,,finalized,2026-07-11T22:10:41Z,,,,,,,,,,,,,,2026-07-29T11:46:28Z
KXWCFIRSTGOAL-26JUL11NORENG-NORASCHJE21,KXWCFIRSTGOAL-26JUL11NORENG,,Andreas Schjelderup: First Goalscorer,,,finalized,2026-07-11T22:10:34Z,,,,,,,,,,,,,,2026-07-29T11:46:28Z
KXWCFIRSTGOAL-26JUL11NORENG-NORDWOLFE6,KXWCFIRSTGOAL-26JUL11NORENG,,David Moller Wolfe: First Goalscorer,,,finalized,2026-07-11T22:10:41Z,,,,,,,,,,,,,,2026-07-29T11:46:28Z
KXWCFIRSTGOAL-26JUL14FRAESP-NOGOAL,KXWCFIRSTGOAL-26JUL14FRAESP,,No Goal: First Goalscorer,,,finalized,2026-07-14T19:51:40Z,,,,,,,,,,,,,,2026-07-29T11:46:28Z
KXWCFIRSTGOAL-26JUL14FRAESP-FRAKMBAPP10,KXWCFIRSTGOAL-26JUL14FRAESP,,Kylian Mbappe: First Goalscorer,,,finalized,2026-07-14T19:51:40Z,,,,,,,,,,,,,,2026-07-29T11:46:28Z
KXWCFIRSTGOAL-26JUL14FRAESP-ESPLYAMAL10,KXWCFIRSTGOAL-26JUL14FRAESP,,Lamine Yamal: First Goalscorer,,,finalized,2026-07-14T19:51:40Z,,,,,,,,,,,,,,2026-07-29T11:46:28Z
KXWCFIRSTGOAL-26JUL10ESPBEL-BELCDEKE17,KXWCFIRSTGOAL-26JUL10ESPBEL,,Charles De Ketelaere: First Goalscorer,,,finalized,2026-07-10T21:30:00Z,,,,,,,,,,,,,,2026-07-29T11:46:28Z
KXWCFIRSTGOAL-26JUL10ESPBEL-BELJDOKU11,KXWCFIRSTGOAL-26JUL10ESPBEL,,Jeremy Doku: First Goalscorer,,,finalized,2026-07-10T21:30:00Z,,,,,,,,,,,,,,2026-07-29T11:46:28Z
KXWCFIRSTGOAL-26JUL10ESPBEL-BELKDEBR11,KXWCFIRSTGOAL-26JUL10ESPBEL,,Kevin De Bruyne: First Goalscorer,,,finalized,2026-07-10T21:29:59Z,,,,,,,,,,,,,,2026-07-29T11:46:28Z
KXWCFIRSTGOAL-26JUL10ESPBEL-BELLTROSS19,KXWCFIRSTGOAL-26JUL10ESPBEL,,Leandro Trossard: First Goalscorer,,,finalized,2026-07-10T21:29:59Z,,,,,,,,,,,,,,2026-07-29T11:46:28Z
KXWCFIRSTGOAL-26JUL10ESPBEL-BELNRASKI43,KXWCFIRSTGOAL-26JUL10ESPBEL,,Nicolas Raskin: First Goalscorer,,,finalized,2026-07-10T21:29:59Z,,,,,,,,,,,,,,2026-07-29T11:46:28Z
KXWCFIRSTGOAL-26JUL10ESPBEL-BELYTIELE8,KXWCFIRSTGOAL-26JUL10ESPBEL,,Youri Tielemans: First Goalscorer,,,finalized,2026-07-10T21:32:33Z,,,,,,,,,,,,,,2026-07-29T11:46:28Z
KXWCFIRSTGOAL-26JUL10ESPBEL-BELMDECU29,KXWCFIRSTGOAL-26JUL10ESPBEL,,Maxime De Cuyper: First Goalscorer,,,finalized,2026-07-10T21:29:59Z,,,,,,,,,,,,,,2026-07-29T11:46:28Z
KXWCFIRSTGOAL-26JUL10ESPBEL-BELBMECHE44,KXWCFIRSTGOAL-26JUL10ESPBEL,,Brandon Mechele: First Goalscorer,,,finalized,2026-07-10T21:29:59Z,,,,,,,,,,,,,,2026-07-29T11:46:28Z
KXWCFIRSTGOAL-26JUL10ESPBEL-BELNNGOY3,KXWCFIRSTGOAL-26JUL10ESPBEL,,Nathan Ngoy: First Goalscorer,,,finalized,2026-07-10T21:29:59Z,,,,,,,,,,,,,,2026-07-29T11:46:28Z
KXWCFIRSTGOAL-26JUL10ESPBEL-BELTCASTA21,KXWCFIRSTGOAL-26JUL10ESPBEL,,Timothy Castagne: First Goalscorer,,,finalized,2026-07-10T21:29:59Z,,,,,,,,,,,,,,2026-07-29T11:46:28Z
KXWCFIRSTGOAL-26JUL10ESPBEL-ESPMOYARZ10,KXWCFIRSTGOAL-26JUL10ESPBEL,,Mikel Oyarzabal: First Goalscorer,,,finalized,2026-07-10T21:29:58Z,,,,,,,,,,,,,,2026-07-29T11:46:28Z
KXWCFIRSTGOAL-26JUL10ESPBEL-ESPABAENA10,KXWCFIRSTGOAL-26JUL10ESPBEL,,Alex Baena: First Goalscorer,,,finalized,2026-07-10T21:29:58Z,,,,,,,,,,,,,,2026-07-29T11:46:28Z
KXWCFIRSTGOAL-26JUL10ESPBEL-ESPDOLMO20,KXWCFIRSTGOAL-26JUL10ESPBEL,,Dani Olmo: First Goalscorer,,,finalized,2026-07-10T21:29:58Z,,,,,,,,,,,,,,2026-07-29T11:46:28Z
KXWCFIRSTGOAL-26JUL10ESPBEL-ESPFRUIZ8,KXWCFIRSTGOAL-26JUL10ESPBEL,,Fabian Ruiz: First Goalscorer,,,finalized,2026-07-10T21:29:58Z,,,,,,,,,,,,,,2026-07-29T11:46:28Z
KXWCFIRSTGOAL-26JUL10ESPBEL-ESPRODR16,KXWCFIRSTGOAL-26JUL10ESPBEL,,Rodri: First Goalscorer,,,finalized,2026-07-10T21:29:57Z,,,,,,,,,,,,,,2026-07-29T11:46:28Z
KXWCFIRSTGOAL-26JUL10ESPBEL-ESPMCUCUR3,KXWCFIRSTGOAL-26JUL10ESPBEL,,Marc Cucurella: First Goalscorer,,,finalized,2026-07-10T21:29:57Z,,,,,,,,,,,,,,2026-07-29T11:46:28Z
KXWCFIRSTGOAL-26JUL10ESPBEL-ESPALAPOR14,KXWCFIRSTGOAL-26JUL10ESPBEL,,Aymeric Laporte: First Goalscorer,,,finalized,2026-07-10T21:29:57Z,,,,,,,,,,,,,,2026-07-29T11:46:28Z
KXWCFIRSTGOAL-26JUL10ESPBEL-ESPPCUBAR5,KXWCFIRSTGOAL-26JUL10ESPBEL,,Pau Cubarsi: First Goalscorer,,,finalized,2026-07-10T21:29:56Z,,,,,,,,,,,,,,2026-07-29T11:46:28Z
KXWCFIRSTGOAL-26JUL10ESPBEL-ESPPPORRO23,KXWCFIRSTGOAL-26JUL10ESPBEL,,Pedro Porro: First Goalscorer,,,finalized,2026-07-10T21:29:56Z,,,,,,,,,,,,,,2026-07-29T11:46:28Z
KXWCFIRSTGOAL-26JUL09FRAMAR-MARCTALBI7,KXWCFIRSTGOAL-26JUL09FRAMAR,,Chemsdine Talbi: First Goalscorer,,,finalized,2026-07-09T21:32:35Z,,,,,,,,,,,,,,2026-07-29T11:46:28Z
KXWCFIRSTGOAL-26JUL09FRAMAR-MARBELKH11,KXWCFIRSTGOAL-26JUL09FRAMAR,,Bilal El Khannouss: First Goalscorer,,,finalized,2026-07-09T21:32:34Z,,,,,,,,,,,,,,2026-07-29T11:46:28Z
KXWCFIRSTGOAL-26JUL09FRAMAR-MARAOUNAH18,KXWCFIRSTGOAL-26JUL09FRAMAR,,Azzedine Ounahi: First Goalscorer,,,finalized,2026-07-09T21:32:34Z,,,,,,,,,,,,,,2026-07-29T11:46:28Z
KXWCFIRSTGOAL-26JUL09FRAMAR-MARBDIAZ21,KXWCFIRSTGOAL-26JUL09FRAMAR,,Brahim Diaz: First Goalscorer,,,finalized,2026-07-09T21:32:35Z,,,,,,,,,,,,,,2026-07-29T11:46:28Z
KXWCFIRSTGOAL-26JUL09FRAMAR-MARNELAY8,KXWCFIRSTGOAL-26JUL09FRAMAR,,Neil El Aynaoui: First Goalscorer,,,finalized,2026-07-09T21:32:35Z,,,,,,,,,,,,,,2026-07-29T11:46:28Z
KXWCFIRSTGOAL-26JUL09FRAMAR-MARABOUAD32,KXWCFIRSTGOAL-26JUL09FRAMAR,,Ayyoub Bouaddi: First Goalscorer,,,finalized,2026-07-09T21:32:35Z,,,,,,,,,,,,,,2026-07-29T11:46:28Z
KXWCFIRSTGOAL-26JUL09FRAMAR-MARASALAH34,KXWCFIRSTGOAL-26JUL09FRAMAR,,Anass Salah-Eddine: First Goalscorer,,,finalized,2026-07-09T21:32:34Z,,,,,,,,,,,,,,2026-07-29T11:46:28Z
KXWCFIRSTGOAL-26JUL09FRAMAR-MARNMAZRA3,KXWCFIRSTGOAL-26JUL09FRAMAR,,Noussair Mazraoui: First Goalscorer,,,finalized,2026-07-09T21:32:34Z,,,,,,,,,,,,,,2026-07-29T11:46:28Z
KXWCFIRSTGOAL-26JUL09FRAMAR-MARIDIOP31,KXWCFIRSTGOAL-26JUL09FRAMAR,,Issa Diop: First Goalscorer,,,finalized,2026-07-09T21:32:35Z,,,,,,,,,,,,,,2026-07-29T11:46:28Z
KXWCFIRSTGOAL-26JUL09FRAMAR-MARAHAKIM2,KXWCFIRSTGOAL-26JUL09FRAMAR,,Achraf Hakimi: First Goalscorer,,,finalized,2026-07-09T21:32:34Z,,,,,,,,,,,,,,2026-07-29T11:46:28Z
KXWCFIRSTGOAL-26JUL09FRAMAR-FRAARABIO12,KXWCFIRSTGOAL-26JUL09FRAMAR,,Adrien Rabiot: First Goalscorer,,,finalized,2026-07-09T21:32:34Z,,,,,,,,,,,,,,2026-07-29T11:46:28Z
KXWCFIRSTGOAL-26JUL09FRAMAR-FRAODEMBE10,KXWCFIRSTGOAL-26JUL09FRAMAR,,Ousmane Dembele: First Goalscorer,,,finalized,2026-07-09T21:32:34Z,,,,,,,,,,,,,,2026-07-29T11:46:28Z
KXWCFIRSTGOAL-26JUL09FRAMAR-FRADUPAME2,KXWCFIRSTGOAL-26JUL09FRAMAR,,Dayot Upamecano: First Goalscorer,,,finalized,2026-07-09T21:32:34Z,,,,,,,,,,,,,,2026-07-29T11:46:28Z
KXWCFIRSTGOAL-26JUL09FRAMAR-FRAJKOUND23,KXWCFIRSTGOAL-26JUL09FRAMAR,,Jules Kounde: First Goalscorer,,,finalized,2026-07-09T21:32:34Z,,,,,,,,,,,,,,2026-07-29T11:46:28Z
KXWCFIRSTGOAL-26JUL09FRAMAR-FRAWSALIB2,KXWCFIRSTGOAL-26JUL09FRAMAR,,William Saliba: First Goalscorer,,,finalized,2026-07-09T21:32:34Z,,,,,,,,,,,,,,2026-07-29T11:46:28Z
KXWCFIRSTGOAL-26JUL09FRAMAR-FRAMKONE17,KXWCFIRSTGOAL-26JUL09FRAMAR,,Manu Kone: First Goalscorer,,,finalized,2026-07-09T21:32:34Z,,,,,,,,,,,,,,2026-07-29T11:46:28Z
KXWCFIRSTGOAL-26JUL09FRAMAR-FRALDIGNE12,KXWCFIRSTGOAL-26JUL09FRAMAR,,Lucas Digne: First Goalscorer,,,finalized,2026-07-09T21:32:34Z,,,,,,,,,,,,,,2026-07-29T11:46:28Z
KXWCFIRSTGOAL-26JUL09FRAMAR-FRADDOUE14,KXWCFIRSTGOAL-26JUL09FRAMAR,,Desire Doue: First Goalscorer,,,finalized,2026-07-09T21:32:34Z,,,,,,,,,,,,,,2026-07-29T11:46:28Z
KXWCFIRSTGOAL-26JUL09FRAMAR-FRAMOLISE17,KXWCFIRSTGOAL-26JUL09FRAMAR,,Michael Olise: First Goalscorer,,,finalized,2026-07-09T21:32:34Z,,,,,,,,,,,,,,2026-07-29T11:46:28Z
KXWCFIRSTGOAL-26JUL10ESPBEL-NOGOAL,KXWCFIRSTGOAL-26JUL10ESPBEL,,No Goal: First Goalscorer,,,finalized,2026-07-10T21:29:56Z,,,,,,,,,,,,,,2026-07-29T11:46:28Z
KXWCFIRSTGOAL-26JUL10ESPBEL-ESPLYAMAL10,KXWCFIRSTGOAL-26JUL10ESPBEL,,Lamine Yamal: First Goalscorer,,,finalized,2026-07-10T21:29:56Z,,,,,,,,,,,,,,2026-07-29T11:46:28Z
KXWCFIRSTGOAL-26JUL11ARGSUI-NOGOAL,KXWCFIRSTGOAL-26JUL11ARGSUI,,No Goal: First Goalscorer,,,finalized,2026-07-12T04:04:29Z,,,,,,,,,,,,,,2026-07-29T11:46:28Z
KXWCFIRSTGOAL-26JUL11ARGSUI-ARGLMESSI10,KXWCFIRSTGOAL-26JUL11ARGSUI,,Lionel Messi: First Goalscorer,,,finalized,2026-07-12T04:04:29Z,,,,,,,,,,,,,,2026-07-29T11:46:28Z
KXWCFIRSTGOAL-26JUL11NORENG-NOREHAALA9,KXWCFIRSTGOAL-26JUL11NORENG,,Erling Haaland: First Goalscorer,,,finalized,2026-07-11T22:10:41Z,,,,,,,,,,,,,,2026-07-29T11:46:28Z
KXWCFIRSTGOAL-26JUL11NORENG-NOGOAL,KXWCFIRSTGOAL-26JUL11NORENG,,No Goal: First Goalscorer,,,finalized,2026-07-11T22:10:41Z,,,,,,,,,,,,,,2026-07-29T11:46:28Z
KXWCFIRSTGOAL-26JUL11NORENG-ENGHKANE9,KXWCFIRSTGOAL-26JUL11NORENG,,Harry Kane: First Goalscorer,,,finalized,2026-07-11T22:10:41Z,,,,,,,,,,,,,,2026-07-29T11:46:28Z
KXWCFIRSTGOAL-26JUL09FRAMAR-NOGOAL,KXWCFIRSTGOAL-26JUL09FRAMAR,,No Goal: First Goalscorer,,,finalized,2026-07-09T21:32:34Z,,,,,,,,,,,,,,2026-07-29T11:46:28Z
KXWCFIRSTGOAL-26JUL09FRAMAR-FRAKMBAPP10,KXWCFIRSTGOAL-26JUL09FRAMAR,,Kylian Mbappe: First Goalscorer,,,finalized,2026-07-09T21:32:29Z,,,,,,,,,,,,,,2026-07-29T11:46:28Z
KXWCFIRSTGOAL-26JUL07SUICOL-COLYMINA26,KXWCFIRSTGOAL-26JUL07SUICOL,,Yerry Mina: First Goalscorer,,,finalized,2026-07-08T00:21:45Z,,,,,,,,,,,,,,2026-07-29T11:46:28Z
KXWCFIRSTGOAL-26JUL07SUICOL-SUIZAMDOU25,KXWCFIRSTGOAL-26JUL07SUICOL,,Zeki Amdouni: First Goalscorer,,,finalized,2026-07-08T00:21:45Z,,,,,,,,,,,,,,2026-07-29T11:46:28Z
KXWCFIRSTGOAL-26JUL07SUICOL-SUIRVARGA11,KXWCFIRSTGOAL-26JUL07SUICOL,,Ruben Vargas: First Goalscorer,,,finalized,2026-07-08T00:21:47Z,,,,,,,,,,,,,,2026-07-29T11:46:28Z
KXWCFIRSTGOAL-26JUL07SUICOL-SUICITTEN26,KXWCFIRSTGOAL-26JUL07SUICOL,,Cedric Itten: First Goalscorer,,,finalized,2026-07-08T00:21:47Z,,,,,,,,,,,,,,2026-07-29T11:46:28Z
KXWCFIRSTGOAL-26JUL07SUICOL-SUISWIDME30,KXWCFIRSTGOAL-26JUL07SUICOL,,Silvan Widmer: First Goalscorer,,,finalized,2026-07-08T00:21:45Z,,,,,,,,,,,,,,2026-07-29T11:46:28Z
KXWCFIRSTGOAL-26JUL07SUICOL-COLRRIOS20,KXWCFIRSTGOAL-26JUL07SUICOL,,Richard Rios: First Goalscorer,,,finalized,2026-07-08T00:21:47Z,,,,,,,,,,,,,,2026-07-29T11:46:28Z
KXWCFIRSTGOAL-26JUL07SUICOL-COLCHERNA19,KXWCFIRSTGOAL-26JUL07SUICOL,,Cucho Hernandez: First Goalscorer,,,finalized,2026-07-08T00:21:47Z,,,,,,,,,,,,,,2026-07-29T11:46:28Z
KXWCFIRSTGOAL-26JUL07SUICOL-SUIMMUHEI28,KXWCFIRSTGOAL-26JUL07SUICOL,,Miro Muheim: First Goalscorer,,,finalized,2026-07-08T00:21:47Z,,,,,,,,,,,,,,2026-07-29T11:46:28Z
KXWCFIRSTGOAL-26JUL07SUICOL-COLJCAMPA21,KXWCFIRSTGOAL-26JUL07SUICOL,,Jaminton Campaz: First Goalscorer,,,finalized,2026-07-08T00:21:47Z,,,,,,,,,,,,,,2026-07-29T11:46:28Z
KXWCFIRSTGOAL-26JUL07SUICOL-COLJQUINT20,KXWCFIRSTGOAL-26JUL07SUICOL,,Juan Quintero: First Goalscorer,,,finalized,2026-07-08T00:21:45Z,,,,,,,,,,,,,,2026-07-29T11:46:28Z
KXWCFIRSTGOAL-26JUL07SUICOL-SUIDSOW20,KXWCFIRSTGOAL-26JUL07SUICOL,,Djibril Sow: First Goalscorer,,,finalized,2026-07-08T00:21:47Z,,,,,,,,,,,,,,2026-07-29T11:46:28Z
KXWCFIRSTGOAL-26JUL07SUICOL-SUIRRODRI12,KXWCFIRSTGOAL-26JUL07SUICOL,,Ricardo Rodriguez: First Goalscorer,,,finalized,2026-07-08T00:21:45Z,,,,,,,,,,,,,,2026-07-29T11:46:28Z
KXWCFIRSTGOAL-26JUL07SUICOL-SUIRFREUL8,KXWCFIRSTGOAL-26JUL07SUICOL,,Remo Freuler: First Goalscorer,,,finalized,2026-07-08T00:21:45Z,,,,,,,,,,,,,,2026-07-29T11:46:28Z
KXWCFIRSTGOAL-26JUL07SUICOL-SUINELVED30,KXWCFIRSTGOAL-26JUL07SUICOL,,Nico Elvedi: First Goalscorer,,,finalized,2026-07-08T00:21:45Z,,,,,,,,,,,,,,2026-07-29T11:46:28Z
KXWCFIRSTGOAL-26JUL07SUICOL-SUIMAKANJ25,KXWCFIRSTGOAL-26JUL07SUICOL,,Manuel Akanji: First Goalscorer,,,finalized,2026-07-08T00:21:45Z,,,,,,,,,,,,,,2026-07-29T11:46:28Z
KXWCFIRSTGOAL-26JUL07SUICOL-SUIGXHAKA34,KXWCFIRSTGOAL-26JUL07SUICOL,,Granit Xhaka: First Goalscorer,,,finalized,2026-07-08T00:21:45Z,,,,,,,,,,,,,,2026-07-29T11:46:28Z
KXWCFIRSTGOAL-26JUL07SUICOL-SUIFRIEDE32,KXWCFIRSTGOAL-26JUL07SUICOL,,Fabian Rieder: First Goalscorer,,,finalized,2026-07-08T00:21:45Z,,,,,,,,,,,,,,2026-07-29T11:46:28Z
KXWCFIRSTGOAL-26JUL07SUICOL-SUIDZAKAR6,KXWCFIRSTGOAL-26JUL07SUICOL,,Denis Zakaria: First Goalscorer,,,finalized,2026-07-08T00:21:45Z,,,,,,,,,,,,,,2026-07-29T11:46:28Z
KXWCFIRSTGOAL-26JUL07SUICOL-SUIDNDOYE14,KXWCFIRSTGOAL-26JUL07SUICOL,,Dan Ndoye: First Goalscorer,,,finalized,2026-07-08T00:21:45Z,,,,,,,,,,,,,,2026-07-29T11:46:28Z
KXWCFIRSTGOAL-26JUL07SUICOL-SUIBEMBOL7,KXWCFIRSTGOAL-26JUL07SUICOL,,Breel Embolo: First Goalscorer,,,finalized,2026-07-08T00:21:45Z,,,,,,,,,,,,,,2026-07-29T11:46:28Z
KXWCFIRSTGOAL-26JUL07SUICOL-SUIAJASHA30,KXWCFIRSTGOAL-26JUL07SUICOL,,Ardon Jashari: First Goalscorer,,,finalized,2026-07-08T00:21:45Z,,,,,,,,,,,,,,2026-07-29T11:46:28Z
KXWCFIRSTGOAL-26JUL07SUICOL-NOGOAL,KXWCFIRSTGOAL-26JUL07SUICOL,,No Goal: First Goalscorer,,,finalized,2026-07-08T00:21:35Z,,,,,,,,,,,,,,2026-07-29T11:46:28Z
KXWCFIRSTGOAL-26JUL07SUICOL-COLLSUARE97,KXWCFIRSTGOAL-26JUL07SUICOL,,Luis Suarez: First Goalscorer,,,finalized,2026-07-08T00:21:47Z,,,,,,,,,,,,,,2026-07-29T11:46:28Z
KXWCFIRSTGOAL-26JUL07SUICOL-COLLDIAZ14,KXWCFIRSTGOAL-26JUL07SUICOL,,Luis Diaz: First Goalscorer,,,finalized,2026-07-08T00:21:47Z,,,,,,,,,,,,,,2026-07-29T11:46:28Z
KXWCFIRSTGOAL-26JUL07SUICOL-COLJRODRI10,KXWCFIRSTGOAL-26JUL07SUICOL,,James Rodriguez: First Goalscorer,,,finalized,2026-07-08T00:21:45Z,,,,,,,,,,,,,,2026-07-29T11:46:28Z
KXWCFIRSTGOAL-26JUL07SUICOL-COLJMOJIC22,KXWCFIRSTGOAL-26JUL07SUICOL,,Johan Mojica: First Goalscorer,,,finalized,2026-07-08T00:21:45Z,,,,,,,,,,,,,,2026-07-29T11:46:28Z
KXWCFIRSTGOAL-26JUL07SUICOL-COLJLUCUM26,KXWCFIRSTGOAL-26JUL07SUICOL,,Jhon Lucumi: First Goalscorer,,,finalized,2026-07-08T00:21:47Z,,,,,,,,,,,,,,2026-07-29T11:46:28Z
KXWCFIRSTGOAL-26JUL07SUICOL-COLJLERMA8,KXWCFIRSTGOAL-26JUL07SUICOL,,Jefferson Lerma: First Goalscorer,,,finalized,2026-07-08T00:21:47Z,,,,,,,,,,,,,,2026-07-29T11:46:28Z
KXWCFIRSTGOAL-26JUL07SUICOL-COLJARIAS11,KXWCFIRSTGOAL-26JUL07SUICOL,,Jhon Arias: First Goalscorer,,,finalized,2026-07-08T00:21:47Z,,,,,,,,,,,,,,2026-07-29T11:46:28Z
KXWCFIRSTGOAL-26JUL07SUICOL-COLGPUERT14,KXWCFIRSTGOAL-26JUL07SUICOL,,Gustavo Puerta: First Goalscorer,,,finalized,2026-07-08T00:21:45Z,,,,,,,,,,,,,,2026-07-29T11:46:28Z
KXWCFIRSTGOAL-26JUL07SUICOL-COLDSANCH6,KXWCFIRSTGOAL-26JUL07SUICOL,,Davinson Sanchez: First Goalscorer,,,finalized,2026-07-08T00:21:45Z,,,,,,,,,,,,,,2026-07-29T11:46:28Z
KXWCFIRSTGOAL-26JUL07SUICOL-COLDMUNOZ2,KXWCFIRSTGOAL-26JUL07SUICOL,,Daniel Munoz: First Goalscorer,,,finalized,2026-07-08T00:21:45Z,,,,,,,,,,,,,,2026-07-29T11:46:28Z
KXWCFIRSTGOAL-26JUL07ARGEGY-EGYKHAFEZ15,KXWCFIRSTGOAL-26JUL07ARGEGY,,Karim Hafez: First Goalscorer,,,finalized,2026-07-07T18:09:51Z,,,,,,,,,,,,,,2026-07-29T11:46:28Z
KXWCFIRSTGOAL-26JUL07ARGEGY-EGYYELHA2,KXWCFIRSTGOAL-26JUL07ARGEGY,,Yasser El Hanafi: First Goalscorer,,,finalized,2026-07-07T18:09:51Z,,,,,,,,,,,,,,2026-07-29T11:46:28Z
KXWCFIRSTGOAL-26JUL07ARGEGY-EGYRRABIA5,KXWCFIRSTGOAL-26JUL07ARGEGY,,Rami Rabia: First Goalscorer,,,finalized,2026-07-07T18:09:51Z,,,,,,,,,,,,,,2026-07-29T11:46:28Z
KXWCFIRSTGOAL-26JUL07ARGEGY-EGYMSALAH11,KXWCFIRSTGOAL-26JUL07ARGEGY,,Mohamed Salah: First Goalscorer,,,finalized,2026-07-07T18:09:51Z,,,,,,,,,,,,,,2026-07-29T11:46:28Z
KXWCFIRSTGOAL-26JUL07ARGEGY-EGYMZAKI11,KXWCFIRSTGOAL-26JUL07ARGEGY,,Mostafa Mohamed Zaki Abdelraouf: First Goalscorer,,,finalized,2026-07-07T18:09:51Z,,,,,,,,,,,,,,2026-07-29T11:46:28Z
KXWCFIRSTGOAL-26JUL07ARGEGY-EGYMHANY3,KXWCFIRSTGOAL-26JUL07ARGEGY,,Mohamed Hany: First Goalscorer,,,finalized,2026-07-07T18:09:50Z,,,,,,,,,,,,,,2026-07-29T11:46:28Z
KXWCFIRSTGOAL-26JUL07ARGEGY-EGYEASHOU8,KXWCFIRSTGOAL-26JUL07ARGEGY,,Eman Ashour: First Goalscorer,,,finalized,2026-07-07T18:09:50Z,,,,,,,,,,,,,,2026-07-29T11:46:28Z
KXWCFIRSTGOAL-26JUL07ARGEGY-EGYHHASSA10,KXWCFIRSTGOAL-26JUL07ARGEGY,,Haissem Hassan: First Goalscorer,,,finalized,2026-07-07T18:09:50Z,,,,,,,,,,,,,,2026-07-29T11:46:28Z
KXWCFIRSTGOAL-26JUL07ARGEGY-EGYMLASHE17,KXWCFIRSTGOAL-26JUL07ARGEGY,,Mohanad Lasheen: First Goalscorer,,,finalized,2026-07-07T18:09:50Z,,,,,,,,,,,,,,2026-07-29T11:46:28Z
KXWCFIRSTGOAL-26JUL07ARGEGY-EGYMATTIA19,KXWCFIRSTGOAL-26JUL07ARGEGY,,Marwan Attia: First Goalscorer,,,finalized,2026-07-07T18:09:50Z,,,,,,,,,,,,,,2026-07-29T11:46:28Z
KXWCFIRSTGOAL-26JUL07ARGEGY-NOGOAL,KXWCFIRSTGOAL-26JUL07ARGEGY,,No Goal: First Goalscorer,,,finalized,2026-07-07T18:09:48Z,,,,,,,,,,,,,,2026-07-29T11:46:28Z
KXWCFIRSTGOAL-26JUL07ARGEGY-ARGRDEPA7,KXWCFIRSTGOAL-26JUL07ARGEGY,,Rodrigo De Paul: First Goalscorer,,,finalized,2026-07-07T18:09:49Z,,,,,,,,,,,,,,2026-07-29T11:46:28Z
KXWCFIRSTGOAL-26JUL07ARGEGY-ARGNTAGLI3,KXWCFIRSTGOAL-26JUL07ARGEGY,,Nicolas Tagliafico: First Goalscorer,,,finalized,2026-07-07T18:09:50Z,,,,,,,,,,,,,,2026-07-29T11:46:28Z
KXWCFIRSTGOAL-26JUL07ARGEGY-ARGNMOLIN16,KXWCFIRSTGOAL-26JUL07ARGEGY,,Nahuel Molina: First Goalscorer,,,finalized,2026-07-07T18:09:49Z,,,,,,,,,,,,,,2026-07-29T11:46:28Z
KXWCFIRSTGOAL-26JUL07ARGEGY-ARGLPARED5,KXWCFIRSTGOAL-26JUL07ARGEGY,,Leandro Paredes: First Goalscorer,,,finalized,2026-07-07T18:09:49Z,,,,,,,,,,,,,,2026-07-29T11:46:28Z
KXWCFIRSTGOAL-26JUL07ARGEGY-ARGLMESSI10,KXWCFIRSTGOAL-26JUL07ARGEGY,,Lionel Messi: First Goalscorer,,,finalized,2026-07-07T18:09:49Z,,,,,,,,,,,,,,2026-07-29T11:46:28Z
KXWCFIRSTGOAL-26JUL07ARGEGY-ARGLMARTI6,KXWCFIRSTGOAL-26JUL07ARGEGY,,Lisandro Martinez: First Goalscorer,,,finalized,2026-07-07T18:09:49Z,,,,,,,,,,,,,,2026-07-29T11:46:28Z
KXWCFIRSTGOAL-26JUL07ARGEGY-ARGJALVAR19,KXWCFIRSTGOAL-26JUL07ARGEGY,,Julian Alvarez: First Goalscorer,,,finalized,2026-07-07T18:09:48Z,,,,,,,,,,,,,,2026-07-29T11:46:28Z
KXWCFIRSTGOAL-26JUL07ARGEGY-ARGEFERNA8,KXWCFIRSTGOAL-26JUL07ARGEGY,,Enzo Fernandez: First Goalscorer,,,finalized,2026-07-07T18:09:48Z,,,,,,,,,,,,,,2026-07-29T11:46:28Z
KXWCFIRSTGOAL-26JUL07ARGEGY-ARGCROMER17,KXWCFIRSTGOAL-26JUL07ARGEGY,,Cristian Romero: First Goalscorer,,,finalized,2026-07-07T18:09:49Z,,,,,,,,,,,,,,2026-07-29T11:46:28Z
KXWCFIRSTGOAL-26JUL07ARGEGY-ARGAMACA10,KXWCFIRSTGOAL-26JUL07ARGEGY,,Alexis Mac Allister: First Goalscorer,,,finalized,2026-07-07T18:09:49Z,,,,,,,,,,,,,,2026-07-29T11:46:28Z
KXWCFIRSTGOAL-26JUL06USABEL-USAWMCKEN22,KXWCFIRSTGOAL-26JUL06USABEL,,Weston McKennie: First Goalscorer,,,finalized,2026-07-07T00:18:52Z,,,,,,,,,,,,,,2026-07-29T11:46:28Z
KXWCFIRSTGOAL-26JUL06USABEL-USATREAM3,KXWCFIRSTGOAL-26JUL06USABEL,,Tim Ream: First Goalscorer,,,finalized,2026-07-07T00:18:52Z,,,,,,,,,,,,,,2026-07-29T11:46:28Z
KXWCFIRSTGOAL-26JUL06USABEL-USATADAMS12,KXWCFIRSTGOAL-26JUL06USABEL,,Tyler Adams: First Goalscorer,,,finalized,2026-07-07T00:18:52Z,,,,,,,,,,,,,,2026-07-29T11:46:28Z
KXWCFIRSTGOAL-26JUL06USABEL-USASDEST8,KXWCFIRSTGOAL-26JUL06USABEL,,Sergino Dest: First Goalscorer,,,finalized,2026-07-07T00:18:52Z,,,,,,,,,,,,,,2026-07-29T11:46:28Z
KXWCFIRSTGOAL-26JUL06USABEL-USAMTILLM10,KXWCFIRSTGOAL-26JUL06USABEL,,Malik Tillman: First Goalscorer,,,finalized,2026-07-07T00:18:52Z,,,,,,,,,,,,,,2026-07-29T11:46:28Z
KXWCFIRSTGOAL-26JUL06USABEL-USAFBALOG9,KXWCFIRSTGOAL-26JUL06USABEL,,Folarin Balogun: First Goalscorer,,,finalized,2026-07-07T00:18:52Z,,,,,,,,,,,,,,2026-07-29T11:46:28Z
KXWCFIRSTGOAL-26JUL06USABEL-USACRICHA26,KXWCFIRSTGOAL-26JUL06USABEL,,Chris Richards: First Goalscorer,,,finalized,2026-07-07T00:18:52Z,,,,,,,,,,,,,,2026-07-29T11:46:28Z
KXWCFIRSTGOAL-26JUL06USABEL-USACPULIS11,KXWCFIRSTGOAL-26JUL06USABEL,,Christian Pulisic: First Goalscorer,,,finalized,2026-07-07T00:18:52Z,,,,,,,,,,,,,,2026-07-29T11:46:28Z
KXWCFIRSTGOAL-26JUL06USABEL-USAAROBIN33,KXWCFIRSTGOAL-26JUL06USABEL,,Antonee Robinson: First Goalscorer,,,finalized,2026-07-07T00:18:52Z,,,,,,,,,,,,,,2026-07-29T11:46:28Z
KXWCFIRSTGOAL-26JUL06USABEL-USAAFREEM3,KXWCFIRSTGOAL-26JUL06USABEL,,Alex Freeman: First Goalscorer,,,finalized,2026-07-07T00:18:52Z,,,,,,,,,,,,,,2026-07-29T11:46:28Z
KXWCFIRSTGOAL-26JUL06USABEL-NOGOAL,KXWCFIRSTGOAL-26JUL06USABEL,,No Goal: First Goalscorer,,,finalized,2026-07-07T00:18:52Z,,,,,,,,,,,,,,2026-07-29T11:46:28Z
KXWCFIRSTGOAL-26JUL06USABEL-BELYTIELE8,KXWCFIRSTGOAL-26JUL06USABEL,,Youri Tielemans: First Goalscorer,,,finalized,2026-07-07T00:18:52Z,,,,,,,,,,,,,,2026-07-29T11:46:28Z
KXWCFIRSTGOAL-26JUL06USABEL-BELTCASTA21,KXWCFIRSTGOAL-26JUL06USABEL,,Timothy Castagne: First Goalscorer,,,finalized,2026-07-07T00:18:52Z,,,,,,,,,,,,,,2026-07-29T11:46:28Z
KXWCFIRSTGOAL-26JUL06USABEL-BELNRASKI43,KXWCFIRSTGOAL-26JUL06USABEL,,Nicolas Raskin: First Goalscorer,,,finalized,2026-07-07T00:18:53Z,,,,,,,,,,,,,,2026-07-29T11:46:28Z
KXWCFIRSTGOAL-26JUL06USABEL-BELNNGOY3,KXWCFIRSTGOAL-26JUL06USABEL,,Nathan Ngoy: First Goalscorer,,,finalized,2026-07-07T00:18:52Z,,,,,,,,,,,,,,2026-07-29T11:46:28Z
KXWCFIRSTGOAL-26JUL06USABEL-BELMDECU29,KXWCFIRSTGOAL-26JUL06USABEL,,Maxime De Cuyper: First Goalscorer,,,finalized,2026-07-07T00:18:52Z,,,,,,,,,,,,,,2026-07-29T11:46:28Z
KXWCFIRSTGOAL-26JUL06USABEL-BELLTROSS19,KXWCFIRSTGOAL-26JUL06USABEL,,Leandro Trossard: First Goalscorer,,,finalized,2026-07-07T00:18:52Z,,,,,,,,,,,,,,2026-07-29T11:46:28Z
KXWCFIRSTGOAL-26JUL06USABEL-BELDLUKEB11,KXWCFIRSTGOAL-26JUL06USABEL,,Dodi Lukebakio: First Goalscorer,,,finalized,2026-07-07T00:18:52Z,,,,,,,,,,,,,,2026-07-29T11:46:28Z
KXWCFIRSTGOAL-26JUL06USABEL-BELCDEKE17,KXWCFIRSTGOAL-26JUL06USABEL,,Charles De Ketelaere: First Goalscorer,,,finalized,2026-07-07T00:18:45Z,,,,,,,,,,,,,,2026-07-29T11:46:28Z
KXWCFIRSTGOAL-26JUL06USABEL-BELBMECHE44,KXWCFIRSTGOAL-26JUL06USABEL,,Brandon Mechele: First Goalscorer,,,finalized,2026-07-07T00:18:52Z,,,,,,,,,,,,,,2026-07-29T11:46:28Z
KXWCFIRSTGOAL-26JUL06USABEL-BELAONANA24,KXWCFIRSTGOAL-26JUL06USABEL,,Amadou Onana: First Goalscorer,,,finalized,2026-07-07T00:18:53Z,,,,,,,,,,,,,,2026-07-29T11:46:28Z
KXWCFIRSTGOAL-26JUL06PORESP-ESPFRUIZ8,KXWCFIRSTGOAL-26JUL06PORESP,,Fabian Ruiz: First Goalscorer,,,finalized,2026-07-06T21:10:42Z,,,,,,,,,,,,,,2026-07-29T11:46:28Z
KXWCFIRSTGOAL-26JUL06PORESP-ESPMMERIN23,KXWCFIRSTGOAL-26JUL06PORESP,,Mikel Merino: First Goalscorer,,,finalized,2026-07-06T21:10:41Z,,,,,,,,,,,,,,2026-07-29T11:46:28Z
KXWCFIRSTGOAL-26JUL06PORESP-PORFCONCE7,KXWCFIRSTGOAL-26JUL06PORESP,,Francisco Conceicao: First Goalscorer,,,finalized,2026-07-06T21:10:41Z,,,,,,,,,,,,,,2026-07-29T11:46:28Z
KXWCFIRSTGOAL-26JUL06PORESP-PORBSILVA20,KXWCFIRSTGOAL-26JUL06PORESP,,Bernardo Silva: First Goalscorer,,,finalized,2026-07-06T21:10:41Z,,,,,,,,,,,,,,2026-07-29T11:46:28Z
KXWCFIRSTGOAL-26JUL06PORESP-ESPFTORRE7,KXWCFIRSTGOAL-26JUL06PORESP,,Ferran Torres: First Goalscorer,,,finalized,2026-07-06T21:10:41Z,,,,,,,,,,,,,,2026-07-29T11:46:28Z
KXWCFIRSTGOAL-26JUL06PORESP-PORRLEAO10,KXWCFIRSTGOAL-26JUL06PORESP,,Rafael Leao: First Goalscorer,,,finalized,2026-07-06T21:10:41Z,,,,,,,,,,,,,,2026-07-29T11:46:28Z
KXWCFIRSTGOAL-26JUL06PORESP-PORDDALOT2,KXWCFIRSTGOAL-26JUL06PORESP,,Diogo Dalot: First Goalscorer,,,finalized,2026-07-06T21:10:40Z,,,,,,,,,,,,,,2026-07-29T11:46:28Z
KXWCFIRSTGOAL-26JUL06PORESP-PORNSEMED27,KXWCFIRSTGOAL-26JUL06PORESP,,Nelson Semedo: First Goalscorer,,,finalized,2026-07-06T21:10:40Z,,,,,,,,,,,,,,2026-07-29T11:46:28Z
KXWCFIRSTGOAL-26JUL06PORESP-PORVITI17,KXWCFIRSTGOAL-26JUL06PORESP,,Vitinha: First Goalscorer,,,finalized,2026-07-06T21:10:38Z,,,,,,,,,,,,,,2026-07-29T11:46:28Z
KXWCFIRSTGOAL-26JUL06PORESP-PORRVEIGA12,KXWCFIRSTGOAL-26JUL06PORESP,,Renato Veiga: First Goalscorer,,,finalized,2026-07-06T21:10:37Z,,,,,,,,,,,,,,2026-07-29T11:46:28Z
KXWCFIRSTGOAL-26JUL06PORESP-PORRDIAS3,KXWCFIRSTGOAL-26JUL06PORESP,,Ruben Dias: First Goalscorer,,,finalized,2026-07-06T21:10:38Z,,,,,,,,,,,,,,2026-07-29T11:46:28Z
KXWCFIRSTGOAL-26JUL06PORESP-PORPNETO7,KXWCFIRSTGOAL-26JUL06PORESP,,Pedro Neto: First Goalscorer,,,finalized,2026-07-06T21:10:37Z,,,,,,,,,,,,,,2026-07-29T11:46:28Z
KXWCFIRSTGOAL-26JUL06PORESP-PORNMENDE25,KXWCFIRSTGOAL-26JUL06PORESP,,Nuno Mendes: First Goalscorer,,,finalized,2026-07-06T21:10:37Z,,,,,,,,,,,,,,2026-07-29T11:46:28Z
KXWCFIRSTGOAL-26JUL06PORESP-PORJNEVES87,KXWCFIRSTGOAL-26JUL06PORESP,,Joao Neves: First Goalscorer,,,finalized,2026-07-06T21:10:37Z,,,,,,,,,,,,,,2026-07-29T11:46:28Z
KXWCFIRSTGOAL-26JUL06PORESP-PORJFELIX79,KXWCFIRSTGOAL-26JUL06PORESP,,Joao Felix: First Goalscorer,,,finalized,2026-07-06T21:10:38Z,,,,,,,,,,,,,,2026-07-29T11:46:28Z
KXWCFIRSTGOAL-26JUL06PORESP-PORJCANCE20,KXWCFIRSTGOAL-26JUL06PORESP,,Joao Cancelo: First Goalscorer,,,finalized,2026-07-06T21:10:38Z,,,,,,,,,,,,,,2026-07-29T11:46:28Z
KXWCFIRSTGOAL-26JUL06PORESP-PORCRIS7,KXWCFIRSTGOAL-26JUL06PORESP,,Cristiano Ronaldo: First Goalscorer,,,finalized,2026-07-06T21:10:38Z,,,,,,,,,,,,,,2026-07-29T11:46:28Z
KXWCFIRSTGOAL-26JUL06PORESP-PORBFERNA8,KXWCFIRSTGOAL-26JUL06PORESP,,Bruno Fernandes: First Goalscorer,,,finalized,2026-07-06T21:10:38Z,,,,,,,,,,,,,,2026-07-29T11:46:28Z
KXWCFIRSTGOAL-26JUL06PORESP-NOGOAL,KXWCFIRSTGOAL-26JUL06PORESP,,No Goal: First Goalscorer,,,finalized,2026-07-06T21:10:37Z,,,,,,,,,,,,,,2026-07-29T11:46:28Z
KXWCFIRSTGOAL-26JUL06PORESP-ESPRODR16,KXWCFIRSTGOAL-26JUL06PORESP,,Rodri: First Goalscorer,,,finalized,2026-07-06T21:10:40Z,,,,,,,,,,,,,,2026-07-29T11:46:28Z
KXWCFIRSTGOAL-26JUL06PORESP-ESPPPORRO23,KXWCFIRSTGOAL-26JUL06PORESP,,Pedro Porro: First Goalscorer,,,finalized,2026-07-06T21:10:39Z,,,,,,,,,,,,,,2026-07-29T11:46:28Z
KXWCFIRSTGOAL-26JUL06PORESP-ESPPEDR8,KXWCFIRSTGOAL-26JUL06PORESP,,Pedri: First Goalscorer,,,finalized,2026-07-06T21:10:39Z,,,,,,,,,,,,,,2026-07-29T11:46:28Z
KXWCFIRSTGOAL-26JUL06PORESP-ESPPCUBAR5,KXWCFIRSTGOAL-26JUL06PORESP,,Pau Cubarsi: First Goalscorer,,,finalized,2026-07-06T21:10:39Z,,,,,,,,,,,,,,2026-07-29T11:46:28Z
KXWCFIRSTGOAL-26JUL06PORESP-ESPMOYARZ10,KXWCFIRSTGOAL-26JUL06PORESP,,Mikel Oyarzabal: First Goalscorer,,,finalized,2026-07-06T21:10:40Z,,,,,,,,,,,,,,2026-07-29T11:46:28Z
KXWCFIRSTGOAL-26JUL06PORESP-ESPMCUCUR3,KXWCFIRSTGOAL-26JUL06PORESP,,Marc Cucurella: First Goalscorer,,,finalized,2026-07-06T21:10:39Z,,,,,,,,,,,,,,2026-07-29T11:46:28Z
KXWCFIRSTGOAL-26JUL06PORESP-ESPLYAMAL10,KXWCFIRSTGOAL-26JUL06PORESP,,Lamine Yamal: First Goalscorer,,,finalized,2026-07-06T21:10:39Z,,,,,,,,,,,,,,2026-07-29T11:46:28Z
KXWCFIRSTGOAL-26JUL06PORESP-ESPDOLMO20,KXWCFIRSTGOAL-26JUL06PORESP,,Dani Olmo: First Goalscorer,,,finalized,2026-07-06T21:10:40Z,,,,,,,,,,,,,,2026-07-29T11:46:28Z
KXWCFIRSTGOAL-26JUL06PORESP-ESPALAPOR14,KXWCFIRSTGOAL-26JUL06PORESP,,Aymeric Laporte: First Goalscorer,,,finalized,2026-07-06T21:10:40Z,,,,,,,,,,,,,,2026-07-29T11:46:28Z
KXWCFIRSTGOAL-26JUL06PORESP-ESPABAENA10,KXWCFIRSTGOAL-26JUL06PORESP,,Alex Baena: First Goalscorer,,,finalized,2026-07-06T21:10:39Z,,,,,,,,,,,,,,2026-07-29T11:46:28Z
KXWCFIRSTGOAL-26JUL05MEXENG-NOGOAL,KXWCFIRSTGOAL-26JUL05MEXENG,,No Goal: First Goalscorer,,,finalized,2026-07-06T01:55:45Z,,,,,,,,,,,,,,2026-07-29T11:46:28Z
KXWCFIRSTGOAL-26JUL05MEXENG-MEXRJIMEN7,KXWCFIRSTGOAL-26JUL05MEXENG,,Raul Jimenez: First Goalscorer,,,finalized,2026-07-06T01:55:45Z,,,,,,,,,,,,,,2026-07-29T11:46:28Z
KXWCFIRSTGOAL-26JUL05MEXENG-MEXRALVAR25,KXWCFIRSTGOAL-26JUL05MEXENG,,Roberto Alvarado: First Goalscorer,,,finalized,2026-07-06T01:55:45Z,,,,,,,,,,,,,,2026-07-29T11:46:28Z
KXWCFIRSTGOAL-26JUL05MEXENG-MEXLROMO7,KXWCFIRSTGOAL-26JUL05MEXENG,,Luis Romo: First Goalscorer,,,finalized,2026-07-06T01:55:45Z,,,,,,,,,,,,,,2026-07-29T11:46:28Z
KXWCFIRSTGOAL-26JUL05MEXENG-MEXJVASQU22,KXWCFIRSTGOAL-26JUL05MEXENG,,Johan Vasquez: First Goalscorer,,,finalized,2026-07-06T01:55:45Z,,,,,,,,,,,,,,2026-07-29T11:46:28Z
KXWCFIRSTGOAL-26JUL05MEXENG-MEXJSANCH2,KXWCFIRSTGOAL-26JUL05MEXENG,,Jorge Sanchez: First Goalscorer,,,finalized,2026-07-06T01:55:45Z,,,,,,,,,,,,,,2026-07-29T11:46:28Z
KXWCFIRSTGOAL-26JUL05MEXENG-MEXJQUINO33,KXWCFIRSTGOAL-26JUL05MEXENG,,Julian Quinones: First Goalscorer,,,finalized,2026-07-06T01:55:45Z,,,,,,,,,,,,,,2026-07-29T11:46:28Z
KXWCFIRSTGOAL-26JUL05MEXENG-MEXJGALLA23,KXWCFIRSTGOAL-26JUL05MEXENG,,Jesus Gallardo: First Goalscorer,,,finalized,2026-07-06T01:55:45Z,,,,,,,,,,,,,,2026-07-29T11:46:28Z
KXWCFIRSTGOAL-26JUL05MEXENG-MEXGMORA19,KXWCFIRSTGOAL-26JUL05MEXENG,,Gilberto Mora: First Goalscorer,,,finalized,2026-07-06T01:55:45Z,,,,,,,,,,,,,,2026-07-29T11:46:28Z
KXWCFIRSTGOAL-26JUL05MEXENG-MEXELIRA6,KXWCFIRSTGOAL-26JUL05MEXENG,,Erik Lira: First Goalscorer,,,finalized,2026-07-06T01:55:45Z,,,,,,,,,,,,,,2026-07-29T11:46:28Z
KXWCFIRSTGOAL-26JUL05MEXENG-MEXCMONTE3,KXWCFIRSTGOAL-26JUL05MEXENG,,Cesar Montes: First Goalscorer,,,finalized,2026-07-06T01:55:45Z,,,,,,,,,,,,,,2026-07-29T11:46:28Z
KXWCFIRSTGOAL-26JUL05MEXENG-ENGNOREI33,KXWCFIRSTGOAL-26JUL05MEXENG,,Nico O'Reilly: First Goalscorer,,,finalized,2026-07-06T01:55:45Z,,,,,,,,,,,,,,2026-07-29T11:46:28Z
KXWCFIRSTGOAL-26JUL05MEXENG-ENGMGUEHI15,KXWCFIRSTGOAL-26JUL05MEXENG,,Marc Guehi: First Goalscorer,,,finalized,2026-07-06T01:55:45Z,,,,,,,,,,,,,,2026-07-29T11:46:28Z
KXWCFIRSTGOAL-26JUL05MEXENG-ENGJQUANS4,KXWCFIRSTGOAL-26JUL05MEXENG,,Jarell Quansah: First Goalscorer,,,finalized,2026-07-06T01:55:45Z,,,,,,,,,,,,,,2026-07-29T11:46:28Z
KXWCFIRSTGOAL-26JUL05MEXENG-ENGJBELLI5,KXWCFIRSTGOAL-26JUL05MEXENG,,Jude Bellingham: First Goalscorer,,,finalized,2026-07-06T01:55:39Z,,,,,,,,,,,,,,2026-07-29T11:46:28Z
KXWCFIRSTGOAL-26JUL05MEXENG-ENGHKANE9,KXWCFIRSTGOAL-26JUL05MEXENG,,Harry Kane: First Goalscorer,,,finalized,2026-07-06T01:55:45Z,,,,,,,,,,,,,,2026-07-29T11:46:28Z
KXWCFIRSTGOAL-26JUL05MEXENG-ENGEKONSA4,KXWCFIRSTGOAL-26JUL05MEXENG,,Ezri Konsa: First Goalscorer,,,finalized,2026-07-06T01:55:45Z,,,,,,,,,,,,,,2026-07-29T11:46:28Z
KXWCFIRSTGOAL-26JUL05MEXENG-ENGEANDER8,KXWCFIRSTGOAL-26JUL05MEXENG,,Elliot Anderson: First Goalscorer,,,finalized,2026-07-06T01:55:45Z,,,,,,,,,,,,,,2026-07-29T11:46:28Z
KXWCFIRSTGOAL-26JUL05MEXENG-ENGDRICE41,KXWCFIRSTGOAL-26JUL05MEXENG,,Declan Rice: First Goalscorer,,,finalized,2026-07-06T01:55:45Z,,,,,,,,,,,,,,2026-07-29T11:46:28Z
KXWCFIRSTGOAL-26JUL05MEXENG-ENGBSAKA7,KXWCFIRSTGOAL-26JUL05MEXENG,,Bukayo Saka: First Goalscorer,,,finalized,2026-07-06T01:55:45Z,,,,,,,,,,,,,,2026-07-29T11:46:28Z
KXWCFIRSTGOAL-26JUL05MEXENG-ENGAGORDO10,KXWCFIRSTGOAL-26JUL05MEXENG,,Anthony Gordon: First Goalscorer,,,finalized,2026-07-06T01:55:45Z,,,,,,,,,,,,,,2026-07-29T11:46:28Z
KXWCFIRSTGOAL-26JUL05BRANOR-BRAEDER13,KXWCFIRSTGOAL-26JUL05BRANOR,,Ederson: First Goalscorer,,,finalized,2026-07-05T22:20:08Z,,,,,,,,,,,,,,2026-07-29T11:46:28Z
KXWCFIRSTGOAL-26JUL05BRANOR-BRADOLIVE8,KXWCFIRSTGOAL-26JUL05BRANOR,,Danilo Oliveira: First Goalscorer,,,finalized,2026-07-05T22:20:08Z,,,,,,,,,,,,,,2026-07-29T11:46:28Z
KXWCFIRSTGOAL-26JUL05BRANOR-BRANEYM10,KXWCFIRSTGOAL-26JUL05BRANOR,,Neymar: First Goalscorer,,,finalized,2026-07-05T22:20:08Z,,,,,,,,,,,,,,2026-07-29T11:46:28Z
KXWCFIRSTGOAL-26JUL05BRANOR-NORFAURSN8,KXWCFIRSTGOAL-26JUL05BRANOR,,Fredrik Aursnes: First Goalscorer,,,finalized,2026-07-05T22:20:08Z,,,,,,,,,,,,,,2026-07-29T11:46:28Z
KXWCFIRSTGOAL-26JUL05BRANOR-BRAENDR9,KXWCFIRSTGOAL-26JUL05BRANOR,,Endrick: First Goalscorer,,,finalized,2026-07-05T22:20:07Z,,,,,,,,,,,,,,2026-07-29T11:46:28Z
KXWCFIRSTGOAL-26JUL05BRANOR-NORASCHJE21,KXWCFIRSTGOAL-26JUL05BRANOR,,Andreas Schjelderup: First Goalscorer,,,finalized,2026-07-05T22:20:07Z,,,,,,,,,,,,,,2026-07-29T11:46:28Z
KXWCFIRSTGOAL-26JUL05BRANOR-NOROBOBB14,KXWCFIRSTGOAL-26JUL05BRANOR,,Oscar Bobb: First Goalscorer,,,finalized,2026-07-05T22:20:07Z,,,,,,,,,,,,,,2026-07-29T11:46:28Z
KXWCFIRSTGOAL-26JUL05BRANOR-NORTHEGGE14,KXWCFIRSTGOAL-26JUL05BRANOR,,Torbjorn Heggem: First Goalscorer,,,finalized,2026-07-05T22:20:06Z,,,,,,,,,,,,,,2026-07-29T11:46:28Z
KXWCFIRSTGOAL-26JUL05BRANOR-NORSBERGE16,KXWCFIRSTGOAL-26JUL05BRANOR,,Sander Berge: First Goalscorer,,,finalized,2026-07-05T22:20:06Z,,,,,,,,,,,,,,2026-07-29T11:46:28Z
KXWCFIRSTGOAL-26JUL05BRANOR-NORPBERG7,KXWCFIRSTGOAL-26JUL05BRANOR,,Patrick Berg: First Goalscorer,,,finalized,2026-07-05T22:20:06Z,,,,,,,,,,,,,,2026-07-29T11:46:28Z
KXWCFIRSTGOAL-26JUL05BRANOR-NORMODEGA8,KXWCFIRSTGOAL-26JUL05BRANOR,,Martin Odegaard: First Goalscorer,,,finalized,2026-07-05T22:20:06Z,,,,,,,,,,,,,,2026-07-29T11:46:28Z
KXWCFIRSTGOAL-26JUL05BRANOR-NORKAJER20,KXWCFIRSTGOAL-26JUL05BRANOR,,Kristoffer Ajer: First Goalscorer,,,finalized,2026-07-05T22:20:05Z,,,,,,,,,,,,,,2026-07-29T11:46:28Z
KXWCFIRSTGOAL-26JUL05BRANOR-NORJRYERS26,KXWCFIRSTGOAL-26JUL05BRANOR,,Julian Ryerson: First Goalscorer,,,finalized,2026-07-05T22:20:05Z,,,,,,,,,,,,,,2026-07-29T11:46:28Z
KXWCFIRSTGOAL-26JUL05BRANOR-NOREHAALA9,KXWCFIRSTGOAL-26JUL05BRANOR,,Erling Haaland: First Goalscorer,,,finalized,2026-07-05T22:20:07Z,,,,,,,,,,,,,,2026-07-29T11:46:28Z
KXWCFIRSTGOAL-26JUL05BRANOR-NORDWOLFE6,KXWCFIRSTGOAL-26JUL05BRANOR,,David Moller Wolfe: First Goalscorer,,,finalized,2026-07-05T22:20:06Z,,,,,,,,,,,,,,2026-07-29T11:46:28Z
KXWCFIRSTGOAL-26JUL05BRANOR-NORASORLO9,KXWCFIRSTGOAL-26JUL05BRANOR,,Alexander Sorloth: First Goalscorer,,,finalized,2026-07-05T22:20:06Z,,,,,,,,,,,,,,2026-07-29T11:46:28Z
KXWCFIRSTGOAL-26JUL05BRANOR-NORANUSA7,KXWCFIRSTGOAL-26JUL05BRANOR,,Antonio Nusa: First Goalscorer,,,finalized,2026-07-05T22:20:07Z,,,,,,,,,,,,,,2026-07-29T11:46:28Z
KXWCFIRSTGOAL-26JUL05BRANOR-NOGOAL,KXWCFIRSTGOAL-26JUL05BRANOR,,No Goal: First Goalscorer,,,finalized,2026-07-05T22:20:03Z,,,,,,,,,,,,,,2026-07-29T11:46:28Z
KXWCFIRSTGOAL-26JUL05BRANOR-BRAVINI7,KXWCFIRSTGOAL-26JUL05BRANOR,,Vinicius Junior: First Goalscorer,,,finalized,2026-07-05T22:20:05Z,,,,,,,,,,,,,,2026-07-29T11:46:28Z
KXWCFIRSTGOAL-26JUL05BRANOR-BRARAYA37,KXWCFIRSTGOAL-26JUL05BRANOR,,Rayan: First Goalscorer,,,finalized,2026-07-05T22:20:04Z,,,,,,,,,,,,,,2026-07-29T11:46:28Z
KXWCFIRSTGOAL-26JUL05BRANOR-BRAMCUNHA10,KXWCFIRSTGOAL-26JUL05BRANOR,,Matheus Cunha: First Goalscorer,,,finalized,2026-07-05T22:20:05Z,,,,,,,,,,,,,,2026-07-29T11:46:28Z
KXWCFIRSTGOAL-26JUL05BRANOR-BRAMARQ5,KXWCFIRSTGOAL-26JUL05BRANOR,,Marquinhos: First Goalscorer,,,finalized,2026-07-05T22:20:04Z,,,,,,,,,,,,,,2026-07-29T11:46:28Z
KXWCFIRSTGOAL-26JUL05BRANOR-BRAGMARTI11,KXWCFIRSTGOAL-26JUL05BRANOR,,Gabriel Martinelli: First Goalscorer,,,finalized,2026-07-05T22:20:05Z,,,,,,,,,,,,,,2026-07-29T11:46:28Z
KXWCFIRSTGOAL-26JUL05BRANOR-BRAGMAGAL6,KXWCFIRSTGOAL-26JUL05BRANOR,,Gabriel Magalhaes: First Goalscorer,,,finalized,2026-07-05T22:20:04Z,,,,,,,,,,,,,,2026-07-29T11:46:28Z
KXWCFIRSTGOAL-26JUL05BRANOR-BRADSANTO16,KXWCFIRSTGOAL-26JUL05BRANOR,,Douglas Santos: First Goalscorer,,,finalized,2026-07-05T22:20:04Z,,,,,,,,,,,,,,2026-07-29T11:46:28Z
KXWCFIRSTGOAL-26JUL05BRANOR-BRADANI13,KXWCFIRSTGOAL-26JUL05BRANOR,,Danilo: First Goalscorer,,,finalized,2026-07-05T22:20:04Z,,,,,,,,,,,,,,2026-07-29T11:46:28Z
KXWCFIRSTGOAL-26JUL05BRANOR-BRACASE18,KXWCFIRSTGOAL-26JUL05BRANOR,,Casemiro: First Goalscorer,,,finalized,2026-07-05T22:20:05Z,,,,,,,,,,,,,,2026-07-29T11:46:28Z
KXWCFIRSTGOAL-26JUL05BRANOR-BRABGUIMA39,KXWCFIRSTGOAL-26JUL05BRANOR,,Bruno Guimaraes: First Goalscorer,,,finalized,2026-07-05T22:20:04Z,,,,,,,,,,,,,,2026-07-29T11:46:28Z
KXWCFIRSTGOAL-26JUL04PARFRA-FRADDOUE14,KXWCFIRSTGOAL-26JUL04PARFRA,,Desire Doue: First Goalscorer,,,finalized,2026-07-04T23:34:39Z,,,,,,,,,,,,,,2026-07-29T11:46:28Z
KXWCFIRSTGOAL-26JUL04PARFRA-PARGCABAL17,KXWCFIRSTGOAL-26JUL04PARFRA,,Gustavo Caballero: First Goalscorer,,,finalized,2026-07-04T23:34:39Z,,,,,,,,,,,,,,2026-07-29T11:46:28Z
KXWCFIRSTGOAL-26JUL04PARFRA-PARJCANAL13,KXWCFIRSTGOAL-26JUL04PARFRA,,Jose Canale: First Goalscorer,,,finalized,2026-07-04T23:34:38Z,,,,,,,,,,,,,,2026-07-29T11:46:28Z
KXWCFIRSTGOAL-26JUL04PARFRA-PAROALDER15,KXWCFIRSTGOAL-26JUL04PARFRA,,Omar Alderete: First Goalscorer,,,finalized,2026-07-04T23:34:36Z,,,,,,,,,,,,,,2026-07-29T11:46:28Z
KXWCFIRSTGOAL-26JUL04PARFRA-PARMGALAR88,KXWCFIRSTGOAL-26JUL04PARFRA,,Matias Galarza: First Goalscorer,,,finalized,2026-07-04T23:34:37Z,,,,,,,,,,,,,,2026-07-29T11:46:28Z
KXWCFIRSTGOAL-26JUL04PARFRA-PARMALMIR10,KXWCFIRSTGOAL-26JUL04PARFRA,,Miguel Almiron: First Goalscorer,,,finalized,2026-07-04T23:34:37Z,,,,,,,,,,,,,,2026-07-29T11:46:28Z
KXWCFIRSTGOAL-26JUL04PARFRA-PARJENCIS19,KXWCFIRSTGOAL-26JUL04PARFRA,,Julio Enciso: First Goalscorer,,,finalized,2026-07-04T23:34:37Z,,,,,,,,,,,,,,2026-07-29T11:46:28Z
KXWCFIRSTGOAL-26JUL04PARFRA-PARJCACER4,KXWCFIRSTGOAL-26JUL04PARFRA,,Juan Jose Caceres: First Goalscorer,,,finalized,2026-07-04T23:34:36Z,,,,,,,,,,,,,,2026-07-29T11:46:28Z
KXWCFIRSTGOAL-26JUL04PARFRA-PARJALONS6,KXWCFIRSTGOAL-26JUL04PARFRA,,Junior Alonso: First Goalscorer,,,finalized,2026-07-04T23:34:36Z,,,,,,,,,,,,,,2026-07-29T11:46:28Z
KXWCFIRSTGOAL-26JUL04PARFRA-PARGVELAZ2,KXWCFIRSTGOAL-26JUL04PARFRA,,Gustavo Velazquez: First Goalscorer,,,finalized,2026-07-04T23:34:36Z,,,,,,,,,,,,,,2026-07-29T11:46:28Z
KXWCFIRSTGOAL-26JUL04PARFRA-PARGGOMEZ15,KXWCFIRSTGOAL-26JUL04PARFRA,,Gustavo Gomez: First Goalscorer,,,finalized,2026-07-04T23:34:36Z,,,,,,,,,,,,,,2026-07-29T11:46:28Z
KXWCFIRSTGOAL-26JUL04PARFRA-PARDGOMEZ25,KXWCFIRSTGOAL-26JUL04PARFRA,,Diego Gomez: First Goalscorer,,,finalized,2026-07-04T23:34:36Z,,,,,,,,,,,,,,2026-07-29T11:46:28Z
KXWCFIRSTGOAL-26JUL04PARFRA-PARACUBAS20,KXWCFIRSTGOAL-26JUL04PARFRA,,Andres Cubas: First Goalscorer,,,finalized,2026-07-04T23:34:36Z,,,,,,,,,,,,,,2026-07-29T11:46:28Z
KXWCFIRSTGOAL-26JUL04PARFRA-NOGOAL,KXWCFIRSTGOAL-26JUL04PARFRA,,No Goal: First Goalscorer,,,finalized,2026-07-04T23:34:35Z,,,,,,,,,,,,,,2026-07-29T11:46:28Z
KXWCFIRSTGOAL-26JUL04PARFRA-FRAWSALIB2,KXWCFIRSTGOAL-26JUL04PARFRA,,William Saliba: First Goalscorer,,,finalized,2026-07-04T23:34:37Z,,,,,,,,,,,,,,2026-07-29T11:46:28Z
KXWCFIRSTGOAL-26JUL04PARFRA-FRAODEMBE10,KXWCFIRSTGOAL-26JUL04PARFRA,,Ousmane Dembele: First Goalscorer,,,finalized,2026-07-04T23:34:38Z,,,,,,,,,,,,,,2026-07-29T11:46:28Z
KXWCFIRSTGOAL-26JUL04PARFRA-FRAMOLISE17,KXWCFIRSTGOAL-26JUL04PARFRA,,Michael Olise: First Goalscorer,,,finalized,2026-07-04T23:34:38Z,,,,,,,,,,,,,,2026-07-29T11:46:28Z
KXWCFIRSTGOAL-26JUL04PARFRA-FRAMKONE17,KXWCFIRSTGOAL-26JUL04PARFRA,,Manu Kone: First Goalscorer,,,finalized,2026-07-04T23:34:38Z,,,,,,,,,,,,,,2026-07-29T11:46:28Z
KXWCFIRSTGOAL-26JUL04PARFRA-FRALDIGNE12,KXWCFIRSTGOAL-26JUL04PARFRA,,Lucas Digne: First Goalscorer,,,finalized,2026-07-04T23:34:37Z,,,,,,,,,,,,,,2026-07-29T11:46:28Z
KXWCFIRSTGOAL-26JUL04PARFRA-FRAKMBAPP10,KXWCFIRSTGOAL-26JUL04PARFRA,,Kylian Mbappe: First Goalscorer,,,finalized,2026-07-04T23:34:38Z,,,,,,,,,,,,,,2026-07-29T11:46:28Z
KXWCFIRSTGOAL-26JUL04PARFRA-FRAJKOUND23,KXWCFIRSTGOAL-26JUL04PARFRA,,Jules Kounde: First Goalscorer,,,finalized,2026-07-04T23:34:37Z,,,,,,,,,,,,,,2026-07-29T11:46:28Z
KXWCFIRSTGOAL-26JUL04PARFRA-FRADUPAME2,KXWCFIRSTGOAL-26JUL04PARFRA,,Dayot Upamecano: First Goalscorer,,,finalized,2026-07-04T23:34:37Z,,,,,,,,,,,,,,2026-07-29T11:46:28Z
KXWCFIRSTGOAL-26JUL04PARFRA-FRABBARCO29,KXWCFIRSTGOAL-26JUL04PARFRA,,Bradley Barcola: First Goalscorer,,,finalized,2026-07-04T23:34:38Z,,,,,,,,,,,,,,2026-07-29T11:46:28Z
KXWCFIRSTGOAL-26JUL04PARFRA-FRAARABIO12,KXWCFIRSTGOAL-26JUL04PARFRA,,Adrien Rabiot: First Goalscorer,,,finalized,2026-07-04T23:34:38Z,,,,,,,,,,,,,,2026-07-29T11:46:28Z
KXWCFIRSTGOAL-26JUL04CANMAR-MARSRAHIM9,KXWCFIRSTGOAL-26JUL04CANMAR,,Soufiane Rahimi: First Goalscorer,,,finalized,2026-07-04T19:10:01Z,,,,,,,,,,,,,,2026-07-29T11:46:28Z
KXWCFIRSTGOAL-26JUL04CANMAR-NOGOAL,KXWCFIRSTGOAL-26JUL04CANMAR,,No Goal: First Goalscorer,,,finalized,2026-07-04T19:09:58Z,,,,,,,,,,,,,,2026-07-29T11:46:28Z
KXWCFIRSTGOAL-26JUL04CANMAR-MARRHALHA25,KXWCFIRSTGOAL-26JUL04CANMAR,,Redouane Halhal: First Goalscorer,,,finalized,2026-07-04T19:10:00Z,,,,,,,,,,,,,,2026-07-29T11:46:28Z
KXWCFIRSTGOAL-26JUL04CANMAR-MARNMAZRA3,KXWCFIRSTGOAL-26JUL04CANMAR,,Noussair Mazraoui: First Goalscorer,,,finalized,2026-07-04T19:10:01Z,,,,,,,,,,,,,,2026-07-29T11:46:28Z
KXWCFIRSTGOAL-26JUL04CANMAR-MARNELAY8,KXWCFIRSTGOAL-26JUL04CANMAR,,Neil El Aynaoui: First Goalscorer,,,finalized,2026-07-04T19:10:00Z,,,,,,,,,,,,,,2026-07-29T11:46:28Z
KXWCFIRSTGOAL-26JUL04CANMAR-MARISAIBA34,KXWCFIRSTGOAL-26JUL04CANMAR,,Ismael Saibari: First Goalscorer,,,finalized,2026-07-04T19:10:01Z,,,,,,,,,,,,,,2026-07-29T11:46:28Z
KXWCFIRSTGOAL-26JUL04CANMAR-MARIDIOP31,KXWCFIRSTGOAL-26JUL04CANMAR,,Issa Diop: First Goalscorer,,,finalized,2026-07-04T19:10:01Z,,,,,,,,,,,,,,2026-07-29T11:46:28Z
KXWCFIRSTGOAL-26JUL04CANMAR-MARBELKH11,KXWCFIRSTGOAL-26JUL04CANMAR,,Bilal El Khannouss: First Goalscorer,,,finalized,2026-07-04T19:10:00Z,,,,,,,,,,,,,,2026-07-29T11:46:28Z
KXWCFIRSTGOAL-26JUL04CANMAR-MARBDIAZ21,KXWCFIRSTGOAL-26JUL04CANMAR,,Brahim Diaz: First Goalscorer,,,finalized,2026-07-04T19:10:01Z,,,,,,,,,,,,,,2026-07-29T11:46:28Z
KXWCFIRSTGOAL-26JUL04CANMAR-MARAOUNAH18,KXWCFIRSTGOAL-26JUL04CANMAR,,Azzedine Ounahi: First Goalscorer,,,finalized,2026-07-04T19:10:00Z,,,,,,,,,,,,,,2026-07-29T11:46:28Z
KXWCFIRSTGOAL-26JUL04CANMAR-MARAHAKIM2,KXWCFIRSTGOAL-26JUL04CANMAR,,Achraf Hakimi: First Goalscorer,,,finalized,2026-07-04T19:10:01Z,,,,,,,,,,,,,,2026-07-29T11:46:28Z
KXWCFIRSTGOAL-26JUL04CANMAR-MARABOUAD32,KXWCFIRSTGOAL-26JUL04CANMAR,,Ayyoub Bouaddi: First Goalscorer,,,finalized,2026-07-04T19:10:01Z,,,,,,,,,,,,,,2026-07-29T11:46:28Z
KXWCFIRSTGOAL-26JUL04CANMAR-CANTOLUWA21,KXWCFIRSTGOAL-26JUL04CANMAR,,Tani Oluwaseyi: First Goalscorer,,,finalized,2026-07-04T19:09:59Z,,,,,,,,,,,,,,2026-07-29T11:46:28Z
KXWCFIRSTGOAL-26JUL04CANMAR-CANTBUCHA17,KXWCFIRSTGOAL-26JUL04CANMAR,,Tajon Buchanan: First Goalscorer,,,finalized,2026-07-04T19:10:00Z,,,,,,,,,,,,,,2026-07-29T11:46:28Z
KXWCFIRSTGOAL-26JUL04CANMAR-CANSEUSTA6,KXWCFIRSTGOAL-26JUL04CANMAR,,Stephen Eustaquio: First Goalscorer,,,finalized,2026-07-04T19:10:00Z,,,,,,,,,,,,,,2026-07-29T11:46:28Z
KXWCFIRSTGOAL-26JUL04CANMAR-CANRLARYE22,KXWCFIRSTGOAL-26JUL04CANMAR,,Richie Laryea: First Goalscorer,,,finalized,2026-07-04T19:09:59Z,,,,,,,,,,,,,,2026-07-29T11:46:28Z
KXWCFIRSTGOAL-26JUL04CANMAR-CANNSIGUR23,KXWCFIRSTGOAL-26JUL04CANMAR,,Niko Sigur: First Goalscorer,,,finalized,2026-07-04T19:09:59Z,,,,,,,,,,,,,,2026-07-29T11:46:28Z
KXWCFIRSTGOAL-26JUL04CANMAR-CANMBOMBI64,KXWCFIRSTGOAL-26JUL04CANMAR,,Moise Bombito: First Goalscorer,,,finalized,2026-07-04T19:09:59Z,,,,,,,,,,,,,,2026-07-29T11:46:28Z
KXWCFIRSTGOAL-26JUL04CANMAR-CANLDEFO4,KXWCFIRSTGOAL-26JUL04CANMAR,,Luc De Fougerolles: First Goalscorer,,,finalized,2026-07-04T19:09:59Z,,,,,,,,,,,,,,2026-07-29T11:46:28Z
KXWCFIRSTGOAL-26JUL04CANMAR-CANJDAVID30,KXWCFIRSTGOAL-26JUL04CANMAR,,Jonathan David: First Goalscorer,,,finalized,2026-07-04T19:10:00Z,,,,,,,,,,,,,,2026-07-29T11:46:28Z
KXWCFIRSTGOAL-26JUL04CANMAR-CANAJOHNS2,KXWCFIRSTGOAL-26JUL04CANMAR,,Alistair Johnston: First Goalscorer,,,finalized,2026-07-04T19:09:59Z,,,,,,,,,,,,,,2026-07-29T11:46:28Z
KXWCFIRSTGOAL-26JUL04CANMAR-CANAAHMED20,KXWCFIRSTGOAL-26JUL04CANMAR,,Ali Ahmed: First Goalscorer,,,finalized,2026-07-04T19:09:59Z,,,,,,,,,,,,,,2026-07-29T11:46:28Z
KXWCFIRSTGOAL-26JUL03COLGHA-GHAASEIDU36,KXWCFIRSTGOAL-26JUL03COLGHA,,Alidu Seidu: First Goalscorer,,,finalized,2026-07-04T03:39:51Z,,,,,,,,,,,,,,2026-07-29T11:46:28Z
KXWCFIRSTGOAL-26JUL03COLGHA-COLLSUARE97,KXWCFIRSTGOAL-26JUL03COLGHA,,Luis Suarez: First Goalscorer,,,finalized,2026-07-04T03:39:51Z,,,,,,,,,,,,,,2026-07-29T11:46:28Z
KXWCFIRSTGOAL-26JUL03COLGHA-NOGOAL,KXWCFIRSTGOAL-26JUL03COLGHA,,No Goal: First Goalscorer,,,finalized,2026-07-04T03:39:48Z,,,,,,,,,,,,,,2026-07-29T11:46:28Z
KXWCFIRSTGOAL-26JUL03COLGHA-GHATPARTE16,KXWCFIRSTGOAL-26JUL03COLGHA,,Thomas Partey: First Goalscorer,,,finalized,2026-07-04T03:39:50Z,,,,,,,,,,,,,,2026-07-29T11:46:28Z
KXWCFIRSTGOAL-26JUL03COLGHA-GHAMSENAY29,KXWCFIRSTGOAL-26JUL03COLGHA,,Marvin Senaya: First Goalscorer,,,finalized,2026-07-04T03:39:50Z,,,,,,,,,,,,,,2026-07-29T11:46:28Z
KXWCFIRSTGOAL-26JUL03COLGHA-GHAKSIBO6,KXWCFIRSTGOAL-26JUL03COLGHA,,Kwasi Sibo: First Goalscorer,,,finalized,2026-07-04T03:39:51Z,,,,,,,,,,,,,,2026-07-29T11:46:28Z
KXWCFIRSTGOAL-26JUL03COLGHA-GHAJOPOKU3,KXWCFIRSTGOAL-26JUL03COLGHA,,Jerome Opoku: First Goalscorer,,,finalized,2026-07-04T03:39:50Z,,,,,,,,,,,,,,2026-07-29T11:46:28Z
KXWCFIRSTGOAL-26JUL03COLGHA-GHAJAYEWNA,KXWCFIRSTGOAL-26JUL03COLGHA,,Jordan Ayew: First Goalscorer,,,finalized,2026-07-04T03:39:51Z,,,,,,,,,,,,,,2026-07-29T11:46:28Z
KXWCFIRSTGOAL-26JUL03COLGHA-GHAIWILLI9,KXWCFIRSTGOAL-26JUL03COLGHA,,Inaki Williams: First Goalscorer,,,finalized,2026-07-04T03:39:50Z,,,,,,,,,,,,,,2026-07-29T11:46:28Z
KXWCFIRSTGOAL-26JUL03COLGHA-GHAGMENSA14,KXWCFIRSTGOAL-26JUL03COLGHA,,Gideon Mensah: First Goalscorer,,,finalized,2026-07-04T03:39:50Z,,,,,,,,,,,,,,2026-07-29T11:46:28Z
KXWCFIRSTGOAL-26JUL03COLGHA-GHADLUCKA23,KXWCFIRSTGOAL-26JUL03COLGHA,,Derrick Luckassen: First Goalscorer,,,finalized,2026-07-04T03:39:50Z,,,,,,,,,,,,,,2026-07-29T11:46:28Z
KXWCFIRSTGOAL-26JUL03COLGHA-GHACYIREN3,KXWCFIRSTGOAL-26JUL03COLGHA,,Caleb Yirenkyi: First Goalscorer,,,finalized,2026-07-04T03:39:50Z,,,,,,,,,,,,,,2026-07-29T11:46:28Z
KXWCFIRSTGOAL-26JUL03COLGHA-GHAASEMEN42,KXWCFIRSTGOAL-26JUL03COLGHA,,Antoine Semenyo: First Goalscorer,,,finalized,2026-07-04T03:39:51Z,,,,,,,,,,,,,,2026-07-29T11:46:28Z
KXWCFIRSTGOAL-26JUL03COLGHA-COLLDIAZ14,KXWCFIRSTGOAL-26JUL03COLGHA,,Luis Diaz: First Goalscorer,,,finalized,2026-07-04T03:39:49Z,,,,,,,,,,,,,,2026-07-29T11:46:28Z
KXWCFIRSTGOAL-26JUL03COLGHA-COLJRODRI10,KXWCFIRSTGOAL-26JUL03COLGHA,,James Rodriguez: First Goalscorer,,,finalized,2026-07-04T03:39:49Z,,,,,,,,,,,,,,2026-07-29T11:46:28Z
KXWCFIRSTGOAL-26JUL03COLGHA-COLJMOJIC22,KXWCFIRSTGOAL-26JUL03COLGHA,,Johan Mojica: First Goalscorer,,,finalized,2026-07-04T03:39:49Z,,,,,,,,,,,,,,2026-07-29T11:46:28Z
KXWCFIRSTGOAL-26JUL03COLGHA-COLJLUCUM26,KXWCFIRSTGOAL-26JUL03COLGHA,,Jhon Lucumi: First Goalscorer,,,finalized,2026-07-04T03:39:48Z,,,,,,,,,,,,,,2026-07-29T11:46:28Z
KXWCFIRSTGOAL-26JUL03COLGHA-COLJLERMA8,KXWCFIRSTGOAL-26JUL03COLGHA,,Jefferson Lerma: First Goalscorer,,,finalized,2026-07-04T03:39:49Z,,,,,,,,,,,,,,2026-07-29T11:46:28Z
KXWCFIRSTGOAL-26JUL03COLGHA-COLJCORDO9,KXWCFIRSTGOAL-26JUL03COLGHA,,Jhon Cordoba: First Goalscorer,,,finalized,2026-07-04T03:39:49Z,,,,,,,,,,,,,,2026-07-29T11:46:28Z
KXWCFIRSTGOAL-26JUL03COLGHA-COLJARIAS11,KXWCFIRSTGOAL-26JUL03COLGHA,,Jhon Arias: First Goalscorer,,,finalized,2026-07-04T03:39:49Z,,,,,,,,,,,,,,2026-07-29T11:46:28Z
KXWCFIRSTGOAL-26JUL03COLGHA-COLGPUERT14,KXWCFIRSTGOAL-26JUL03COLGHA,,Gustavo Puerta: First Goalscorer,,,finalized,2026-07-04T03:39:49Z,,,,,,,,,,,,,,2026-07-29T11:46:28Z
KXWCFIRSTGOAL-26JUL03COLGHA-COLDSANCH6,KXWCFIRSTGOAL-26JUL03COLGHA,,Davinson Sanchez: First Goalscorer,,,finalized,2026-07-04T03:39:48Z,,,,,,,,,,,,,,2026-07-29T11:46:28Z
KXWCFIRSTGOAL-26JUL03COLGHA-COLDMUNOZ2,KXWCFIRSTGOAL-26JUL03COLGHA,,Daniel Munoz: First Goalscorer,,,finalized,2026-07-04T03:39:48Z,,,,,,,,,,,,,,2026-07-29T11:46:28Z
KXWCFIRSTGOAL-26JUL03ARGCPV-NOGOAL,KXWCFIRSTGOAL-26JUL03ARGCPV,,No Goal: First Goalscorer,,,finalized,2026-07-04T00:54:41Z,,,,,,,,,,,,,,2026-07-29T11:46:28Z
KXWCFIRSTGOAL-26JUL03ARGCPV-CPVSMOREI31,KXWCFIRSTGOAL-26JUL03ARGCPV,,Steven Moreira: First Goalscorer,,,finalized,2026-07-04T00:54:42Z,,,,,,,,,,,,,,2026-07-29T11:46:28Z
KXWCFIRSTGOAL-26JUL03ARGCPV-CPVSLOPES15,KXWCFIRSTGOAL-26JUL03ARGCPV,,Sidny Lopes Cabral: First Goalscorer,,,finalized,2026-07-04T00:54:43Z,,,,,,,,,,,,,,2026-07-29T11:46:28Z
KXWCFIRSTGOAL-26JUL03ARGCPV-CPVRMENDE20,KXWCFIRSTGOAL-26JUL03ARGCPV,,Ryan Mendes: First Goalscorer,,,finalized,2026-07-04T00:54:43Z,,,,,,,,,,,,,,2026-07-29T11:46:28Z
KXWCFIRSTGOAL-26JUL03ARGCPV-CPVPICO4,KXWCFIRSTGOAL-26JUL03ARGCPV,,Pico: First Goalscorer,,,finalized,2026-07-04T00:54:42Z,,,,,,,,,,,,,,2026-07-29T11:46:28Z
KXWCFIRSTGOAL-26JUL03ARGCPV-CPVNDACO10,KXWCFIRSTGOAL-26JUL03ARGCPV,,Nuno Da Costa: First Goalscorer,,,finalized,2026-07-04T00:54:43Z,,,,,,,,,,,,,,2026-07-29T11:46:28Z
KXWCFIRSTGOAL-26JUL03ARGCPV-CPVLDUART15,KXWCFIRSTGOAL-26JUL03ARGCPV,,Laros Duarte: First Goalscorer,,,finalized,2026-07-04T00:54:43Z,,,,,,,,,,,,,,2026-07-29T11:46:28Z
KXWCFIRSTGOAL-26JUL03ARGCPV-CPVKPINA6,KXWCFIRSTGOAL-26JUL03ARGCPV,,Kevin Pina: First Goalscorer,,,finalized,2026-07-04T00:54:43Z,,,,,,,,,,,,,,2026-07-29T11:46:28Z
KXWCFIRSTGOAL-26JUL03ARGCPV-CPVJCABRA11,KXWCFIRSTGOAL-26JUL03ARGCPV,,Jovane Cabral: First Goalscorer,,,finalized,2026-07-04T00:54:43Z,,,,,,,,,,,,,,2026-07-29T11:46:28Z
KXWCFIRSTGOAL-26JUL03ARGCPV-CPVDDUART23,KXWCFIRSTGOAL-26JUL03ARGCPV,,Deroy Duarte: First Goalscorer,,,finalized,2026-07-04T00:54:43Z,,,,,,,,,,,,,,2026-07-29T11:46:28Z
KXWCFIRSTGOAL-26JUL03ARGCPV-CPVDBORGE3,KXWCFIRSTGOAL-26JUL03ARGCPV,,Diney Borges: First Goalscorer,,,finalized,2026-07-04T00:54:42Z,,,,,,,,,,,,,,2026-07-29T11:46:28Z
KXWCFIRSTGOAL-26JUL03ARGCPV-ARGTALMAD11,KXWCFIRSTGOAL-26JUL03ARGCPV,,Thiago Almada: First Goalscorer,,,finalized,2026-07-04T00:54:42Z,,,,,,,,,,,,,,2026-07-29T11:46:28Z
KXWCFIRSTGOAL-26JUL03ARGCPV-ARGRDEPA7,KXWCFIRSTGOAL-26JUL03ARGCPV,,Rodrigo De Paul: First Goalscorer,,,finalized,2026-07-04T00:54:41Z,,,,,,,,,,,,,,2026-07-29T11:46:28Z
KXWCFIRSTGOAL-26JUL03ARGCPV-ARGNMOLIN16,KXWCFIRSTGOAL-26JUL03ARGCPV,,Nahuel Molina: First Goalscorer,,,finalized,2026-07-04T00:54:41Z,,,,,,,,,,,,,,2026-07-29T11:46:28Z
KXWCFIRSTGOAL-26JUL03ARGCPV-ARGLMESSI10,KXWCFIRSTGOAL-26JUL03ARGCPV,,Lionel Messi: First Goalscorer,,,finalized,2026-07-03T22:45:28Z,,,,,,,,,,,,,,2026-07-29T11:46:28Z
KXWCFIRSTGOAL-26JUL03ARGCPV-ARGLMARTI6,KXWCFIRSTGOAL-26JUL03ARGCPV,,Lisandro Martinez: First Goalscorer,,,finalized,2026-07-04T00:54:41Z,,,,,,,,,,,,,,2026-07-29T11:46:28Z
KXWCFIRSTGOAL-26JUL03ARGCPV-ARGLMARTI10,KXWCFIRSTGOAL-26JUL03ARGCPV,,Lautaro Martinez: First Goalscorer,,,finalized,2026-07-04T00:54:42Z,,,,,,,,,,,,,,2026-07-29T11:46:28Z
KXWCFIRSTGOAL-26JUL03ARGCPV-ARGFMEDIN14,KXWCFIRSTGOAL-26JUL03ARGCPV,,Facundo Medina: First Goalscorer,,,finalized,2026-07-04T00:54:41Z,,,,,,,,,,,,,,2026-07-29T11:46:28Z
KXWCFIRSTGOAL-26JUL03ARGCPV-ARGEFERNA8,KXWCFIRSTGOAL-26JUL03ARGCPV,,Enzo Fernandez: First Goalscorer,,,finalized,2026-07-04T00:54:42Z,,,,,,,,,,,,,,2026-07-29T11:46:28Z
KXWCFIRSTGOAL-26JUL03ARGCPV-ARGCROMER17,KXWCFIRSTGOAL-26JUL03ARGCPV,,Cristian Romero: First Goalscorer,,,finalized,2026-07-04T00:54:41Z,,,,,,,,,,,,,,2026-07-29T11:46:28Z
KXWCFIRSTGOAL-26JUL03ARGCPV-ARGAMACA10,KXWCFIRSTGOAL-26JUL03ARGCPV,,Alexis Mac Allister: First Goalscorer,,,finalized,2026-07-04T00:54:42Z,,,,,,,,,,,,,,2026-07-29T11:46:28Z
KXWCFIRSTGOAL-26JUL03AUSEGY-NOGOAL,KXWCFIRSTGOAL-26JUL03AUSEGY,,No Goal: First Goalscorer,,,finalized,2026-07-03T21:04:41Z,,,,,,,,,,,,,,2026-07-29T11:46:28Z
KXWCFIRSTGOAL-26JUL03AUSEGY-EGYYELHA2,KXWCFIRSTGOAL-26JUL03AUSEGY,,Yasser El Hanafi: First Goalscorer,,,finalized,2026-07-03T21:04:44Z,,,,,,,,,,,,,,2026-07-29T11:46:28Z
KXWCFIRSTGOAL-26JUL03AUSEGY-EGYRRABIA5,KXWCFIRSTGOAL-26JUL03AUSEGY,,Rami Rabia: First Goalscorer,,,finalized,2026-07-03T21:04:44Z,,,,,,,,,,,,,,2026-07-29T11:46:28Z
KXWCFIRSTGOAL-26JUL03AUSEGY-EGYOMARMO7,KXWCFIRSTGOAL-26JUL03AUSEGY,,Omar Marmoush: First Goalscorer,,,finalized,2026-07-03T21:04:44Z,,,,,,,,,,,,,,2026-07-29T11:46:28Z
KXWCFIRSTGOAL-26JUL03AUSEGY-EGYMZAKI11,KXWCFIRSTGOAL-26JUL03AUSEGY,,Mostafa Mohamed Zaki Abdelraouf: First Goalscorer,,,finalized,2026-07-03T21:04:43Z,,,,,,,,,,,,,,2026-07-29T11:46:28Z
KXWCFIRSTGOAL-26JUL03AUSEGY-EGYMSALAH11,KXWCFIRSTGOAL-26JUL03AUSEGY,,Mohamed Salah: First Goalscorer,,,finalized,2026-07-03T21:04:44Z,,,,,,,,,,,,,,2026-07-29T11:46:28Z
KXWCFIRSTGOAL-26JUL03AUSEGY-EGYMHANY3,KXWCFIRSTGOAL-26JUL03AUSEGY,,Mohamed Hany: First Goalscorer,,,finalized,2026-07-03T21:04:45Z,,,,,,,,,,,,,,2026-07-29T11:46:28Z
KXWCFIRSTGOAL-26JUL03AUSEGY-EGYMATTIA19,KXWCFIRSTGOAL-26JUL03AUSEGY,,Marwan Attia: First Goalscorer,,,finalized,2026-07-03T21:04:43Z,,,,,,,,,,,,,,2026-07-29T11:46:28Z
KXWCFIRSTGOAL-26JUL03AUSEGY-EGYKHAFEZ15,KXWCFIRSTGOAL-26JUL03AUSEGY,,Karim Hafez: First Goalscorer,,,finalized,2026-07-03T21:04:44Z,,,,,,,,,,,,,,2026-07-29T11:46:28Z
KXWCFIRSTGOAL-26JUL03AUSEGY-EGYHFATHI14,KXWCFIRSTGOAL-26JUL03AUSEGY,,Hamdi Fathi: First Goalscorer,,,finalized,2026-07-03T21:04:44Z,,,,,,,,,,,,,,2026-07-29T11:46:28Z
KXWCFIRSTGOAL-26JUL03AUSEGY-EGYEASHOU8,KXWCFIRSTGOAL-26JUL03AUSEGY,,Eman Ashour: First Goalscorer,,,finalized,2026-07-03T21:04:43Z,,,,,,,,,,,,,,2026-07-29T11:46:28Z
KXWCFIRSTGOAL-26JUL03AUSEGY-AUSNIRANK17,KXWCFIRSTGOAL-26JUL03AUSEGY,,Nestory Irankunda: First Goalscorer,,,finalized,2026-07-03T21:04:42Z,,,,,,,,,,,,,,2026-07-29T11:46:28Z
KXWCFIRSTGOAL-26JUL03AUSEGY-AUSLHERRI22,KXWCFIRSTGOAL-26JUL03AUSEGY,,Lucas Herrington: First Goalscorer,,,finalized,2026-07-03T21:04:42Z,,,,,,,,,,,,,,2026-07-29T11:46:28Z
KXWCFIRSTGOAL-26JUL03AUSEGY-AUSJIRVIN7,KXWCFIRSTGOAL-26JUL03AUSEGY,,Jackson Irvine: First Goalscorer,,,finalized,2026-07-03T21:04:42Z,,,,,,,,,,,,,,2026-07-29T11:46:28Z
KXWCFIRSTGOAL-26JUL03AUSEGY-AUSJBOS15,KXWCFIRSTGOAL-26JUL03AUSEGY,,Jordan Bos: First Goalscorer,,,finalized,2026-07-03T21:04:42Z,,,,,,,,,,,,,,2026-07-29T11:46:28Z
KXWCFIRSTGOAL-26JUL03AUSEGY-AUSHSOUTT19,KXWCFIRSTGOAL-26JUL03AUSEGY,,Harry Souttar: First Goalscorer,,,finalized,2026-07-03T21:04:43Z,,,,,,,,,,,,,,2026-07-29T11:46:28Z
KXWCFIRSTGOAL-26JUL03AUSEGY-AUSCVOLPA7,KXWCFIRSTGOAL-26JUL03AUSEGY,,Cristian Volpato: First Goalscorer,,,finalized,2026-07-03T21:04:42Z,,,,,,,,,,,,,,2026-07-29T11:46:28Z
KXWCFIRSTGOAL-26JUL03AUSEGY-AUSCMETCA24,KXWCFIRSTGOAL-26JUL03AUSEGY,,Conor Metcalfe: First Goalscorer,,,finalized,2026-07-03T21:04:43Z,,,,,,,,,,,,,,2026-07-29T11:46:28Z
KXWCFIRSTGOAL-26JUL03AUSEGY-AUSAONEI21,KXWCFIRSTGOAL-26JUL03AUSEGY,,Aiden O'Neill: First Goalscorer,,,finalized,2026-07-03T21:04:43Z,,,,,,,,,,,,,,2026-07-29T11:46:28Z
KXWCFIRSTGOAL-26JUL03AUSEGY-AUSACIRCA39,KXWCFIRSTGOAL-26JUL03AUSEGY,,Alessandro Circati: First Goalscorer,,,finalized,2026-07-03T21:04:42Z,,,,,,,,,,,,,,2026-07-29T11:46:28Z
KXWCFIRSTGOAL-26JUL03AUSEGY-AUSABEHIC16,KXWCFIRSTGOAL-26JUL03AUSEGY,,Aziz Behich: First Goalscorer,,,finalized,2026-07-03T21:04:42Z,,,,,,,,,,,,,,2026-07-29T11:46:28Z
KXWCFIRSTGOAL-26JUL02SUIDZA-SUIRVARGA11,KXWCFIRSTGOAL-26JUL02SUIDZA,,Ruben Vargas: First Goalscorer,,,finalized,2026-07-03T05:10:01Z,,,,,,,,,,,,,,2026-07-29T11:46:28Z
KXWCFIRSTGOAL-26JUL02SUIDZA-SUIRRODRI12,KXWCFIRSTGOAL-26JUL02SUIDZA,,Ricardo Rodriguez: First Goalscorer,,,finalized,2026-07-03T05:10:00Z,,,,,,,,,,,,,,2026-07-29T11:46:28Z
KXWCFIRSTGOAL-26JUL02SUIDZA-SUIRFREUL8,KXWCFIRSTGOAL-26JUL02SUIDZA,,Remo Freuler: First Goalscorer,,,finalized,2026-07-03T05:10:00Z,,,,,,,,,,,,,,2026-07-29T11:46:28Z
KXWCFIRSTGOAL-26JUL02SUIDZA-SUINELVED30,KXWCFIRSTGOAL-26JUL02SUIDZA,,Nico Elvedi: First Goalscorer,,,finalized,2026-07-03T05:10:00Z,,,,,,,,,,,,,,2026-07-29T11:46:28Z
KXWCFIRSTGOAL-26JUL02SUIDZA-SUIMAKANJ25,KXWCFIRSTGOAL-26JUL02SUIDZA,,Manuel Akanji: First Goalscorer,,,finalized,2026-07-03T05:10:00Z,,,,,,,,,,,,,,2026-07-29T11:46:28Z
KXWCFIRSTGOAL-26JUL02SUIDZA-SUIJMANZA44,KXWCFIRSTGOAL-26JUL02SUIDZA,,Johan Manzambi: First Goalscorer,,,finalized,2026-07-03T05:10:01Z,,,,,,,,,,,,,,2026-07-29T11:46:28Z
KXWCFIRSTGOAL-26JUL02SUIDZA-SUIGXHAKA34,KXWCFIRSTGOAL-26JUL02SUIDZA,,Granit Xhaka: First Goalscorer,,,finalized,2026-07-03T05:10:01Z,,,,,,,,,,,,,,2026-07-29T11:46:28Z
KXWCFIRSTGOAL-26JUL02SUIDZA-SUIDZAKAR6,KXWCFIRSTGOAL-26JUL02SUIDZA,,Denis Zakaria: First Goalscorer,,,finalized,2026-07-03T05:10:00Z,,,,,,,,,,,,,,2026-07-29T11:46:28Z
KXWCFIRSTGOAL-26JUL02SUIDZA-SUIDNDOYE14,KXWCFIRSTGOAL-26JUL02SUIDZA,,Dan Ndoye: First Goalscorer,,,finalized,2026-07-03T05:10:01Z,,,,,,,,,,,,,,2026-07-29T11:46:28Z
KXWCFIRSTGOAL-26JUL02SUIDZA-SUIBEMBOL7,KXWCFIRSTGOAL-26JUL02SUIDZA,,Breel Embolo: First Goalscorer,,,finalized,2026-07-03T05:10:01Z,,,,,,,,,,,,,,2026-07-29T11:46:28Z
KXWCFIRSTGOAL-26JUL02SUIDZA-NOGOAL,KXWCFIRSTGOAL-26JUL02SUIDZA,,No Goal: First Goalscorer,,,finalized,2026-07-03T05:10:00Z,,,,,,,,,,,,,,2026-07-29T11:46:28Z
KXWCFIRSTGOAL-26JUL02SUIDZA-DZARZERRO6,KXWCFIRSTGOAL-26JUL02SUIDZA,,Ramiz Zerrouki: First Goalscorer,,,finalized,2026-07-03T05:10:02Z,,,,,,,,,,,,,,2026-07-29T11:46:28Z
KXWCFIRSTGOAL-26JUL02SUIDZA-DZARMAHRE7,KXWCFIRSTGOAL-26JUL02SUIDZA,,Riyad Mahrez: First Goalscorer,,,finalized,2026-07-03T05:10:02Z,,,,,,,,,,,,,,2026-07-29T11:46:28Z
KXWCFIRSTGOAL-26JUL02SUIDZA-DZARBENSE5,KXWCFIRSTGOAL-26JUL02SUIDZA,,Ramy Bensebaini: First Goalscorer,,,finalized,2026-07-03T05:10:02Z,,,,,,,,,,,,,,2026-07-29T11:46:28Z
KXWCFIRSTGOAL-26JUL02SUIDZA-DZARBELGH7,KXWCFIRSTGOAL-26JUL02SUIDZA,,Rafik Belghali: First Goalscorer,,,finalized,2026-07-03T05:10:01Z,,,,,,,,,,,,,,2026-07-29T11:46:28Z
KXWCFIRSTGOAL-26JUL02SUIDZA-DZARAITN21,KXWCFIRSTGOAL-26JUL02SUIDZA,,Rayan Ait-Nouri: First Goalscorer,,,finalized,2026-07-03T05:10:02Z,,,,,,,,,,,,,,2026-07-29T11:46:28Z
KXWCFIRSTGOAL-26JUL02SUIDZA-DZANBENTA6,KXWCFIRSTGOAL-26JUL02SUIDZA,,Nabil Bentaleb: First Goalscorer,,,finalized,2026-07-03T05:10:02Z,,,,,,,,,,,,,,2026-07-29T11:46:28Z
KXWCFIRSTGOAL-26JUL02SUIDZA-DZAIMAZA30,KXWCFIRSTGOAL-26JUL02SUIDZA,,Ibrahim Maza: First Goalscorer,,,finalized,2026-07-03T05:10:03Z,,,,,,,,,,,,,,2026-07-29T11:46:28Z
KXWCFIRSTGOAL-26JUL02SUIDZA-DZAHAOUAR10,KXWCFIRSTGOAL-26JUL02SUIDZA,,Houssem Aouar: First Goalscorer,,,finalized,2026-07-03T05:10:02Z,,,,,,,,,,,,,,2026-07-29T11:46:28Z
KXWCFIRSTGOAL-26JUL02SUIDZA-DZAFCHAIB8,KXWCFIRSTGOAL-26JUL02SUIDZA,,Fares Chaibi: First Goalscorer,,,finalized,2026-07-03T05:10:02Z,,,,,,,,,,,,,,2026-07-29T11:46:28Z
KXWCFIRSTGOAL-26JUL02SUIDZA-DZAAMANDI23,KXWCFIRSTGOAL-26JUL02SUIDZA,,Aissa Mandi: First Goalscorer,,,finalized,2026-07-03T05:10:01Z,,,,,,,,,,,,,,2026-07-29T11:46:28Z
KXWCFIRSTGOAL-26JUL02PORCRO-CROIMATAN31,KXWCFIRSTGOAL-26JUL02PORCRO,,Igor Matanovic: First Goalscorer,,,finalized,2026-07-03T01:19:57Z,,,,,,,,,,,,,,2026-07-29T11:46:28Z
KXWCFIRSTGOAL-26JUL02PORCRO-PORVITI17,KXWCFIRSTGOAL-26JUL02PORCRO,,Vitinha: First Goalscorer,,,finalized,2026-07-03T01:19:54Z,,,,,,,,,,,,,,2026-07-29T11:46:28Z
KXWCFIRSTGOAL-26JUL02PORCRO-PORRVEIGA12,KXWCFIRSTGOAL-26JUL02PORCRO,,Renato Veiga: First Goalscorer,,,finalized,2026-07-03T01:19:54Z,,,,,,,,,,,,,,2026-07-29T11:46:28Z
KXWCFIRSTGOAL-26JUL02PORCRO-PORRLEAO10,KXWCFIRSTGOAL-26JUL02PORCRO,,Rafael Leao: First Goalscorer,,,finalized,2026-07-03T01:19:55Z,,,,,,,,,,,,,,2026-07-29T11:46:28Z
KXWCFIRSTGOAL-26JUL02PORCRO-PORRDIAS3,KXWCFIRSTGOAL-26JUL02PORCRO,,Ruben Dias: First Goalscorer,,,finalized,2026-07-03T01:19:54Z,,,,,,,,,,,,,,2026-07-29T11:46:28Z
KXWCFIRSTGOAL-26JUL02PORCRO-PORPNETO7,KXWCFIRSTGOAL-26JUL02PORCRO,,Pedro Neto: First Goalscorer,,,finalized,2026-07-03T01:19:54Z,,,,,,,,,,,,,,2026-07-29T11:46:28Z
KXWCFIRSTGOAL-26JUL02PORCRO-PORNMENDE25,KXWCFIRSTGOAL-26JUL02PORCRO,,Nuno Mendes: First Goalscorer,,,finalized,2026-07-03T01:19:54Z,,,,,,,,,,,,,,2026-07-29T11:46:28Z
KXWCFIRSTGOAL-26JUL02PORCRO-PORJNEVES87,KXWCFIRSTGOAL-26JUL02PORCRO,,Joao Neves: First Goalscorer,,,finalized,2026-07-03T01:19:54Z,,,,,,,,,,,,,,2026-07-29T11:46:28Z
KXWCFIRSTGOAL-26JUL02PORCRO-PORJCANCE20,KXWCFIRSTGOAL-26JUL02PORCRO,,Joao Cancelo: First Goalscorer,,,finalized,2026-07-03T01:19:53Z,,,,,,,,,,,,,,2026-07-29T11:46:28Z
KXWCFIRSTGOAL-26JUL02PORCRO-PORCRIS7,KXWCFIRSTGOAL-26JUL02PORCRO,,Cristiano Ronaldo: First Goalscorer,,,finalized,2026-07-03T01:19:55Z,,,,,,,,,,,,,,2026-07-29T11:46:28Z
KXWCFIRSTGOAL-26JUL02PORCRO-PORBFERNA8,KXWCFIRSTGOAL-26JUL02PORCRO,,Bruno Fernandes: First Goalscorer,,,finalized,2026-07-03T01:19:55Z,,,,,,,,,,,,,,2026-07-29T11:46:28Z
KXWCFIRSTGOAL-26JUL02PORCRO-NOGOAL,KXWCFIRSTGOAL-26JUL02PORCRO,,No Goal: First Goalscorer,,,finalized,2026-07-03T01:19:53Z,,,,,,,,,,,,,,2026-07-29T11:46:28Z
KXWCFIRSTGOAL-26JUL02PORCRO-CROPSUCIC8,KXWCFIRSTGOAL-26JUL02PORCRO,,Petar Sucic: First Goalscorer,,,finalized,2026-07-03T01:19:56Z,,,,,,,,,,,,,,2026-07-29T11:46:28Z
KXWCFIRSTGOAL-26JUL02PORCRO-CRONVLASI10,KXWCFIRSTGOAL-26JUL02PORCRO,,Nikola Vlasic: First Goalscorer,,,finalized,2026-07-03T01:19:56Z,,,,,,,,,,,,,,2026-07-29T11:46:28Z
KXWCFIRSTGOAL-26JUL02PORCRO-CROMPONGR5,KXWCFIRSTGOAL-26JUL02PORCRO,,Marin Pongracic: First Goalscorer,,,finalized,2026-07-03T01:19:55Z,,,,,,,,,,,,,,2026-07-29T11:46:28Z
KXWCFIRSTGOAL-26JUL02PORCRO-CROMKOVAC8,KXWCFIRSTGOAL-26JUL02PORCRO,,Mateo Kovacic: First Goalscorer,,,finalized,2026-07-03T01:19:56Z,,,,,,,,,,,,,,2026-07-29T11:46:28Z
KXWCFIRSTGOAL-26JUL02PORCRO-CROMBATUR20,KXWCFIRSTGOAL-26JUL02PORCRO,,Martin Baturina: First Goalscorer,,,finalized,2026-07-03T01:19:56Z,,,,,,,,,,,,,,2026-07-29T11:46:28Z
KXWCFIRSTGOAL-26JUL02PORCRO-CROLMODRI14,KXWCFIRSTGOAL-26JUL02PORCRO,,Luka Modric: First Goalscorer,,,finalized,2026-07-03T01:19:56Z,,,,,,,,,,,,,,2026-07-29T11:46:28Z
KXWCFIRSTGOAL-26JUL02PORCRO-CROJSUTAL37,KXWCFIRSTGOAL-26JUL02PORCRO,,Josip Sutalo: First Goalscorer,,,finalized,2026-07-03T01:19:55Z,,,,,,,,,,,,,,2026-07-29T11:46:28Z
KXWCFIRSTGOAL-26JUL02PORCRO-CROJSTANI44,KXWCFIRSTGOAL-26JUL02PORCRO,,Josip Stanisic: First Goalscorer,,,finalized,2026-07-03T01:19:55Z,,,,,,,,,,,,,,2026-07-29T11:46:28Z
KXWCFIRSTGOAL-26JUL02PORCRO-CROIPERIS5,KXWCFIRSTGOAL-26JUL02PORCRO,,Ivan Perisic: First Goalscorer,,,finalized,2026-07-03T01:19:55Z,,,,,,,,,,,,,,2026-07-29T11:46:28Z
KXWCFIRSTGOAL-26JUL02PORCRO-CROABUDIM17,KXWCFIRSTGOAL-26JUL02PORCRO,,Ante Budimir: First Goalscorer,,,finalized,2026-07-03T01:19:56Z,,,,,,,,,,,,,,2026-07-29T11:46:28Z
KXWCFIRSTGOAL-26JUL02ESPAUT-NOGOAL,KXWCFIRSTGOAL-26JUL02ESPAUT,,No Goal: First Goalscorer,,,finalized,2026-07-02T21:14:39Z,,,,,,,,,,,,,,2026-07-29T11:46:28Z
KXWCFIRSTGOAL-26JUL02ESPAUT-ESPRODR16,KXWCFIRSTGOAL-26JUL02ESPAUT,,Rodri: First Goalscorer,,,finalized,2026-07-02T21:14:39Z,,,,,,,,,,,,,,2026-07-29T11:46:28Z
KXWCFIRSTGOAL-26JUL02ESPAUT-ESPPPORRO23,KXWCFIRSTGOAL-26JUL02ESPAUT,,Pedro Porro: First Goalscorer,,,finalized,2026-07-02T21:14:39Z,,,,,,,,,,,,,,2026-07-29T11:46:28Z
KXWCFIRSTGOAL-26JUL02ESPAUT-ESPPEDR8,KXWCFIRSTGOAL-26JUL02ESPAUT,,Pedri: First Goalscorer,,,finalized,2026-07-02T21:14:40Z,,,,,,,,,,,,,,2026-07-29T11:46:28Z
KXWCFIRSTGOAL-26JUL02ESPAUT-ESPPCUBAR5,KXWCFIRSTGOAL-26JUL02ESPAUT,,Pau Cubarsi: First Goalscorer,,,finalized,2026-07-02T21:14:39Z,,,,,,,,,,,,,,2026-07-29T11:46:28Z
KXWCFIRSTGOAL-26JUL02ESPAUT-ESPMOYARZ10,KXWCFIRSTGOAL-26JUL02ESPAUT,,Mikel Oyarzabal: First Goalscorer,,,finalized,2026-07-02T21:14:40Z,,,,,,,,,,,,,,2026-07-29T11:46:28Z
KXWCFIRSTGOAL-26JUL02ESPAUT-ESPMCUCUR3,KXWCFIRSTGOAL-26JUL02ESPAUT,,Marc Cucurella: First Goalscorer,,,finalized,2026-07-02T21:14:39Z,,,,,,,,,,,,,,2026-07-29T11:46:28Z
KXWCFIRSTGOAL-26JUL02ESPAUT-ESPLYAMAL10,KXWCFIRSTGOAL-26JUL02ESPAUT,,Lamine Yamal: First Goalscorer,,,finalized,2026-07-02T21:14:40Z,,,,,,,,,,,,,,2026-07-29T11:46:28Z
KXWCFIRSTGOAL-26JUL02ESPAUT-ESPDOLMO20,KXWCFIRSTGOAL-26JUL02ESPAUT,,Dani Olmo: First Goalscorer,,,finalized,2026-07-02T21:14:40Z,,,,,,,,,,,,,,2026-07-29T11:46:28Z
KXWCFIRSTGOAL-26JUL02ESPAUT-ESPALAPOR14,KXWCFIRSTGOAL-26JUL02ESPAUT,,Aymeric Laporte: First Goalscorer,,,finalized,2026-07-02T21:14:39Z,,,,,,,,,,,,,,2026-07-29T11:46:28Z
KXWCFIRSTGOAL-26JUL02ESPAUT-ESPABAENA10,KXWCFIRSTGOAL-26JUL02ESPAUT,,Alex Baena: First Goalscorer,,,finalized,2026-07-02T21:14:40Z,,,,,,,,,,,,,,2026-07-29T11:46:28Z
KXWCFIRSTGOAL-26JUL02ESPAUT-AUTXSCHLA24,KXWCFIRSTGOAL-26JUL02ESPAUT,,Xaver Schlager: First Goalscorer,,,finalized,2026-07-02T21:14:41Z,,,,,,,,,,,,,,2026-07-29T11:46:28Z
KXWCFIRSTGOAL-26JUL02ESPAUT-AUTSPOSCHNA,KXWCFIRSTGOAL-26JUL02ESPAUT,,Stefan Posch: First Goalscorer,,,finalized,2026-07-02T21:14:40Z,,,,,,,,,,,,,,2026-07-29T11:46:28Z
KXWCFIRSTGOAL-26JUL02ESPAUT-AUTRSCHMI20,KXWCFIRSTGOAL-26JUL02ESPAUT,,Romano Schmid: First Goalscorer,,,finalized,2026-07-02T21:14:42Z,,,,,,,,,,,,,,2026-07-29T11:46:28Z
KXWCFIRSTGOAL-26JUL02ESPAUT-AUTPWANNE10,KXWCFIRSTGOAL-26JUL02ESPAUT,,Paul Wanner: First Goalscorer,,,finalized,2026-07-02T21:14:41Z,,,,,,,,,,,,,,2026-07-29T11:46:28Z
KXWCFIRSTGOAL-26JUL02ESPAUT-AUTNSEIWA13,KXWCFIRSTGOAL-26JUL02ESPAUT,,Nicolas Seiwald: First Goalscorer,,,finalized,2026-07-02T21:14:41Z,,,,,,,,,,,,,,2026-07-29T11:46:28Z
KXWCFIRSTGOAL-26JUL02ESPAUT-AUTMSABIT20,KXWCFIRSTGOAL-26JUL02ESPAUT,,Marcel Sabitzer: First Goalscorer,,,finalized,2026-07-02T21:14:41Z,,,,,,,,,,,,,,2026-07-29T11:46:28Z
KXWCFIRSTGOAL-26JUL02ESPAUT-AUTMGREGO38,KXWCFIRSTGOAL-26JUL02ESPAUT,,Michael Gregoritsch: First Goalscorer,,,finalized,2026-07-02T21:14:41Z,,,,,,,,,,,,,,2026-07-29T11:46:28Z
KXWCFIRSTGOAL-26JUL02ESPAUT-AUTKLAIME27,KXWCFIRSTGOAL-26JUL02ESPAUT,,Konrad Laimer: First Goalscorer,,,finalized,2026-07-02T21:14:41Z,,,,,,,,,,,,,,2026-07-29T11:46:28Z
KXWCFIRSTGOAL-26JUL02ESPAUT-AUTKDANSO4,KXWCFIRSTGOAL-26JUL02ESPAUT,,Kevin Danso: First Goalscorer,,,finalized,2026-07-02T21:14:40Z,,,,,,,,,,,,,,2026-07-29T11:46:28Z
KXWCFIRSTGOAL-26JUL02ESPAUT-AUTDALABA4,KXWCFIRSTGOAL-26JUL02ESPAUT,,David Alaba: First Goalscorer,,,finalized,2026-07-02T21:14:41Z,,,,,,,,,,,,,,2026-07-29T11:46:28Z
KXWCFIRSTGOAL-26JUL01USABIH-USAWMCKEN22,KXWCFIRSTGOAL-26JUL01USABIH,,Weston McKennie: First Goalscorer,,,finalized,2026-07-02T02:14:45Z,,,,,,,,,,,,,,2026-07-29T11:46:28Z
KXWCFIRSTGOAL-26JUL01USABIH-USATREAM3,KXWCFIRSTGOAL-26JUL01USABIH,,Tim Ream: First Goalscorer,,,finalized,2026-07-02T02:14:44Z,,,,,,,,,,,,,,2026-07-29T11:46:28Z
KXWCFIRSTGOAL-26JUL01USABIH-USATADAMS12,KXWCFIRSTGOAL-26JUL01USABIH,,Tyler Adams: First Goalscorer,,,finalized,2026-07-02T02:14:45Z,,,,,,,,,,,,,,2026-07-29T11:46:28Z
KXWCFIRSTGOAL-26JUL01USABIH-USASDEST8,KXWCFIRSTGOAL-26JUL01USABIH,,Sergino Dest: First Goalscorer,,,finalized,2026-07-02T02:14:45Z,,,,,,,,,,,,,,2026-07-29T11:46:28Z
KXWCFIRSTGOAL-26JUL01USABIH-USAMTILLM10,KXWCFIRSTGOAL-26JUL01USABIH,,Malik Tillman: First Goalscorer,,,finalized,2026-07-02T02:14:45Z,,,,,,,,,,,,,,2026-07-29T11:46:28Z
KXWCFIRSTGOAL-26JUL01USABIH-USAFBALOG9,KXWCFIRSTGOAL-26JUL01USABIH,,Folarin Balogun: First Goalscorer,,,finalized,2026-07-02T02:08:05Z,,,,,,,,,,,,,,2026-07-29T11:46:28Z
KXWCFIRSTGOAL-26JUL01USABIH-USACRICHA26,KXWCFIRSTGOAL-26JUL01USABIH,,Chris Richards: First Goalscorer,,,finalized,2026-07-02T02:14:44Z,,,,,,,,,,,,,,2026-07-29T11:46:28Z
KXWCFIRSTGOAL-26JUL01USABIH-USACPULIS11,KXWCFIRSTGOAL-26JUL01USABIH,,Christian Pulisic: First Goalscorer,,,finalized,2026-07-02T02:14:45Z,,,,,,,,,,,,,,2026-07-29T11:46:28Z
KXWCFIRSTGOAL-26JUL01USABIH-USAAROBIN33,KXWCFIRSTGOAL-26JUL01USABIH,,Antonee Robinson: First Goalscorer,,,finalized,2026-07-02T02:14:44Z,,,,,,,,,,,,,,2026-07-29T11:46:28Z
KXWCFIRSTGOAL-26JUL01USABIH-USAAFREEM3,KXWCFIRSTGOAL-26JUL01USABIH,,Alex Freeman: First Goalscorer,,,finalized,2026-07-02T02:14:44Z,,,,,,,,,,,,,,2026-07-29T11:46:28Z
KXWCFIRSTGOAL-26JUL01USABIH-NOGOAL,KXWCFIRSTGOAL-26JUL01USABIH,,No Goal: First Goalscorer,,,finalized,2026-07-02T02:14:44Z,,,,,,,,,,,,,,2026-07-29T11:46:28Z
KXWCFIRSTGOAL-26JUL01USABIH-BIHTMUHAR80,KXWCFIRSTGOAL-26JUL01USABIH,,Tarik Muharemovic: First Goalscorer,,,finalized,2026-07-02T02:14:46Z,,,,,,,,,,,,,,2026-07-29T11:46:28Z
KXWCFIRSTGOAL-26JUL01USABIH-BIHSRADEL6,KXWCFIRSTGOAL-26JUL01USABIH,,Stjepan Radeljic: First Goalscorer,,,finalized,2026-07-02T02:14:46Z,,,,,,,,,,,,,,2026-07-29T11:46:28Z
KXWCFIRSTGOAL-26JUL01USABIH-BIHSKOLAS23,KXWCFIRSTGOAL-26JUL01USABIH,,Sead Kolasinac: First Goalscorer,,,finalized,2026-07-02T02:14:46Z,,,,,,,,,,,,,,2026-07-29T11:46:28Z
KXWCFIRSTGOAL-26JUL01USABIH-BIHNKATIC18,KXWCFIRSTGOAL-26JUL01USABIH,,Nikola Katic: First Goalscorer,,,finalized,2026-07-02T02:14:45Z,,,,,,,,,,,,,,2026-07-29T11:46:28Z
KXWCFIRSTGOAL-26JUL01USABIH-BIHKALAJB27,KXWCFIRSTGOAL-26JUL01USABIH,,Kerim Alajbegovic: First Goalscorer,,,finalized,2026-07-02T02:14:47Z,,,,,,,,,,,,,,2026-07-29T11:46:28Z
KXWCFIRSTGOAL-26JUL01USABIH-BIHISUNJI26,KXWCFIRSTGOAL-26JUL01USABIH,,Ivan Sunjic: First Goalscorer,,,finalized,2026-07-02T02:14:46Z,,,,,,,,,,,,,,2026-07-29T11:46:28Z
KXWCFIRSTGOAL-26JUL01USABIH-BIHEDZEKONA,KXWCFIRSTGOAL-26JUL01USABIH,,Edin Dzeko: First Goalscorer,,,finalized,2026-07-02T02:14:46Z,,,,,,,,,,,,,,2026-07-29T11:46:28Z
KXWCFIRSTGOAL-26JUL01USABIH-BIHEDEMIR9,KXWCFIRSTGOAL-26JUL01USABIH,,Ermedin Demirovic: First Goalscorer,,,finalized,2026-07-02T02:14:47Z,,,,,,,,,,,,,,2026-07-29T11:46:28Z
KXWCFIRSTGOAL-26JUL01USABIH-BIHAGIGOV8,KXWCFIRSTGOAL-26JUL01USABIH,,Armin Gigovic: First Goalscorer,,,finalized,2026-07-02T02:14:46Z,,,,,,,,,,,,,,2026-07-29T11:46:28Z
KXWCFIRSTGOAL-26JUL01USABIH-BIHADEDIC17,KXWCFIRSTGOAL-26JUL01USABIH,,Amar Dedic: First Goalscorer,,,finalized,2026-07-02T02:14:46Z,,,,,,,,,,,,,,2026-07-29T11:46:28Z
KXWCFIRSTGOAL-26JUL01BELSEN-SENSMANE10,KXWCFIRSTGOAL-26JUL01BELSEN,,Sadio Mane: First Goalscorer,,,finalized,2026-07-01T23:00:08Z,,,,,,,,,,,,,,2026-07-29T11:46:28Z
KXWCFIRSTGOAL-26JUL01BELSEN-SENPGUEYE18,KXWCFIRSTGOAL-26JUL01BELSEN,,Pape Gueye: First Goalscorer,,,finalized,2026-07-01T23:00:09Z,,,,,,,,,,,,,,2026-07-29T11:46:28Z
KXWCFIRSTGOAL-26JUL01BELSEN-SENPCISS6,KXWCFIRSTGOAL-26JUL01BELSEN,,Pathe Ciss: First Goalscorer,,,finalized,2026-07-01T23:00:09Z,,,,,,,,,,,,,,2026-07-29T11:46:28Z
KXWCFIRSTGOAL-26JUL01BELSEN-SENMNIAKH19,KXWCFIRSTGOAL-26JUL01BELSEN,,Moussa Niakhate: First Goalscorer,,,finalized,2026-07-01T23:00:08Z,,,,,,,,,,,,,,2026-07-29T11:46:28Z
KXWCFIRSTGOAL-26JUL01BELSEN-SENKDIATT27,KXWCFIRSTGOAL-26JUL01BELSEN,,Krepin Diatta: First Goalscorer,,,finalized,2026-07-01T23:00:08Z,,,,,,,,,,,,,,2026-07-29T11:46:28Z
KXWCFIRSTGOAL-26JUL01BELSEN-SENISARR7,KXWCFIRSTGOAL-26JUL01BELSEN,,Ismaila Sarr: First Goalscorer,,,finalized,2026-07-01T23:00:08Z,,,,,,,,,,,,,,2026-07-29T11:46:28Z
KXWCFIRSTGOAL-26JUL01BELSEN-SENINDIAY10,KXWCFIRSTGOAL-26JUL01BELSEN,,Iliman Ndiaye: First Goalscorer,,,finalized,2026-07-01T23:00:07Z,,,,,,,,,,,,,,2026-07-29T11:46:28Z
KXWCFIRSTGOAL-26JUL01BELSEN-SENIJAKOB4,KXWCFIRSTGOAL-26JUL01BELSEN,,Ismail Jakobs: First Goalscorer,,,finalized,2026-07-01T23:00:08Z,,,,,,,,,,,,,,2026-07-29T11:46:28Z
KXWCFIRSTGOAL-26JUL01BELSEN-SENIGUEYE27,KXWCFIRSTGOAL-26JUL01BELSEN,,Idrissa Gana Gueye: First Goalscorer,,,finalized,2026-07-01T23:00:08Z,,,,,,,,,,,,,,2026-07-29T11:46:28Z
KXWCFIRSTGOAL-26JUL01BELSEN-SENHDIARR19,KXWCFIRSTGOAL-26JUL01BELSEN,,Habib Diarra: First Goalscorer,,,finalized,2026-07-01T23:00:08Z,,,,,,,,,,,,,,2026-07-29T11:46:28Z
KXWCFIRSTGOAL-26JUL01BELSEN-NOGOAL,KXWCFIRSTGOAL-26JUL01BELSEN,,No Goal: First Goalscorer,,,finalized,2026-07-01T23:00:06Z,,,,,,,,,,,,,,2026-07-29T11:46:28Z
KXWCFIRSTGOAL-26JUL01BELSEN-BELYTIELE8,KXWCFIRSTGOAL-26JUL01BELSEN,,Youri Tielemans: First Goalscorer,,,finalized,2026-07-01T23:00:07Z,,,,,,,,,,,,,,2026-07-29T11:46:28Z
KXWCFIRSTGOAL-26JUL01BELSEN-BELTCASTA21,KXWCFIRSTGOAL-26JUL01BELSEN,,Timothy Castagne: First Goalscorer,,,finalized,2026-07-01T23:00:07Z,,,,,,,,,,,,,,2026-07-29T11:46:28Z
KXWCFIRSTGOAL-26JUL01BELSEN-BELMDECU29,KXWCFIRSTGOAL-26JUL01BELSEN,,Maxime De Cuyper: First Goalscorer,,,finalized,2026-07-01T23:00:06Z,,,,,,,,,,,,,,2026-07-29T11:46:28Z
KXWCFIRSTGOAL-26JUL01BELSEN-BELLTROSS19,KXWCFIRSTGOAL-26JUL01BELSEN,,Leandro Trossard: First Goalscorer,,,finalized,2026-07-01T23:00:07Z,,,,,,,,,,,,,,2026-07-29T11:46:28Z
KXWCFIRSTGOAL-26JUL01BELSEN-BELKDEBR11,KXWCFIRSTGOAL-26JUL01BELSEN,,Kevin De Bruyne: First Goalscorer,,,finalized,2026-07-01T23:00:06Z,,,,,,,,,,,,,,2026-07-29T11:46:28Z
KXWCFIRSTGOAL-26JUL01BELSEN-BELJDOKU11,KXWCFIRSTGOAL-26JUL01BELSEN,,Jeremy Doku: First Goalscorer,,,finalized,2026-07-01T23:00:07Z,,,,,,,,,,,,,,2026-07-29T11:46:28Z
KXWCFIRSTGOAL-26JUL01BELSEN-BELHVANAK20,KXWCFIRSTGOAL-26JUL01BELSEN,,Hans Vanaken: First Goalscorer,,,finalized,2026-07-01T23:00:06Z,,,,,,,,,,,,,,2026-07-29T11:46:28Z
KXWCFIRSTGOAL-26JUL01BELSEN-BELCDEKE17,KXWCFIRSTGOAL-26JUL01BELSEN,,Charles De Ketelaere: First Goalscorer,,,finalized,2026-07-01T23:00:06Z,,,,,,,,,,,,,,2026-07-29T11:46:28Z
KXWCFIRSTGOAL-26JUL01BELSEN-BELBMECHE44,KXWCFIRSTGOAL-26JUL01BELSEN,,Brandon Mechele: First Goalscorer,,,finalized,2026-07-01T23:00:07Z,,,,,,,,,,,,,,2026-07-29T11:46:28Z
KXWCFIRSTGOAL-26JUL01BELSEN-BELATHEAT3,KXWCFIRSTGOAL-26JUL01BELSEN,,Arthur Theate: First Goalscorer,,,finalized,2026-07-01T23:00:06Z,,,,,,,,,,,,,,2026-07-29T11:46:28Z
KXWCFIRSTGOAL-26JUL01ENGCOD-NOGOAL,KXWCFIRSTGOAL-26JUL01ENGCOD,,No Goal: First Goalscorer,,,finalized,2026-07-01T18:20:02Z,,,,,,,,,,,,,,2026-07-29T11:46:28Z
KXWCFIRSTGOAL-26JUL01ENGCOD-ENGNOREI33,KXWCFIRSTGOAL-26JUL01ENGCOD,,Nico O'Reilly: First Goalscorer,,,finalized,2026-07-01T18:20:03Z,,,,,,,,,,,,,,2026-07-29T11:46:28Z
KXWCFIRSTGOAL-26JUL01ENGCOD-ENGNMADUE20,KXWCFIRSTGOAL-26JUL01ENGCOD,,Noni Madueke: First Goalscorer,,,finalized,2026-07-01T18:20:02Z,,,,,,,,,,,,,,2026-07-29T11:46:28Z
KXWCFIRSTGOAL-26JUL01ENGCOD-ENGMRASHF14,KXWCFIRSTGOAL-26JUL01ENGCOD,,Marcus Rashford: First Goalscorer,,,finalized,2026-07-01T18:20:03Z,,,,,,,,,,,,,,2026-07-29T11:46:28Z
KXWCFIRSTGOAL-26JUL01ENGCOD-ENGMGUEHI15,KXWCFIRSTGOAL-26JUL01ENGCOD,,Marc Guehi: First Goalscorer,,,finalized,2026-07-01T18:20:03Z,,,,,,,,,,,,,,2026-07-29T11:46:28Z
KXWCFIRSTGOAL-26JUL01ENGCOD-ENGJBELLI5,KXWCFIRSTGOAL-26JUL01ENGCOD,,Jude Bellingham: First Goalscorer,,,finalized,2026-07-01T18:20:03Z,,,,,,,,,,,,,,2026-07-29T11:46:28Z
KXWCFIRSTGOAL-26JUL01ENGCOD-ENGHKANE9,KXWCFIRSTGOAL-26JUL01ENGCOD,,Harry Kane: First Goalscorer,,,finalized,2026-07-01T18:20:03Z,,,,,,,,,,,,,,2026-07-29T11:46:28Z
KXWCFIRSTGOAL-26JUL01ENGCOD-ENGEKONSA4,KXWCFIRSTGOAL-26JUL01ENGCOD,,Ezri Konsa: First Goalscorer,,,finalized,2026-07-01T18:20:04Z,,,,,,,,,,,,,,2026-07-29T11:46:28Z
KXWCFIRSTGOAL-26JUL01ENGCOD-ENGEANDER8,KXWCFIRSTGOAL-26JUL01ENGCOD,,Elliot Anderson: First Goalscorer,,,finalized,2026-07-01T18:20:03Z,,,,,,,,,,,,,,2026-07-29T11:46:28Z
KXWCFIRSTGOAL-26JUL01ENGCOD-ENGDSPENC24,KXWCFIRSTGOAL-26JUL01ENGCOD,,Djed Spence: First Goalscorer,,,finalized,2026-07-01T18:20:02Z,,,,,,,,,,,,,,2026-07-29T11:46:28Z
KXWCFIRSTGOAL-26JUL01ENGCOD-ENGDRICE41,KXWCFIRSTGOAL-26JUL01ENGCOD,,Declan Rice: First Goalscorer,,,finalized,2026-07-01T18:20:03Z,,,,,,,,,,,,,,2026-07-29T11:46:28Z
KXWCFIRSTGOAL-26JUL01ENGCOD-CODYWISSA9,KXWCFIRSTGOAL-26JUL01ENGCOD,,Yoane Wissa: First Goalscorer,,,finalized,2026-07-01T18:20:05Z,,,,,,,,,,,,,,2026-07-29T11:46:28Z
KXWCFIRSTGOAL-26JUL01ENGCOD-CODSMOUTO8,KXWCFIRSTGOAL-26JUL01ENGCOD,,Samuel Moutoussamy: First Goalscorer,,,finalized,2026-07-01T18:20:04Z,,,,,,,,,,,,,,2026-07-29T11:46:28Z
KXWCFIRSTGOAL-26JUL01ENGCOD-CODNSADIK27,KXWCFIRSTGOAL-26JUL01ENGCOD,,Noah Sadiki: First Goalscorer,,,finalized,2026-07-01T18:20:04Z,,,,,,,,,,,,,,2026-07-29T11:46:28Z
KXWCFIRSTGOAL-26JUL01ENGCOD-CODNMUKAU17,KXWCFIRSTGOAL-26JUL01ENGCOD,,Ngal'ayel Mukau: First Goalscorer,,,finalized,2026-07-01T18:20:04Z,,,,,,,,,,,,,,2026-07-29T11:46:28Z
KXWCFIRSTGOAL-26JUL01ENGCOD-CODNMBUKU11,KXWCFIRSTGOAL-26JUL01ENGCOD,,Nathanael Mbuku: First Goalscorer,,,finalized,2026-07-01T18:20:04Z,,,,,,,,,,,,,,2026-07-29T11:46:28Z
KXWCFIRSTGOAL-26JUL01ENGCOD-CODCMBEMB18,KXWCFIRSTGOAL-26JUL01ENGCOD,,Chancel Mbemba: First Goalscorer,,,finalized,2026-07-01T18:20:04Z,,,,,,,,,,,,,,2026-07-29T11:46:28Z
KXWCFIRSTGOAL-26JUL01ENGCOD-CODBCIPEN9,KXWCFIRSTGOAL-26JUL01ENGCOD,,Brian Kibambe Cipenga: First Goalscorer,,,finalized,2026-07-01T18:20:04Z,,,,,,,,,,,,,,2026-07-29T11:46:28Z
KXWCFIRSTGOAL-26JUL01ENGCOD-CODAWANB29,KXWCFIRSTGOAL-26JUL01ENGCOD,,Aaron Wan-Bissaka: First Goalscorer,,,finalized,2026-07-01T18:20:05Z,,,,,,,,,,,,,,2026-07-29T11:46:28Z
KXWCFIRSTGOAL-26JUL01ENGCOD-CODATUANZ6,KXWCFIRSTGOAL-26JUL01ENGCOD,,Axel Tuanzebe: First Goalscorer,,,finalized,2026-07-01T18:20:05Z,,,,,,,,,,,,,,2026-07-29T11:46:28Z
KXWCFIRSTGOAL-26JUL01ENGCOD-CODAMASUA27,KXWCFIRSTGOAL-26JUL01ENGCOD,,Arthur Masuaku: First Goalscorer,,,finalized,2026-07-01T18:20:04Z,,,,,,,,,,,,,,2026-07-29T11:46:28Z
KXWCFIRSTGOAL-26JUN30MEXECU-NOGOAL,KXWCFIRSTGOAL-26JUN30MEXECU,,No Goal: First Goalscorer,,,finalized,2026-07-01T04:09:47Z,,,,,,,,,,,,,,2026-07-29T11:46:28Z
KXWCFIRSTGOAL-26JUN30MEXECU-MEXRJIMEN7,KXWCFIRSTGOAL-26JUN30MEXECU,,Raul Jimenez: First Goalscorer,,,finalized,2026-07-01T04:09:48Z,,,,,,,,,,,,,,2026-07-29T11:46:28Z
KXWCFIRSTGOAL-26JUN30MEXECU-MEXRALVAR25,KXWCFIRSTGOAL-26JUN30MEXECU,,Roberto Alvarado: First Goalscorer,,,finalized,2026-07-01T04:09:49Z,,,,,,,,,,,,,,2026-07-29T11:46:28Z
KXWCFIRSTGOAL-26JUN30MEXECU-MEXLROMO7,KXWCFIRSTGOAL-26JUN30MEXECU,,Luis Romo: First Goalscorer,,,finalized,2026-07-01T04:09:49Z,,,,,,,,,,,,,,2026-07-29T11:46:28Z
KXWCFIRSTGOAL-26JUN30MEXECU-MEXJVASQU22,KXWCFIRSTGOAL-26JUN30MEXECU,,Johan Vasquez: First Goalscorer,,,finalized,2026-07-01T04:09:49Z,,,,,,,,,,,,,,2026-07-29T11:46:28Z
KXWCFIRSTGOAL-26JUN30MEXECU-MEXJSANCH2,KXWCFIRSTGOAL-26JUN30MEXECU,,Jorge Sanchez: First Goalscorer,,,finalized,2026-07-01T04:09:48Z,,,,,,,,,,,,,,2026-07-29T11:46:28Z
KXWCFIRSTGOAL-26JUN30MEXECU-MEXJQUINO33,KXWCFIRSTGOAL-26JUN30MEXECU,,Julian Quinones: First Goalscorer,,,finalized,2026-07-01T04:09:48Z,,,,,,,,,,,,,,2026-07-29T11:46:28Z
KXWCFIRSTGOAL-26JUN30MEXECU-MEXJGALLA23,KXWCFIRSTGOAL-26JUN30MEXECU,,Jesus Gallardo: First Goalscorer,,,finalized,2026-07-01T04:09:48Z,,,,,,,,,,,,,,2026-07-29T11:46:28Z
KXWCFIRSTGOAL-26JUN30MEXECU-MEXGMORA19,KXWCFIRSTGOAL-26JUN30MEXECU,,Gilberto Mora: First Goalscorer,,,finalized,2026-07-01T04:09:48Z,,,,,,,,,,,,,,2026-07-29T11:46:28Z
KXWCFIRSTGOAL-26JUN30MEXECU-MEXELIRA6,KXWCFIRSTGOAL-26JUN30MEXECU,,Erik Lira: First Goalscorer,,,finalized,2026-07-01T04:09:48Z,,,,,,,,,,,,,,2026-07-29T11:46:28Z
KXWCFIRSTGOAL-26JUN30MEXECU-MEXCMONTE3,KXWCFIRSTGOAL-26JUN30MEXECU,,Cesar Montes: First Goalscorer,,,finalized,2026-07-01T04:09:48Z,,,,,,,,,,,,,,2026-07-29T11:46:28Z
KXWCFIRSTGOAL-26JUN30MEXECU-ECUWPACHO51,KXWCFIRSTGOAL-26JUN30MEXECU,,Willian Pacho: First Goalscorer,,,finalized,2026-07-01T04:09:49Z,,,,,,,,,,,,,,2026-07-29T11:46:28Z
KXWCFIRSTGOAL-26JUN30MEXECU-ECUPVITE15,KXWCFIRSTGOAL-26JUN30MEXECU,,Pedro Vite: First Goalscorer,,,finalized,2026-07-01T04:09:49Z,,,,,,,,,,,,,,2026-07-29T11:46:28Z
KXWCFIRSTGOAL-26JUN30MEXECU-ECUPHINCA3,KXWCFIRSTGOAL-26JUN30MEXECU,,Piero Hincapie: First Goalscorer,,,finalized,2026-07-01T04:09:49Z,,,,,,,,,,,,,,2026-07-29T11:46:28Z
KXWCFIRSTGOAL-26JUN30MEXECU-ECUNANGUL10,KXWCFIRSTGOAL-26JUN30MEXECU,,Nilson Angulo: First Goalscorer,,,finalized,2026-07-01T04:09:49Z,,,,,,,,,,,,,,2026-07-29T11:46:28Z
KXWCFIRSTGOAL-26JUN30MEXECU-ECUMCAICE25,KXWCFIRSTGOAL-26JUN30MEXECU,,Moises Caicedo: First Goalscorer,,,finalized,2026-07-01T04:09:49Z,,,,,,,,,,,,,,2026-07-29T11:46:28Z
KXWCFIRSTGOAL-26JUN30MEXECU-ECUJYEBOA9,KXWCFIRSTGOAL-26JUN30MEXECU,,John Yeboah: First Goalscorer,,,finalized,2026-07-01T04:09:50Z,,,,,,,,,,,,,,2026-07-29T11:46:28Z
KXWCFIRSTGOAL-26JUN30MEXECU-ECUJORDON4,KXWCFIRSTGOAL-26JUN30MEXECU,,Joel Ordonez: First Goalscorer,,,finalized,2026-07-01T04:09:50Z,,,,,,,,,,,,,,2026-07-29T11:46:28Z
KXWCFIRSTGOAL-26JUN30MEXECU-ECUGPLATA19,KXWCFIRSTGOAL-26JUN30MEXECU,,Gonzalo Plata: First Goalscorer,,,finalized,2026-07-01T04:09:50Z,,,,,,,,,,,,,,2026-07-29T11:46:28Z
KXWCFIRSTGOAL-26JUN30MEXECU-ECUEVALEN13,KXWCFIRSTGOAL-26JUN30MEXECU,,Enner Valencia: First Goalscorer,,,finalized,2026-07-01T04:09:50Z,,,,,,,,,,,,,,2026-07-29T11:46:28Z
KXWCFIRSTGOAL-26JUN30MEXECU-ECUAFRANC21,KXWCFIRSTGOAL-26JUN30MEXECU,,Alan Franco: First Goalscorer,,,finalized,2026-07-01T04:09:50Z,,,,,,,,,,,,,,2026-07-29T11:46:28Z
KXWCFIRSTGOAL-26JUN30FRASWE-SWEYAYARI26,KXWCFIRSTGOAL-26JUN30FRASWE,,Yasin Ayari: First Goalscorer,,,finalized,2026-06-30T23:09:55Z,,,,,,,,,,,,,,2026-07-29T11:46:28Z
KXWCFIRSTGOAL-26JUN30FRASWE-SWEVLINDE3,KXWCFIRSTGOAL-26JUN30FRASWE,,Victor Lindelof: First Goalscorer,,,finalized,2026-06-30T23:09:56Z,,,,,,,,,,,,,,2026-07-29T11:46:28Z
KXWCFIRSTGOAL-26JUN30FRASWE-SWEVGYOKE14,KXWCFIRSTGOAL-26JUN30FRASWE,,Viktor Gyokeres: First Goalscorer,,,finalized,2026-06-30T23:09:56Z,,,,,,,,,,,,,,2026-07-29T11:46:28Z
KXWCFIRSTGOAL-26JUN30FRASWE-SWELBERGV15,KXWCFIRSTGOAL-26JUN30FRASWE,,Lucas Bergvall: First Goalscorer,,,finalized,2026-06-30T23:09:56Z,,,,,,,,,,,,,,2026-07-29T11:46:28Z
KXWCFIRSTGOAL-26JUN30FRASWE-SWEGLAGER14,KXWCFIRSTGOAL-26JUN30FRASWE,,Gustaf Lagerbielke: First Goalscorer,,,finalized,2026-06-30T23:09:55Z,,,,,,,,,,,,,,2026-07-29T11:46:28Z
KXWCFIRSTGOAL-26JUN30FRASWE-SWEGGUDMU3,KXWCFIRSTGOAL-26JUN30FRASWE,,Gabriel Gudmundsson: First Goalscorer,,,finalized,2026-06-30T23:09:56Z,,,,,,,,,,,,,,2026-07-29T11:46:28Z
KXWCFIRSTGOAL-26JUN30FRASWE-SWEESTROU24,KXWCFIRSTGOAL-26JUN30FRASWE,,Elliot Stroud: First Goalscorer,,,finalized,2026-06-30T23:09:56Z,,,,,,,,,,,,,,2026-07-29T11:46:28Z
KXWCFIRSTGOAL-26JUN30FRASWE-SWEDSVENS24,KXWCFIRSTGOAL-26JUN30FRASWE,,Daniel Svensson: First Goalscorer,,,finalized,2026-06-30T23:09:55Z,,,,,,,,,,,,,,2026-07-29T11:46:28Z
KXWCFIRSTGOAL-26JUN30FRASWE-SWEAISAK9,KXWCFIRSTGOAL-26JUN30FRASWE,,Alexander Isak: First Goalscorer,,,finalized,2026-06-30T23:09:56Z,,,,,,,,,,,,,,2026-07-29T11:46:28Z
KXWCFIRSTGOAL-26JUN30FRASWE-SWEAELANG20,KXWCFIRSTGOAL-26JUN30FRASWE,,Anthony Elanga: First Goalscorer,,,finalized,2026-06-30T23:09:55Z,,,,,,,,,,,,,,2026-07-29T11:46:28Z
KXWCFIRSTGOAL-26JUN30FRASWE-NOGOAL,KXWCFIRSTGOAL-26JUN30FRASWE,,No Goal: First Goalscorer,,,finalized,2026-06-30T23:09:53Z,,,,,,,,,,,,,,2026-07-29T11:46:28Z
KXWCFIRSTGOAL-26JUN30FRASWE-FRAWSALIB2,KXWCFIRSTGOAL-26JUN30FRASWE,,William Saliba: First Goalscorer,,,finalized,2026-06-30T23:09:53Z,,,,,,,,,,,,,,2026-07-29T11:46:28Z
KXWCFIRSTGOAL-26JUN30FRASWE-FRAODEMBE10,KXWCFIRSTGOAL-26JUN30FRASWE,,Ousmane Dembele: First Goalscorer,,,finalized,2026-06-30T23:09:54Z,,,,,,,,,,,,,,2026-07-29T11:46:28Z
KXWCFIRSTGOAL-26JUN30FRASWE-FRAMOLISE17,KXWCFIRSTGOAL-26JUN30FRASWE,,Michael Olise: First Goalscorer,,,finalized,2026-06-30T23:09:54Z,,,,,,,,,,,,,,2026-07-29T11:46:28Z
KXWCFIRSTGOAL-26JUN30FRASWE-FRALDIGNE12,KXWCFIRSTGOAL-26JUN30FRASWE,,Lucas Digne: First Goalscorer,,,finalized,2026-06-30T23:09:54Z,,,,,,,,,,,,,,2026-07-29T11:46:28Z
KXWCFIRSTGOAL-26JUN30FRASWE-FRAKMBAPP10,KXWCFIRSTGOAL-26JUN30FRASWE,,Kylian Mbappe: First Goalscorer,,,finalized,2026-06-30T23:09:55Z,,,,,,,,,,,,,,2026-07-29T11:46:28Z
KXWCFIRSTGOAL-26JUN30FRASWE-FRAJKOUND23,KXWCFIRSTGOAL-26JUN30FRASWE,,Jules Kounde: First Goalscorer,,,finalized,2026-06-30T23:09:55Z,,,,,,,,,,,,,,2026-07-29T11:46:28Z
KXWCFIRSTGOAL-26JUN30FRASWE-FRADUPAME2,KXWCFIRSTGOAL-26JUN30FRASWE,,Dayot Upamecano: First Goalscorer,,,finalized,2026-06-30T23:09:54Z,,,,,,,,,,,,,,2026-07-29T11:46:28Z
KXWCFIRSTGOAL-26JUN30FRASWE-FRABBARCO29,KXWCFIRSTGOAL-26JUN30FRASWE,,Bradley Barcola: First Goalscorer,,,finalized,2026-06-30T23:09:54Z,,,,,,,,,,,,,,2026-07-29T11:46:28Z
KXWCFIRSTGOAL-26JUN30FRASWE-FRAATCHOU14,KXWCFIRSTGOAL-26JUN30FRASWE,,Aurelien Tchouameni: First Goalscorer,,,finalized,2026-06-30T23:09:55Z,,,,,,,,,,,,,,2026-07-29T11:46:28Z
KXWCFIRSTGOAL-26JUN30FRASWE-FRAARABIO12,KXWCFIRSTGOAL-26JUN30FRASWE,,Adrien Rabiot: First Goalscorer,,,finalized,2026-06-30T23:09:54Z,,,,,,,,,,,,,,2026-07-29T11:46:28Z
KXWCFIRSTGOAL-26JUN30CIVNOR-NORTHEGGE14,KXWCFIRSTGOAL-26JUN30CIVNOR,,Torbjorn Heggem: First Goalscorer,,,finalized,2026-06-30T19:09:48Z,,,,,,,,,,,,,,2026-07-29T11:46:28Z
KXWCFIRSTGOAL-26JUN30CIVNOR-NORSBERGE16,KXWCFIRSTGOAL-26JUN30CIVNOR,,Sander Berge: First Goalscorer,,,finalized,2026-06-30T19:09:47Z,,,,,,,,,,,,,,2026-07-29T11:46:28Z
KXWCFIRSTGOAL-26JUN30CIVNOR-NORPBERG7,KXWCFIRSTGOAL-26JUN30CIVNOR,,Patrick Berg: First Goalscorer,,,finalized,2026-06-30T19:09:47Z,,,,,,,,,,,,,,2026-07-29T11:46:28Z
KXWCFIRSTGOAL-26JUN30CIVNOR-NORMPEDER16,KXWCFIRSTGOAL-26JUN30CIVNOR,,Marcus Pedersen: First Goalscorer,,,finalized,2026-06-30T19:09:48Z,,,,,,,,,,,,,,2026-07-29T11:46:28Z
KXWCFIRSTGOAL-26JUN30CIVNOR-NORMODEGA8,KXWCFIRSTGOAL-26JUN30CIVNOR,,Martin Odegaard: First Goalscorer,,,finalized,2026-06-30T19:09:47Z,,,,,,,,,,,,,,2026-07-29T11:46:28Z
KXWCFIRSTGOAL-26JUN30CIVNOR-NORKAJER20,KXWCFIRSTGOAL-26JUN30CIVNOR,,Kristoffer Ajer: First Goalscorer,,,finalized,2026-06-30T19:09:47Z,,,,,,,,,,,,,,2026-07-29T11:46:28Z
KXWCFIRSTGOAL-26JUN30CIVNOR-NOREHAALA9,KXWCFIRSTGOAL-26JUN30CIVNOR,,Erling Haaland: First Goalscorer,,,finalized,2026-06-30T19:09:47Z,,,,,,,,,,,,,,2026-07-29T11:46:28Z
KXWCFIRSTGOAL-26JUN30CIVNOR-NORDWOLFE6,KXWCFIRSTGOAL-26JUN30CIVNOR,,David Moller Wolfe: First Goalscorer,,,finalized,2026-06-30T19:09:46Z,,,,,,,,,,,,,,2026-07-29T11:46:28Z
KXWCFIRSTGOAL-26JUN30CIVNOR-NORASORLO9,KXWCFIRSTGOAL-26JUN30CIVNOR,,Alexander Sorloth: First Goalscorer,,,finalized,2026-06-30T19:09:47Z,,,,,,,,,,,,,,2026-07-29T11:46:28Z
KXWCFIRSTGOAL-26JUN30CIVNOR-NORANUSA7,KXWCFIRSTGOAL-26JUN30CIVNOR,,Antonio Nusa: First Goalscorer,,,finalized,2026-06-30T19:09:46Z,,,,,,,,,,,,,,2026-07-29T11:46:28Z
KXWCFIRSTGOAL-26JUN30CIVNOR-NOGOAL,KXWCFIRSTGOAL-26JUN30CIVNOR,,No Goal: First Goalscorer,,,finalized,2026-06-30T19:09:45Z,,,,,,,,,,,,,,2026-07-29T11:46:28Z
KXWCFIRSTGOAL-26JUN30CIVNOR-CIVYDIOMA49,KXWCFIRSTGOAL-26JUN30CIVNOR,,Yan Diomande: First Goalscorer,,,finalized,2026-06-30T19:09:46Z,,,,,,,,,,,,,,2026-07-29T11:46:28Z
KXWCFIRSTGOAL-26JUN30CIVNOR-CIVOKOSSO3,KXWCFIRSTGOAL-26JUN30CIVNOR,,Odilon Kossounou: First Goalscorer,,,finalized,2026-06-30T19:09:45Z,,,,,,,,,,,,,,2026-07-29T11:46:28Z
KXWCFIRSTGOAL-26JUN30CIVNOR-CIVNPEPE19,KXWCFIRSTGOAL-26JUN30CIVNOR,,Nicolas Pepe: First Goalscorer,,,finalized,2026-06-30T19:09:46Z,,,,,,,,,,,,,,2026-07-29T11:46:28Z
KXWCFIRSTGOAL-26JUN30CIVNOR-CIVISANGA6,KXWCFIRSTGOAL-26JUN30CIVNOR,,Ibrahim Sangare: First Goalscorer,,,finalized,2026-06-30T19:09:46Z,,,,,,,,,,,,,,2026-07-29T11:46:28Z
KXWCFIRSTGOAL-26JUN30CIVNOR-CIVGKONAN3,KXWCFIRSTGOAL-26JUN30CIVNOR,,Ghislain Konan: First Goalscorer,,,finalized,2026-06-30T19:09:46Z,,,,,,,,,,,,,,2026-07-29T11:46:28Z
KXWCFIRSTGOAL-26JUN30CIVNOR-CIVGDOUE22,KXWCFIRSTGOAL-26JUN30CIVNOR,,Guela Doue: First Goalscorer,,,finalized,2026-06-30T19:09:45Z,,,,,,,,,,,,,,2026-07-29T11:46:28Z
KXWCFIRSTGOAL-26JUN30CIVNOR-CIVFKESSI79,KXWCFIRSTGOAL-26JUN30CIVNOR,,Franck Kessie: First Goalscorer,,,finalized,2026-06-30T19:09:46Z,,,,,,,,,,,,,,2026-07-29T11:46:28Z
KXWCFIRSTGOAL-26JUN30CIVNOR-CIVEAGBAD12,KXWCFIRSTGOAL-26JUN30CIVNOR,,Emmanuel Agbadou: First Goalscorer,,,finalized,2026-06-30T19:09:45Z,,,,,,,,,,,,,,2026-07-29T11:46:28Z
KXWCFIRSTGOAL-26JUN30CIVNOR-CIVCINAO42,KXWCFIRSTGOAL-26JUN30CIVNOR,,Christ Inao Oulai: First Goalscorer,,,finalized,2026-06-30T19:09:46Z,,,,,,,,,,,,,,2026-07-29T11:46:28Z
KXWCFIRSTGOAL-26JUN30CIVNOR-CIVABONNY14,KXWCFIRSTGOAL-26JUN30CIVNOR,,Ange Bonny: First Goalscorer,,,finalized,2026-06-30T19:09:45Z,,,,,,,,,,,,,,2026-07-29T11:46:28Z
KXWCFIRSTGOAL-26JUN29NEDMAR-NEDTKOOPM8,KXWCFIRSTGOAL-26JUN29NEDMAR,,Teun Koopmeiners: First Goalscorer,,,finalized,2026-06-30T04:04:34Z,,,,,,,,,,,,,,2026-07-29T11:46:28Z
KXWCFIRSTGOAL-26JUN29NEDMAR-NEDWWEGHO25,KXWCFIRSTGOAL-26JUN29NEDMAR,,Wout Weghorst: First Goalscorer,,,finalized,2026-06-30T04:04:34Z,,,,,,,,,,,,,,2026-07-29T11:46:28Z
KXWCFIRSTGOAL-26JUN29NEDMAR-NOGOAL,KXWCFIRSTGOAL-26JUN29NEDMAR,,No Goal: First Goalscorer,,,finalized,2026-06-30T04:04:31Z,,,,,,,,,,,,,,2026-07-29T11:46:28Z
KXWCFIRSTGOAL-26JUN29NEDMAR-NEDVVAND4,KXWCFIRSTGOAL-26JUN29NEDMAR,,Virgil Van Dijk: First Goalscorer,,,finalized,2026-06-30T04:04:31Z,,,,,,,,,,,,,,2026-07-29T11:46:28Z
KXWCFIRSTGOAL-26JUN29NEDMAR-NEDRGRAVE38,KXWCFIRSTGOAL-26JUN29NEDMAR,,Ryan Gravenberch: First Goalscorer,,,finalized,2026-06-30T04:04:32Z,,,,,,,,,,,,,,2026-07-29T11:46:28Z
KXWCFIRSTGOAL-26JUN29NEDMAR-NEDNAKE6,KXWCFIRSTGOAL-26JUN29NEDMAR,,Nathan Ake: First Goalscorer,,,finalized,2026-06-30T04:04:32Z,,,,,,,,,,,,,,2026-07-29T11:46:28Z
KXWCFIRSTGOAL-26JUN29NEDMAR-NEDMVAND37,KXWCFIRSTGOAL-26JUN29NEDMAR,,Micky Van de Ven: First Goalscorer,,,finalized,2026-06-30T04:04:32Z,,,,,,,,,,,,,,2026-07-29T11:46:28Z
KXWCFIRSTGOAL-26JUN29NEDMAR-NEDJVANH6,KXWCFIRSTGOAL-26JUN29NEDMAR,,Jan Paul Van Hecke: First Goalscorer,,,finalized,2026-06-30T04:04:31Z,,,,,,,,,,,,,,2026-07-29T11:46:28Z
KXWCFIRSTGOAL-26JUN29NEDMAR-NEDFDEJO21,KXWCFIRSTGOAL-26JUN29NEDMAR,,Frenkie De Jong: First Goalscorer,,,finalized,2026-06-30T04:04:32Z,,,,,,,,,,,,,,2026-07-29T11:46:28Z
KXWCFIRSTGOAL-26JUN29NEDMAR-NEDDDUMFR2,KXWCFIRSTGOAL-26JUN29NEDMAR,,Denzel Dumfries: First Goalscorer,,,finalized,2026-06-30T04:04:32Z,,,,,,,,,,,,,,2026-07-29T11:46:28Z
KXWCFIRSTGOAL-26JUN29NEDMAR-NEDCSUMME7,KXWCFIRSTGOAL-26JUN29NEDMAR,,Crysencio Summerville: First Goalscorer,,,finalized,2026-06-30T04:04:32Z,,,,,,,,,,,,,,2026-07-29T11:46:28Z
KXWCFIRSTGOAL-26JUN29NEDMAR-NEDCGAKPO18,KXWCFIRSTGOAL-26JUN29NEDMAR,,Cody Gakpo: First Goalscorer,,,finalized,2026-06-30T03:35:41Z,,,,,,,,,,,,,,2026-07-29T11:46:28Z
KXWCFIRSTGOAL-26JUN29NEDMAR-NEDBBROBB9,KXWCFIRSTGOAL-26JUN29NEDMAR,,Brian Brobbey: First Goalscorer,,,finalized,2026-06-30T04:04:32Z,,,,,,,,,,,,,,2026-07-29T11:46:28Z
KXWCFIRSTGOAL-26JUN29NEDMAR-MARNMAZRA3,KXWCFIRSTGOAL-26JUN29NEDMAR,,Noussair Mazraoui: First Goalscorer,,,finalized,2026-06-30T04:04:33Z,,,,,,,,,,,,,,2026-07-29T11:46:28Z
KXWCFIRSTGOAL-26JUN29NEDMAR-MARNELAY8,KXWCFIRSTGOAL-26JUN29NEDMAR,,Neil El Aynaoui: First Goalscorer,,,finalized,2026-06-30T04:04:33Z,,,,,,,,,,,,,,2026-07-29T11:46:28Z
KXWCFIRSTGOAL-26JUN29NEDMAR-MARISAIBA34,KXWCFIRSTGOAL-26JUN29NEDMAR,,Ismael Saibari: First Goalscorer,,,finalized,2026-06-30T04:04:34Z,,,,,,,,,,,,,,2026-07-29T11:46:28Z
KXWCFIRSTGOAL-26JUN29NEDMAR-MARIDIOP31,KXWCFIRSTGOAL-26JUN29NEDMAR,,Issa Diop: First Goalscorer,,,finalized,2026-06-30T04:04:33Z,,,,,,,,,,,,,,2026-07-29T11:46:28Z
KXWCFIRSTGOAL-26JUN29NEDMAR-MARCRIAD34,KXWCFIRSTGOAL-26JUN29NEDMAR,,Chadi Riad: First Goalscorer,,,finalized,2026-06-30T04:04:33Z,,,,,,,,,,,,,,2026-07-29T11:46:28Z
KXWCFIRSTGOAL-26JUN29NEDMAR-MARBELKH11,KXWCFIRSTGOAL-26JUN29NEDMAR,,Bilal El Khannouss: First Goalscorer,,,finalized,2026-06-30T04:04:34Z,,,,,,,,,,,,,,2026-07-29T11:46:28Z
KXWCFIRSTGOAL-26JUN29NEDMAR-MARBDIAZ21,KXWCFIRSTGOAL-26JUN29NEDMAR,,Brahim Diaz: First Goalscorer,,,finalized,2026-06-30T04:04:33Z,,,,,,,,,,,,,,2026-07-29T11:46:28Z
KXWCFIRSTGOAL-26JUN29NEDMAR-MARAOUNAH18,KXWCFIRSTGOAL-26JUN29NEDMAR,,Azzedine Ounahi: First Goalscorer,,,finalized,2026-06-30T04:04:33Z,,,,,,,,,,,,,,2026-07-29T11:46:28Z
KXWCFIRSTGOAL-26JUN29NEDMAR-MARAHAKIM2,KXWCFIRSTGOAL-26JUN29NEDMAR,,Achraf Hakimi: First Goalscorer,,,finalized,2026-06-30T04:04:32Z,,,,,,,,,,,,,,2026-07-29T11:46:28Z
KXWCFIRSTGOAL-26JUN29NEDMAR-MARABOUAD32,KXWCFIRSTGOAL-26JUN29NEDMAR,,Ayyoub Bouaddi: First Goalscorer,,,finalized,2026-06-30T04:04:33Z,,,,,,,,,,,,,,2026-07-29T11:46:28Z
KXWCFIRSTGOAL-26JUN29GERPAR-PARMGALAR88,KXWCFIRSTGOAL-26JUN29GERPAR,,Matias Galarza: First Goalscorer,,,finalized,2026-06-30T00:09:55Z,,,,,,,,,,,,,,2026-07-29T11:46:28Z
KXWCFIRSTGOAL-26JUN29GERPAR-PARMALMIR10,KXWCFIRSTGOAL-26JUN29GERPAR,,Miguel Almiron: First Goalscorer,,,finalized,2026-06-30T00:09:55Z,,,,,,,,,,,,,,2026-07-29T11:46:28Z
KXWCFIRSTGOAL-26JUN29GERPAR-PARJENCIS19,KXWCFIRSTGOAL-26JUN29GERPAR,,Julio Enciso: First Goalscorer,,,finalized,2026-06-30T00:09:55Z,,,,,,,,,,,,,,2026-07-29T11:46:28Z
KXWCFIRSTGOAL-26JUN29GERPAR-PARJCANAL13,KXWCFIRSTGOAL-26JUN29GERPAR,,Jose Canale: First Goalscorer,,,finalized,2026-06-30T00:09:54Z,,,,,,,,,,,,,,2026-07-29T11:46:28Z
KXWCFIRSTGOAL-26JUN29GERPAR-PARJCACER4,KXWCFIRSTGOAL-26JUN29GERPAR,,Juan Jose Caceres: First Goalscorer,,,finalized,2026-06-30T00:09:54Z,,,,,,,,,,,,,,2026-07-29T11:46:28Z
KXWCFIRSTGOAL-26JUN29GERPAR-PARJALONS6,KXWCFIRSTGOAL-26JUN29GERPAR,,Junior Alonso: First Goalscorer,,,finalized,2026-06-30T00:09:55Z,,,,,,,,,,,,,,2026-07-29T11:46:28Z
KXWCFIRSTGOAL-26JUN29GERPAR-PARGGOMEZ15,KXWCFIRSTGOAL-26JUN29GERPAR,,Gustavo Gomez: First Goalscorer,,,finalized,2026-06-30T00:09:54Z,,,,,,,,,,,,,,2026-07-29T11:46:28Z
KXWCFIRSTGOAL-26JUN29GERPAR-PARGAVALO21,KXWCFIRSTGOAL-26JUN29GERPAR,,Gabriel Avalos: First Goalscorer,,,finalized,2026-06-30T00:09:55Z,,,,,,,,,,,,,,2026-07-29T11:46:28Z
KXWCFIRSTGOAL-26JUN29GERPAR-PARDBOBAD16,KXWCFIRSTGOAL-26JUN29GERPAR,,Damian Bobadilla: First Goalscorer,,,finalized,2026-06-30T00:09:55Z,,,,,,,,,,,,,,2026-07-29T11:46:28Z
KXWCFIRSTGOAL-26JUN29GERPAR-PARACUBAS20,KXWCFIRSTGOAL-26JUN29GERPAR,,Andres Cubas: First Goalscorer,,,finalized,2026-06-30T00:09:55Z,,,,,,,,,,,,,,2026-07-29T11:46:28Z
KXWCFIRSTGOAL-26JUN29GERPAR-NOGOAL,KXWCFIRSTGOAL-26JUN29GERPAR,,No Goal: First Goalscorer,,,finalized,2026-06-30T00:09:53Z,,,,,,,,,,,,,,2026-07-29T11:46:28Z
KXWCFIRSTGOAL-26JUN29GERPAR-GERNBROWN21,KXWCFIRSTGOAL-26JUN29GERPAR,,Nathaniel Brown: First Goalscorer,,,finalized,2026-06-30T00:09:53Z,,,,,,,,,,,,,,2026-07-29T11:46:28Z
KXWCFIRSTGOAL-26JUN29GERPAR-GERLSANE10,KXWCFIRSTGOAL-26JUN29GERPAR,,Leroy Sane: First Goalscorer,,,finalized,2026-06-30T00:09:54Z,,,,,,,,,,,,,,2026-07-29T11:46:28Z
KXWCFIRSTGOAL-26JUN29GERPAR-GERKHAVER29,KXWCFIRSTGOAL-26JUN29GERPAR,,Kai Havertz: First Goalscorer,,,finalized,2026-06-30T00:09:54Z,,,,,,,,,,,,,,2026-07-29T11:46:28Z
KXWCFIRSTGOAL-26JUN29GERPAR-GERJTAH4,KXWCFIRSTGOAL-26JUN29GERPAR,,Jonathan Tah: First Goalscorer,,,finalized,2026-06-30T00:09:53Z,,,,,,,,,,,,,,2026-07-29T11:46:28Z
KXWCFIRSTGOAL-26JUN29GERPAR-GERJKIMMI6,KXWCFIRSTGOAL-26JUN29GERPAR,,Joshua Kimmich: First Goalscorer,,,finalized,2026-06-30T00:09:53Z,,,,,,,,,,,,,,2026-07-29T11:46:28Z
KXWCFIRSTGOAL-26JUN29GERPAR-GERFWIRTZ7,KXWCFIRSTGOAL-26JUN29GERPAR,,Florian Wirtz: First Goalscorer,,,finalized,2026-06-30T00:09:54Z,,,,,,,,,,,,,,2026-07-29T11:46:28Z
KXWCFIRSTGOAL-26JUN29GERPAR-GERFNMECH8,KXWCFIRSTGOAL-26JUN29GERPAR,,Felix Nmecha: First Goalscorer,,,finalized,2026-06-30T00:09:53Z,,,,,,,,,,,,,,2026-07-29T11:46:28Z
KXWCFIRSTGOAL-26JUN29GERPAR-GERDUNDAV26,KXWCFIRSTGOAL-26JUN29GERPAR,,Deniz Undav: First Goalscorer,,,finalized,2026-06-30T00:09:54Z,,,,,,,,,,,,,,2026-07-29T11:46:28Z
KXWCFIRSTGOAL-26JUN29GERPAR-GERARUDIG22,KXWCFIRSTGOAL-26JUN29GERPAR,,Antonio Rudiger: First Goalscorer,,,finalized,2026-06-30T00:09:53Z,,,,,,,,,,,,,,2026-07-29T11:46:28Z
KXWCFIRSTGOAL-26JUN29GERPAR-GERAPAVLO45,KXWCFIRSTGOAL-26JUN29GERPAR,,Aleksandar Pavlovic: First Goalscorer,,,finalized,2026-06-30T00:09:53Z,,,,,,,,,,,,,,2026-07-29T11:46:28Z
KXWCFIRSTGOAL-26JUN29BRAJPN-NOGOAL,KXWCFIRSTGOAL-26JUN29BRAJPN,,No Goal: First Goalscorer,,,finalized,2026-06-29T19:09:55Z,,,,,,,,,,,,,,2026-07-29T11:46:28Z
KXWCFIRSTGOAL-26JUN29BRAJPN-JPNTTOMIY32,KXWCFIRSTGOAL-26JUN29BRAJPN,,Takehiro Tomiyasu: First Goalscorer,,,finalized,2026-06-29T19:09:57Z,,,,,,,,,,,,,,2026-07-29T11:46:28Z
KXWCFIRSTGOAL-26JUN29BRAJPN-JPNSTANIG3,KXWCFIRSTGOAL-26JUN29BRAJPN,,Shogo Taniguchi: First Goalscorer,,,finalized,2026-06-29T19:09:57Z,,,,,,,,,,,,,,2026-07-29T11:46:28Z
KXWCFIRSTGOAL-26JUN29BRAJPN-JPNRDOAN20,KXWCFIRSTGOAL-26JUN29BRAJPN,,Ritsu Doan: First Goalscorer,,,finalized,2026-06-29T19:09:58Z,,,,,,,,,,,,,,2026-07-29T11:46:28Z
KXWCFIRSTGOAL-26JUN29BRAJPN-JPNKSANO6,KXWCFIRSTGOAL-26JUN29BRAJPN,,Kaishu Sano: First Goalscorer,,,finalized,2026-06-29T19:09:57Z,,,,,,,,,,,,,,2026-07-29T11:46:28Z
KXWCFIRSTGOAL-26JUN29BRAJPN-JPNKNAKAM13,KXWCFIRSTGOAL-26JUN29BRAJPN,,Keito Nakamura: First Goalscorer,,,finalized,2026-06-29T19:09:57Z,,,,,,,,,,,,,,2026-07-29T11:46:28Z
KXWCFIRSTGOAL-26JUN29BRAJPN-JPNJITO14,KXWCFIRSTGOAL-26JUN29BRAJPN,,Junya Ito: First Goalscorer,,,finalized,2026-06-29T19:09:58Z,,,,,,,,,,,,,,2026-07-29T11:46:28Z
KXWCFIRSTGOAL-26JUN29BRAJPN-JPNHITO21,KXWCFIRSTGOAL-26JUN29BRAJPN,,Hiroki Ito: First Goalscorer,,,finalized,2026-06-29T19:09:58Z,,,,,,,,,,,,,,2026-07-29T11:46:28Z
KXWCFIRSTGOAL-26JUN29BRAJPN-JPNDMAEDA38,KXWCFIRSTGOAL-26JUN29BRAJPN,,Daizen Maeda: First Goalscorer,,,finalized,2026-06-29T19:09:58Z,,,,,,,,,,,,,,2026-07-29T11:46:28Z
KXWCFIRSTGOAL-26JUN29BRAJPN-JPNDKAMAD18,KXWCFIRSTGOAL-26JUN29BRAJPN,,Daichi Kamada: First Goalscorer,,,finalized,2026-06-29T19:09:58Z,,,,,,,,,,,,,,2026-07-29T11:46:28Z
KXWCFIRSTGOAL-26JUN29BRAJPN-JPNAUEDA9,KXWCFIRSTGOAL-26JUN29BRAJPN,,Ayase Ueda: First Goalscorer,,,finalized,2026-06-29T19:09:57Z,,,,,,,,,,,,,,2026-07-29T11:46:28Z
KXWCFIRSTGOAL-26JUN29BRAJPN-BRAVINI7,KXWCFIRSTGOAL-26JUN29BRAJPN,,Vinicius Junior: First Goalscorer,,,finalized,2026-06-29T19:09:57Z,,,,,,,,,,,,,,2026-07-29T11:46:28Z
KXWCFIRSTGOAL-26JUN29BRAJPN-BRARAYA37,KXWCFIRSTGOAL-26JUN29BRAJPN,,Rayan: First Goalscorer,,,finalized,2026-06-29T19:09:56Z,,,,,,,,,,,,,,2026-07-29T11:46:28Z
KXWCFIRSTGOAL-26JUN29BRAJPN-BRAMCUNHA10,KXWCFIRSTGOAL-26JUN29BRAJPN,,Matheus Cunha: First Goalscorer,,,finalized,2026-06-29T19:09:55Z,,,,,,,,,,,,,,2026-07-29T11:46:28Z
KXWCFIRSTGOAL-26JUN29BRAJPN-BRAMARQ5,KXWCFIRSTGOAL-26JUN29BRAJPN,,Marquinhos: First Goalscorer,,,finalized,2026-06-29T19:09:56Z,,,,,,,,,,,,,,2026-07-29T11:46:28Z
KXWCFIRSTGOAL-26JUN29BRAJPN-BRALPAQUE20,KXWCFIRSTGOAL-26JUN29BRAJPN,,Lucas Paqueta: First Goalscorer,,,finalized,2026-06-29T19:09:56Z,,,,,,,,,,,,,,2026-07-29T11:46:28Z
KXWCFIRSTGOAL-26JUN29BRAJPN-BRAGMAGAL6,KXWCFIRSTGOAL-26JUN29BRAJPN,,Gabriel Magalhaes: First Goalscorer,,,finalized,2026-06-29T19:09:57Z,,,,,,,,,,,,,,2026-07-29T11:46:28Z
KXWCFIRSTGOAL-26JUN29BRAJPN-BRADSANTO16,KXWCFIRSTGOAL-26JUN29BRAJPN,,Douglas Santos: First Goalscorer,,,finalized,2026-06-29T19:09:56Z,,,,,,,,,,,,,,2026-07-29T11:46:28Z
KXWCFIRSTGOAL-26JUN29BRAJPN-BRADANI13,KXWCFIRSTGOAL-26JUN29BRAJPN,,Danilo: First Goalscorer,,,finalized,2026-06-29T19:09:56Z,,,,,,,,,,,,,,2026-07-29T11:46:28Z
KXWCFIRSTGOAL-26JUN29BRAJPN-BRACASE18,KXWCFIRSTGOAL-26JUN29BRAJPN,,Casemiro: First Goalscorer,,,finalized,2026-06-29T19:09:56Z,,,,,,,,,,,,,,2026-07-29T11:46:28Z
KXWCFIRSTGOAL-26JUN29BRAJPN-BRABGUIMA39,KXWCFIRSTGOAL-26JUN29BRAJPN,,Bruno Guimaraes: First Goalscorer,,,finalized,2026-06-29T19:09:56Z,,,,,,,,,,,,,,2026-07-29T11:46:28Z
KXWCFIRSTGOAL-26JUN28RSACAN-RSATMOREM8,KXWCFIRSTGOAL-26JUN28RSACAN,,Tshepang Moremi: First Goalscorer,,,finalized,2026-06-28T21:19:54Z,,,,,,,,,,,,,,2026-07-29T11:46:28Z
KXWCFIRSTGOAL-26JUN28RSACAN-RSAIRAYNE15,KXWCFIRSTGOAL-26JUN28RSACAN,,Iqraam Rayners: First Goalscorer,,,finalized,2026-06-28T21:19:54Z,,,,,,,,,,,,,,2026-07-29T11:46:28Z
KXWCFIRSTGOAL-26JUN28RSACAN-CANADAVIE19,KXWCFIRSTGOAL-26JUN28RSACAN,,Alphonso Davies: First Goalscorer,,,finalized,2026-06-28T21:19:54Z,,,,,,,,,,,,,,2026-07-29T11:46:28Z
KXWCFIRSTGOAL-26JUN28RSACAN-CANPDAVID12,KXWCFIRSTGOAL-26JUN28RSACAN,,Promise David: First Goalscorer,,,finalized,2026-06-28T21:19:53Z,,,,,,,,,,,,,,2026-07-29T11:46:28Z
KXWCFIRSTGOAL-26JUN28RSACAN-CANJSHAFF18,KXWCFIRSTGOAL-26JUN28RSACAN,,Jacob Shaffelburg: First Goalscorer,,,finalized,2026-06-28T21:19:53Z,,,,,,,,,,,,,,2026-07-29T11:46:28Z
KXWCFIRSTGOAL-26JUN28RSACAN-CANLDEFO4,KXWCFIRSTGOAL-26JUN28RSACAN,,Luc De Fougerolles: First Goalscorer,,,finalized,2026-06-28T21:19:53Z,,,,,,,,,,,,,,2026-07-29T11:46:28Z
KXWCFIRSTGOAL-26JUN28RSACAN-CANNSIGUR23,KXWCFIRSTGOAL-26JUN28RSACAN,,Niko Sigur: First Goalscorer,,,finalized,2026-06-28T21:19:53Z,,,,,,,,,,,,,,2026-07-29T11:46:28Z
KXWCFIRSTGOAL-26JUN28RSACAN-RSATMBATH5,KXWCFIRSTGOAL-26JUN28RSACAN,,Thalente Mbatha: First Goalscorer,,,finalized,2026-06-28T21:19:53Z,,,,,,,,,,,,,,2026-07-29T11:46:28Z
KXWCFIRSTGOAL-26JUN28RSACAN-RSATMOKOE4,KXWCFIRSTGOAL-26JUN28RSACAN,,Teboho Mokoena: First Goalscorer,,,finalized,2026-06-28T21:19:50Z,,,,,,,,,,,,,,2026-07-29T11:46:28Z
KXWCFIRSTGOAL-26JUN28RSACAN-RSATMASEK12,KXWCFIRSTGOAL-26JUN28RSACAN,,Thapelo Maseko: First Goalscorer,,,finalized,2026-06-28T21:19:50Z,,,,,,,,,,,,,,2026-07-29T11:46:28Z
KXWCFIRSTGOAL-26JUN28RSACAN-RSASSITHO15,KXWCFIRSTGOAL-26JUN28RSACAN,,Sphephelo Sithole: First Goalscorer,,,finalized,2026-06-28T21:19:50Z,,,,,,,,,,,,,,2026-07-29T11:46:28Z
KXWCFIRSTGOAL-26JUN28RSACAN-RSARMOFOK10,KXWCFIRSTGOAL-26JUN28RSACAN,,Relebohile Mofokeng: First Goalscorer,,,finalized,2026-06-28T21:19:49Z,,,,,,,,,,,,,,2026-07-29T11:46:28Z
KXWCFIRSTGOAL-26JUN28RSACAN-RSAOAPPOL7,KXWCFIRSTGOAL-26JUN28RSACAN,,Oswin Appollis: First Goalscorer,,,finalized,2026-06-28T21:19:51Z,,,,,,,,,,,,,,2026-07-29T11:46:28Z
KXWCFIRSTGOAL-26JUN28RSACAN-RSAMBOK4,KXWCFIRSTGOAL-26JUN28RSACAN,,Mbokazi: First Goalscorer,,,finalized,2026-06-28T21:19:50Z,,,,,,,,,,,,,,2026-07-29T11:46:28Z
KXWCFIRSTGOAL-26JUN28RSACAN-RSAKMUDAU20,KXWCFIRSTGOAL-26JUN28RSACAN,,Khuliso Mudau: First Goalscorer,,,finalized,2026-06-28T21:19:51Z,,,,,,,,,,,,,,2026-07-29T11:46:28Z
KXWCFIRSTGOAL-26JUN28RSACAN-RSAIOKON21,KXWCFIRSTGOAL-26JUN28RSACAN,,Ime Okon: First Goalscorer,,,finalized,2026-06-28T21:19:50Z,,,,,,,,,,,,,,2026-07-29T11:46:28Z
KXWCFIRSTGOAL-26JUN28RSACAN-RSAEMAKGO17,KXWCFIRSTGOAL-26JUN28RSACAN,,Evidence Makgopa: First Goalscorer,,,finalized,2026-06-28T21:19:49Z,,,,,,,,,,,,,,2026-07-29T11:46:28Z
KXWCFIRSTGOAL-26JUN28RSACAN-RSAAMODIB6,KXWCFIRSTGOAL-26JUN28RSACAN,,Aubrey Modiba: First Goalscorer,,,finalized,2026-06-28T21:19:50Z,,,,,,,,,,,,,,2026-07-29T11:46:28Z
KXWCFIRSTGOAL-26JUN28RSACAN-NOGOAL,KXWCFIRSTGOAL-26JUN28RSACAN,,No Goal: First Goalscorer,,,finalized,2026-06-28T21:19:49Z,,,,,,,,,,,,,,2026-07-29T11:46:28Z
KXWCFIRSTGOAL-26JUN28RSACAN-CANTOLUWA21,KXWCFIRSTGOAL-26JUN28RSACAN,,Tani Oluwaseyi: First Goalscorer,,,finalized,2026-06-28T21:19:51Z,,,,,,,,,,,,,,2026-07-29T11:46:28Z
KXWCFIRSTGOAL-26JUN28RSACAN-CANTBUCHA17,KXWCFIRSTGOAL-26JUN28RSACAN,,Tajon Buchanan: First Goalscorer,,,finalized,2026-06-28T21:19:52Z,,,,,,,,,,,,,,2026-07-29T11:46:28Z
KXWCFIRSTGOAL-26JUN28RSACAN-CANSEUSTA6,KXWCFIRSTGOAL-26JUN28RSACAN,,Stephen Eustaquio: First Goalscorer,,,finalized,2026-06-28T21:19:52Z,,,,,,,,,,,,,,2026-07-29T11:46:28Z
KXWCFIRSTGOAL-26JUN28RSACAN-CANRLARYE22,KXWCFIRSTGOAL-26JUN28RSACAN,,Richie Laryea: First Goalscorer,,,finalized,2026-06-28T21:19:52Z,,,,,,,,,,,,,,2026-07-29T11:46:28Z
KXWCFIRSTGOAL-26JUN28RSACAN-CANNSALIB25,KXWCFIRSTGOAL-26JUN28RSACAN,,Nathan Saliba: First Goalscorer,,,finalized,2026-06-28T21:19:51Z,,,,,,,,,,,,,,2026-07-29T11:46:28Z
KXWCFIRSTGOAL-26JUN28RSACAN-CANMBOMBI64,KXWCFIRSTGOAL-26JUN28RSACAN,,Moise Bombito: First Goalscorer,,,finalized,2026-06-28T21:19:51Z,,,,,,,,,,,,,,2026-07-29T11:46:28Z
KXWCFIRSTGOAL-26JUN28RSACAN-CANLMILLA11,KXWCFIRSTGOAL-26JUN28RSACAN,,Liam Millar: First Goalscorer,,,finalized,2026-06-28T21:19:52Z,,,,,,,,,,,,,,2026-07-29T11:46:28Z
KXWCFIRSTGOAL-26JUN28RSACAN-CANJDAVID30,KXWCFIRSTGOAL-26JUN28RSACAN,,Jonathan David: First Goalscorer,,,finalized,2026-06-28T21:19:52Z,,,,,,,,,,,,,,2026-07-29T11:46:28Z
KXWCFIRSTGOAL-26JUN28RSACAN-CANDCORNE13,KXWCFIRSTGOAL-26JUN28RSACAN,,Derek Cornelius: First Goalscorer,,,finalized,2026-06-28T21:19:51Z,,,,,,,,,,,,,,2026-07-29T11:46:28Z
KXWCFIRSTGOAL-26JUN28RSACAN-CANAJOHNS2,KXWCFIRSTGOAL-26JUN28RSACAN,,Alistair Johnston: First Goalscorer,,,finalized,2026-06-28T21:19:52Z,,,,,,,,,,,,,,2026-07-29T11:46:28Z
KXWCFIRSTGOAL-26JUN27COLPOR-PORMNUNES27,KXWCFIRSTGOAL-26JUN27COLPOR,,Matheus Nunes: First Goalscorer,,,finalized,2026-06-28T01:40:07Z,,,,,,,,,,,,,,2026-07-29T11:46:28Z
KXWCFIRSTGOAL-26JUN27COLPOR-COLDMUNOZ2,KXWCFIRSTGOAL-26JUN27COLPOR,,Daniel Munoz: First Goalscorer,,,finalized,2026-06-28T01:40:07Z,,,,,,,,,,,,,,2026-07-29T11:46:28Z
KXWCFIRSTGOAL-26JUN27COLPOR-COLKCASTA5,KXWCFIRSTGOAL-26JUN27COLPOR,,Kevin Castano: First Goalscorer,,,finalized,2026-06-28T01:40:06Z,,,,,,,,,,,,,,2026-07-29T11:46:28Z
KXWCFIRSTGOAL-26JUN27COLPOR-COLJQUINT20,KXWCFIRSTGOAL-26JUN27COLPOR,,Juan Quintero: First Goalscorer,,,finalized,2026-06-28T01:40:06Z,,,,,,,,,,,,,,2026-07-29T11:46:28Z
KXWCFIRSTGOAL-26JUN27COLPOR-PORSCOSTA12,KXWCFIRSTGOAL-26JUN27COLPOR,,Samu Costa: First Goalscorer,,,finalized,2026-06-28T01:40:06Z,,,,,,,,,,,,,,2026-07-29T11:46:28Z
KXWCFIRSTGOAL-26JUN27COLPOR-PORRLEAO10,KXWCFIRSTGOAL-26JUN27COLPOR,,Rafael Leao: First Goalscorer,,,finalized,2026-06-28T01:40:06Z,,,,,,,,,,,,,,2026-07-29T11:46:28Z
KXWCFIRSTGOAL-26JUN27COLPOR-COLRRIOS20,KXWCFIRSTGOAL-26JUN27COLPOR,,Richard Rios: First Goalscorer,,,finalized,2026-06-28T01:40:06Z,,,,,,,,,,,,,,2026-07-29T11:46:28Z
KXWCFIRSTGOAL-26JUN27COLPOR-COLLSUARE97,KXWCFIRSTGOAL-26JUN27COLPOR,,Luis Suarez: First Goalscorer,,,finalized,2026-06-28T01:40:06Z,,,,,,,,,,,,,,2026-07-29T11:46:28Z
KXWCFIRSTGOAL-26JUN27DZAAUT-NOGOAL,KXWCFIRSTGOAL-26JUN27DZAAUT,,No Goal: First Goalscorer,,,finalized,2026-06-28T04:29:56Z,,,,,,,,,,,,,,2026-07-29T11:46:28Z
KXWCFIRSTGOAL-26JUN27DZAAUT-DZARMAHRE7,KXWCFIRSTGOAL-26JUN27DZAAUT,,Riyad Mahrez: First Goalscorer,,,finalized,2026-06-28T04:29:57Z,,,,,,,,,,,,,,2026-07-29T11:46:28Z
KXWCFIRSTGOAL-26JUN27DZAAUT-DZARBENSE5,KXWCFIRSTGOAL-26JUN27DZAAUT,,Ramy Bensebaini: First Goalscorer,,,finalized,2026-06-28T04:29:57Z,,,,,,,,,,,,,,2026-07-29T11:46:28Z
KXWCFIRSTGOAL-26JUN27DZAAUT-DZARBELGH7,KXWCFIRSTGOAL-26JUN27DZAAUT,,Rafik Belghali: First Goalscorer,,,finalized,2026-06-28T04:29:56Z,,,,,,,,,,,,,,2026-07-29T11:46:28Z
KXWCFIRSTGOAL-26JUN27DZAAUT-DZANBENTA6,KXWCFIRSTGOAL-26JUN27DZAAUT,,Nabil Bentaleb: First Goalscorer,,,finalized,2026-06-28T04:29:57Z,,,,,,,,,,,,,,2026-07-29T11:46:28Z
KXWCFIRSTGOAL-26JUN27DZAAUT-DZAJHADJA13,KXWCFIRSTGOAL-26JUN27DZAAUT,,Jaouen Hadjam: First Goalscorer,,,finalized,2026-06-28T04:29:56Z,,,,,,,,,,,,,,2026-07-29T11:46:28Z
KXWCFIRSTGOAL-26JUN27DZAAUT-DZAIMAZA30,KXWCFIRSTGOAL-26JUN27DZAAUT,,Ibrahim Maza: First Goalscorer,,,finalized,2026-06-28T04:29:56Z,,,,,,,,,,,,,,2026-07-29T11:46:28Z
KXWCFIRSTGOAL-26JUN27DZAAUT-DZAHAOUAR10,KXWCFIRSTGOAL-26JUN27DZAAUT,,Houssem Aouar: First Goalscorer,,,finalized,2026-06-28T04:29:57Z,,,,,,,,,,,,,,2026-07-29T11:46:28Z
KXWCFIRSTGOAL-26JUN27DZAAUT-DZAFCHAIB8,KXWCFIRSTGOAL-26JUN27DZAAUT,,Fares Chaibi: First Goalscorer,,,finalized,2026-06-28T04:29:56Z,,,,,,,,,,,,,,2026-07-29T11:46:28Z
KXWCFIRSTGOAL-26JUN27DZAAUT-DZAAMANDI23,KXWCFIRSTGOAL-26JUN27DZAAUT,,Aissa Mandi: First Goalscorer,,,finalized,2026-06-28T04:29:56Z,,,,,,,,,,,,,,2026-07-29T11:46:28Z
KXWCFIRSTGOAL-26JUN27DZAAUT-DZAAGOUIR9,KXWCFIRSTGOAL-26JUN27DZAAUT,,Amine Gouiri: First Goalscorer,,,finalized,2026-06-28T04:29:57Z,,,,,,,,,,,,,,2026-07-29T11:46:28Z
KXWCFIRSTGOAL-26JUN27DZAAUT-AUTXSCHLA24,KXWCFIRSTGOAL-26JUN27DZAAUT,,Xaver Schlager: First Goalscorer,,,finalized,2026-06-28T04:29:58Z,,,,,,,,,,,,,,2026-07-29T11:46:28Z
KXWCFIRSTGOAL-26JUN27DZAAUT-AUTSPOSCHNA,KXWCFIRSTGOAL-26JUN27DZAAUT,,Stefan Posch: First Goalscorer,,,finalized,2026-06-28T04:29:58Z,,,,,,,,,,,,,,2026-07-29T11:46:28Z
KXWCFIRSTGOAL-26JUN27DZAAUT-AUTRSCHMI20,KXWCFIRSTGOAL-26JUN27DZAAUT,,Romano Schmid: First Goalscorer,,,finalized,2026-06-28T04:29:58Z,,,,,,,,,,,,,,2026-07-29T11:46:28Z
KXWCFIRSTGOAL-26JUN27DZAAUT-AUTPMWENE2,KXWCFIRSTGOAL-26JUN27DZAAUT,,Philipp Mwene: First Goalscorer,,,finalized,2026-06-28T04:29:58Z,,,,,,,,,,,,,,2026-07-29T11:46:28Z
KXWCFIRSTGOAL-26JUN27DZAAUT-AUTPLIENH3,KXWCFIRSTGOAL-26JUN27DZAAUT,,Philipp Lienhart: First Goalscorer,,,finalized,2026-06-28T04:29:57Z,,,,,,,,,,,,,,2026-07-29T11:46:28Z
KXWCFIRSTGOAL-26JUN27DZAAUT-AUTNSEIWA13,KXWCFIRSTGOAL-26JUN27DZAAUT,,Nicolas Seiwald: First Goalscorer,,,finalized,2026-06-28T04:29:59Z,,,,,,,,,,,,,,2026-07-29T11:46:28Z
KXWCFIRSTGOAL-26JUN27DZAAUT-AUTMSABIT20,KXWCFIRSTGOAL-26JUN27DZAAUT,,Marcel Sabitzer: First Goalscorer,,,finalized,2026-06-28T04:29:58Z,,,,,,,,,,,,,,2026-07-29T11:46:28Z
KXWCFIRSTGOAL-26JUN27DZAAUT-AUTMARNAU89,KXWCFIRSTGOAL-26JUN27DZAAUT,,Marko Arnautovic: First Goalscorer,,,finalized,2026-06-28T04:29:58Z,,,,,,,,,,,,,,2026-07-29T11:46:28Z
KXWCFIRSTGOAL-26JUN27DZAAUT-AUTKLAIME27,KXWCFIRSTGOAL-26JUN27DZAAUT,,Konrad Laimer: First Goalscorer,,,finalized,2026-06-28T04:29:58Z,,,,,,,,,,,,,,2026-07-29T11:46:28Z
KXWCFIRSTGOAL-26JUN27DZAAUT-AUTDALABA4,KXWCFIRSTGOAL-26JUN27DZAAUT,,David Alaba: First Goalscorer,,,finalized,2026-06-28T04:29:57Z,,,,,,,,,,,,,,2026-07-29T11:46:28Z
KXWCFIRSTGOAL-26JUN27JORARG-NOGOAL,KXWCFIRSTGOAL-26JUN27JORARG,,No Goal: First Goalscorer,,,finalized,2026-06-28T04:14:42Z,,,,,,,,,,,,,,2026-07-29T11:46:28Z
KXWCFIRSTGOAL-26JUN27JORARG-JORYARAB5,KXWCFIRSTGOAL-26JUN27JORARG,,Yazan Arab: First Goalscorer,,,finalized,2026-06-28T04:14:43Z,,,,,,,,,,,,,,2026-07-29T11:46:28Z
KXWCFIRSTGOAL-26JUN27JORARG-JORNALRA8,KXWCFIRSTGOAL-26JUN27JORARG,,Noor Al-Deen Mahmoud Ali Al Rawabdeh: First Goalscorer,,,finalized,2026-06-28T04:14:43Z,,,,,,,,,,,,,,2026-07-29T11:46:28Z
KXWCFIRSTGOAL-26JUN27JORARG-JORNALRA21,KXWCFIRSTGOAL-26JUN27JORARG,,Nizar Al-Rashdan: First Goalscorer,,,finalized,2026-06-28T04:14:42Z,,,,,,,,,,,,,,2026-07-29T11:46:28Z
KXWCFIRSTGOAL-26JUN27JORARG-JORMABUT20,KXWCFIRSTGOAL-26JUN27JORARG,,Mohannad Abu Taha: First Goalscorer,,,finalized,2026-06-28T04:14:42Z,,,,,,,,,,,,,,2026-07-29T11:46:28Z
KXWCFIRSTGOAL-26JUN27JORARG-JORHABUDA4,KXWCFIRSTGOAL-26JUN27JORARG,,Husam Ali Mohammad Abudahab: First Goalscorer,,,finalized,2026-06-28T04:14:42Z,,,,,,,,,,,,,,2026-07-29T11:46:28Z
KXWCFIRSTGOAL-26JUN27JORARG-JOREHADADNA,KXWCFIRSTGOAL-26JUN27JORARG,,Ehsan Hadad: First Goalscorer,,,finalized,2026-06-28T04:14:43Z,,,,,,,,,,,,,,2026-07-29T11:46:28Z
KXWCFIRSTGOAL-26JUN27JORARG-JORAOLWAN9,KXWCFIRSTGOAL-26JUN27JORARG,,Ali Iyad Olwan: First Goalscorer,,,finalized,2026-06-28T04:14:42Z,,,,,,,,,,,,,,2026-07-29T11:46:28Z
KXWCFIRSTGOAL-26JUN27JORARG-JORANASIB3,KXWCFIRSTGOAL-26JUN27JORARG,,Abdallah Nasib: First Goalscorer,,,finalized,2026-06-28T04:14:42Z,,,,,,,,,,,,,,2026-07-29T11:46:28Z
KXWCFIRSTGOAL-26JUN27JORARG-JORAAZAIZ99,KXWCFIRSTGOAL-26JUN27JORARG,,Ali Ahmad Azaizeh: First Goalscorer,,,finalized,2026-06-28T04:14:43Z,,,,,,,,,,,,,,2026-07-29T11:46:28Z
KXWCFIRSTGOAL-26JUN27JORARG-JORAALFA11,KXWCFIRSTGOAL-26JUN27JORARG,,Awdat Al Fakhouri: First Goalscorer,,,finalized,2026-06-28T04:14:43Z,,,,,,,,,,,,,,2026-07-29T11:46:28Z
KXWCFIRSTGOAL-26JUN27JORARG-ARGNTAGLI3,KXWCFIRSTGOAL-26JUN27JORARG,,Nicolas Tagliafico: First Goalscorer,,,finalized,2026-06-28T04:14:44Z,,,,,,,,,,,,,,2026-07-29T11:46:28Z
KXWCFIRSTGOAL-26JUN27JORARG-ARGNPAZ10,KXWCFIRSTGOAL-26JUN27JORARG,,Nico Paz: First Goalscorer,,,finalized,2026-06-28T04:14:43Z,,,,,,,,,,,,,,2026-07-29T11:46:28Z
KXWCFIRSTGOAL-26JUN27JORARG-ARGNOTAME30,KXWCFIRSTGOAL-26JUN27JORARG,,Nicolas Otamendi: First Goalscorer,,,finalized,2026-06-28T04:14:44Z,,,,,,,,,,,,,,2026-07-29T11:46:28Z
KXWCFIRSTGOAL-26JUN27JORARG-ARGMSENES5,KXWCFIRSTGOAL-26JUN27JORARG,,Marcos Senesi: First Goalscorer,,,finalized,2026-06-28T04:14:44Z,,,,,,,,,,,,,,2026-07-29T11:46:28Z
KXWCFIRSTGOAL-26JUN27JORARG-ARGLPARED5,KXWCFIRSTGOAL-26JUN27JORARG,,Leandro Paredes: First Goalscorer,,,finalized,2026-06-28T04:14:44Z,,,,,,,,,,,,,,2026-07-29T11:46:28Z
KXWCFIRSTGOAL-26JUN27JORARG-ARGLMARTI10,KXWCFIRSTGOAL-26JUN27JORARG,,Lautaro Martinez: First Goalscorer,,,finalized,2026-06-28T04:14:44Z,,,,,,,,,,,,,,2026-07-29T11:46:28Z
KXWCFIRSTGOAL-26JUN27JORARG-ARGJALVAR19,KXWCFIRSTGOAL-26JUN27JORARG,,Julian Alvarez: First Goalscorer,,,finalized,2026-06-28T04:14:43Z,,,,,,,,,,,,,,2026-07-29T11:46:28Z
KXWCFIRSTGOAL-26JUN27JORARG-ARGGSIMEO20,KXWCFIRSTGOAL-26JUN27JORARG,,Giuliano Simeone: First Goalscorer,,,finalized,2026-06-28T04:14:43Z,,,,,,,,,,,,,,2026-07-29T11:46:28Z
KXWCFIRSTGOAL-26JUN27JORARG-ARGGLOCE20,KXWCFIRSTGOAL-26JUN27JORARG,,Giovani Lo Celso: First Goalscorer,,,finalized,2026-06-28T04:14:44Z,,,,,,,,,,,,,,2026-07-29T11:46:28Z
KXWCFIRSTGOAL-26JUN27JORARG-ARGEPALAC25,KXWCFIRSTGOAL-26JUN27JORARG,,Exequiel Palacios: First Goalscorer,,,finalized,2026-06-28T04:14:44Z,,,,,,,,,,,,,,2026-07-29T11:46:28Z
KXWCFIRSTGOAL-26JUN27COLPOR-PORJNEVES87,KXWCFIRSTGOAL-26JUN27COLPOR,,Joao Neves: First Goalscorer,,,finalized,2026-06-28T01:40:05Z,,,,,,,,,,,,,,2026-07-29T11:46:28Z
KXWCFIRSTGOAL-26JUN27COLPOR-PORDDALOT2,KXWCFIRSTGOAL-26JUN27COLPOR,,Diogo Dalot: First Goalscorer,,,finalized,2026-06-28T01:40:05Z,,,,,,,,,,,,,,2026-07-29T11:46:28Z
KXWCFIRSTGOAL-26JUN27CODUZB-UZBSNASRU13,KXWCFIRSTGOAL-26JUN27CODUZB,,Sherzod Nasrullaev: First Goalscorer,,,finalized,2026-06-28T01:44:47Z,,,,,,,,,,,,,,2026-07-29T11:46:28Z
KXWCFIRSTGOAL-26JUN27CODUZB-UZBRASHUR5,KXWCFIRSTGOAL-26JUN27CODUZB,,Rustamjon Ashurmatov: First Goalscorer,,,finalized,2026-06-28T01:44:47Z,,,,,,,,,,,,,,2026-07-29T11:46:28Z
KXWCFIRSTGOAL-26JUN27CODUZB-UZBOSHUKU7,KXWCFIRSTGOAL-26JUN27CODUZB,,Otabek Shukurov: First Goalscorer,,,finalized,2026-06-28T01:44:47Z,,,,,,,,,,,,,,2026-07-29T11:46:28Z
KXWCFIRSTGOAL-26JUN27CODUZB-UZBJUROZO26,KXWCFIRSTGOAL-26JUN27CODUZB,,Jakhongir Urozov: First Goalscorer,,,finalized,2026-06-28T01:44:47Z,,,,,,,,,,,,,,2026-07-29T11:46:28Z
KXWCFIRSTGOAL-26JUN27CODUZB-UZBESHOMU14,KXWCFIRSTGOAL-26JUN27CODUZB,,Eldor Shomurodov: First Goalscorer,,,finalized,2026-06-28T01:44:48Z,,,,,,,,,,,,,,2026-07-29T11:46:28Z
KXWCFIRSTGOAL-26JUN27CODUZB-UZBDOST17,KXWCFIRSTGOAL-26JUN27CODUZB,,Dostonbek Khamdamov: First Goalscorer,,,finalized,2026-06-28T01:44:47Z,,,,,,,,,,,,,,2026-07-29T11:46:28Z
KXWCFIRSTGOAL-26JUN27CODUZB-UZBAMOZGO6,KXWCFIRSTGOAL-26JUN27CODUZB,,Akmal Mozgovoy: First Goalscorer,,,finalized,2026-06-28T01:44:47Z,,,,,,,,,,,,,,2026-07-29T11:46:28Z
KXWCFIRSTGOAL-26JUN27CODUZB-UZBAKHUSA45,KXWCFIRSTGOAL-26JUN27CODUZB,,Abdukodir Khusanov: First Goalscorer,,,finalized,2026-06-28T01:44:47Z,,,,,,,,,,,,,,2026-07-29T11:46:28Z
KXWCFIRSTGOAL-26JUN27CODUZB-UZBAKHOJI3,KXWCFIRSTGOAL-26JUN27CODUZB,,Alijinov Khojiakbar: First Goalscorer,,,finalized,2026-06-28T01:44:47Z,,,,,,,,,,,,,,2026-07-29T11:46:28Z
KXWCFIRSTGOAL-26JUN27CODUZB-UZBAFAYZU11,KXWCFIRSTGOAL-26JUN27CODUZB,,Abbosbek Fayzullaev: First Goalscorer,,,finalized,2026-06-28T01:44:48Z,,,,,,,,,,,,,,2026-07-29T11:46:28Z
KXWCFIRSTGOAL-26JUN27CODUZB-NOGOAL,KXWCFIRSTGOAL-26JUN27CODUZB,,No Goal: First Goalscorer,,,finalized,2026-06-28T01:44:45Z,,,,,,,,,,,,,,2026-07-29T11:46:28Z
KXWCFIRSTGOAL-26JUN27CODUZB-CODYWISSA9,KXWCFIRSTGOAL-26JUN27CODUZB,,Yoane Wissa: First Goalscorer,,,finalized,2026-06-28T01:44:46Z,,,,,,,,,,,,,,2026-07-29T11:46:28Z
KXWCFIRSTGOAL-26JUN27CODUZB-CODSMOUTO8,KXWCFIRSTGOAL-26JUN27CODUZB,,Samuel Moutoussamy: First Goalscorer,,,finalized,2026-06-28T01:44:46Z,,,,,,,,,,,,,,2026-07-29T11:46:28Z
KXWCFIRSTGOAL-26JUN27CODUZB-CODNSADIK27,KXWCFIRSTGOAL-26JUN27CODUZB,,Noah Sadiki: First Goalscorer,,,finalized,2026-06-28T01:44:46Z,,,,,,,,,,,,,,2026-07-29T11:46:28Z
KXWCFIRSTGOAL-26JUN27CODUZB-CODNMBUKU11,KXWCFIRSTGOAL-26JUN27CODUZB,,Nathanael Mbuku: First Goalscorer,,,finalized,2026-06-28T01:44:46Z,,,,,,,,,,,,,,2026-07-29T11:46:28Z
KXWCFIRSTGOAL-26JUN27CODUZB-CODCMBEMB18,KXWCFIRSTGOAL-26JUN27CODUZB,,Chancel Mbemba: First Goalscorer,,,finalized,2026-06-28T01:44:45Z,,,,,,,,,,,,,,2026-07-29T11:46:28Z
KXWCFIRSTGOAL-26JUN27CODUZB-CODCBAKAM11,KXWCFIRSTGOAL-26JUN27CODUZB,,Cedric Bakambu: First Goalscorer,,,finalized,2026-06-28T01:44:46Z,,,,,,,,,,,,,,2026-07-29T11:46:28Z
KXWCFIRSTGOAL-26JUN27CODUZB-CODBCIPEN9,KXWCFIRSTGOAL-26JUN27CODUZB,,Brian Kibambe Cipenga: First Goalscorer,,,finalized,2026-06-28T01:44:46Z,,,,,,,,,,,,,,2026-07-29T11:46:28Z
KXWCGOAL-26JUL19ESPARG-ARGMSENES5-1,KXWCGOAL-26JUL19ESPARG,,Marcos Senesi: 1+ goals,,,finalized,2026-07-19T22:09:56Z,,,,,,,,,,,,,,2026-07-29T11:46:28Z
KXWCGOAL-26JUL19ESPARG-ESPMZUBIM36-1,KXWCGOAL-26JUL19ESPARG,,Martin Zubimendi: 1+ goals,,,finalized,2026-07-19T22:09:56Z,,,,,,,,,,,,,,2026-07-29T11:46:28Z
KXWCGOAL-26JUL19ESPARG-ESPEGARCI24-1,KXWCGOAL-26JUL19ESPARG,,Eric Garcia: 1+ goals,,,finalized,2026-07-19T22:09:56Z,,,,,,,,,,,,,,2026-07-29T11:46:28Z
KXWCGOAL-26JUL19ESPARG-ESPNWILLI10-1,KXWCGOAL-26JUL19ESPARG,,Nico Williams: 1+ goals,,,finalized,2026-07-19T22:09:56Z,,,,,,,,,,,,,,2026-07-29T11:46:28Z
KXWCGOAL-26JUL19ESPARG-ARGGSIMEO20-1,KXWCGOAL-26JUL19ESPARG,,Giuliano Simeone: 1+ goals,,,finalized,2026-07-19T22:09:56Z,,,,,,,,,,,,,,2026-07-29T11:46:28Z
KXWCGOAL-26JUL19ESPARG-ARGFMEDIN14-1,KXWCGOAL-26JUL19ESPARG,,Facundo Medina: 1+ goals,,,finalized,2026-07-19T22:09:55Z,,,,,,,,,,,,,,2026-07-29T11:46:28Z
KXWCGOAL-26JUL19ESPARG-ARGNMOLIN16-1,KXWCGOAL-26JUL19ESPARG,,Nahuel Molina: 1+ goals,,,finalized,2026-07-19T22:09:55Z,,,,,,,,,,,,,,2026-07-29T11:46:28Z
KXWCGOAL-26JUL19ESPARG-ARGLPARED5-1,KXWCGOAL-26JUL19ESPARG,,Leandro Paredes: 1+ goals,,,finalized,2026-07-19T22:09:55Z,,,,,,,,,,,,,,2026-07-29T11:46:28Z
KXWCGOAL-26JUL19ESPARG-ARGNOTAME30-1,KXWCGOAL-26JUL19ESPARG,,Nicolas Otamendi: 1+ goals,,,finalized,2026-07-19T22:09:55Z,,,,,,,,,,,,,,2026-07-29T11:46:28Z
KXWCGOAL-26JUL19ESPARG-ARGRDEPA7-1,KXWCGOAL-26JUL19ESPARG,,Rodrigo De Paul: 1+ goals,,,finalized,2026-07-19T20:47:22Z,,,,,,,,,,,,,,2026-07-29T11:46:28Z
KXWCGOAL-26JUL19ESPARG-ARGNTAGLI3-1,KXWCGOAL-26JUL19ESPARG,,Nicolas Tagliafico: 1+ goals,,,finalized,2026-07-19T22:09:55Z,,,,,,,,,,,,,,2026-07-29T11:46:28Z
KXWCGOAL-26JUL19ESPARG-ARGNGONZA11-1,KXWCGOAL-26JUL19ESPARG,,Nico Gonzalez: 1+ goals,,,finalized,2026-07-19T20:21:20Z,,,,,,,,,,,,,,2026-07-29T11:46:28Z
KXWCGOAL-26JUL19ESPARG-ARGLMARTI6-1,KXWCGOAL-26JUL19ESPARG,,Lisandro Martinez: 1+ goals,,,finalized,2026-07-19T19:49:39Z,,,,,,,,,,,,,,2026-07-29T11:46:28Z
KXWCGOAL-26JUL19ESPARG-ARGGMONTI4-1,KXWCGOAL-26JUL19ESPARG,,Gonzalo Montiel: 1+ goals,,,finalized,2026-07-19T20:35:21Z,,,,,,,,,,,,,,2026-07-29T11:46:28Z
KXWCGOAL-26JUL19ESPARG-ESPPPORRO23-1,KXWCGOAL-26JUL19ESPARG,,Pedro Porro: 1+ goals,,,finalized,2026-07-19T22:09:54Z,,,,,,,,,,,,,,2026-07-29T11:46:28Z
KXWCGOAL-26JUL19ESPARG-ESPPCUBAR5-1,KXWCGOAL-26JUL19ESPARG,,Pau Cubarsi: 1+ goals,,,finalized,2026-07-19T22:09:54Z,,,,,,,,,,,,,,2026-07-29T11:46:28Z
KXWCGOAL-26JUL19ESPARG-ESPFRUIZ8-1,KXWCGOAL-26JUL19ESPARG,,Fabian Ruiz: 1+ goals,,,finalized,2026-07-19T20:39:38Z,,,,,,,,,,,,,,2026-07-29T11:46:28Z
KXWCGOAL-26JUL19ESPARG-ESPALAPOR14-1,KXWCGOAL-26JUL19ESPARG,,Aymeric Laporte: 1+ goals,,,finalized,2026-07-19T21:29:46Z,,,,,,,,,,,,,,2026-07-29T11:46:28Z
KXWCGOAL-26JUL19ESPARG-ESPABAENA10-2,KXWCGOAL-26JUL19ESPARG,,Alex Baena: 2+ goals,,,finalized,2026-07-19T20:53:22Z,,,,,,,,,,,,,,2026-07-29T11:46:28Z
KXWCGOAL-26JUL19ESPARG-ESPABAENA10-1,KXWCGOAL-26JUL19ESPARG,,Alex Baena: 1+ goals,,,finalized,2026-07-19T20:53:21Z,,,,,,,,,,,,,,2026-07-29T11:46:28Z
KXWCGOAL-26JUL18FRAENG-ENGTCHALO23-1,KXWCGOAL-26JUL18FRAENG,,Trevoh Chalobah: 1+ goals,,,finalized,2026-07-18T23:10:04Z,,,,,,,,,,,,,,2026-07-29T11:46:28Z
KXWCGOAL-26JUL18FRAENG-ENGRJAMES24-1,KXWCGOAL-26JUL18FRAENG,,Reece James: 1+ goals,,,finalized,2026-07-18T23:10:04Z,,,,,,,,,,,,,,2026-07-29T11:46:28Z
KXWCGOAL-26JUL18FRAENG-ENGOWATKI11-1,KXWCGOAL-26JUL18FRAENG,,Ollie Watkins: 1+ goals,,,finalized,2026-07-18T23:10:04Z,,,,,,,,,,,,,,2026-07-29T11:46:28Z
KXWCGOAL-26JUL18FRAENG-FRADUPAME2-1,KXWCGOAL-26JUL18FRAENG,,Dayot Upamecano: 1+ goals,,,finalized,2026-07-18T23:10:04Z,,,,,,,,,,,,,,2026-07-29T11:46:28Z
KXWCGOAL-26JUL18FRAENG-FRALDIGNE12-1,KXWCGOAL-26JUL18FRAENG,,Lucas Digne: 1+ goals,,,finalized,2026-07-18T23:10:04Z,,,,,,,,,,,,,,2026-07-29T11:46:28Z
KXWCGOAL-26JUL18FRAENG-FRAWZAIRE33-2,KXWCGOAL-26JUL18FRAENG,,Warren Zaire-Emery: 2+ goals,,,finalized,2026-07-18T23:10:03Z,,,,,,,,,,,,,,2026-07-29T11:46:28Z
KXWCGOAL-26JUL18FRAENG-ENGMROGER27-2,KXWCGOAL-26JUL18FRAENG,,Morgan Rogers: 2+ goals,,,finalized,2026-07-18T23:10:03Z,,,,,,,,,,,,,,2026-07-29T11:46:28Z
KXWCGOAL-26JUL18FRAENG-ENGMROGER27-1,KXWCGOAL-26JUL18FRAENG,,Morgan Rogers: 1+ goals,,,finalized,2026-07-18T23:10:03Z,,,,,,,,,,,,,,2026-07-29T11:46:28Z
KXWCGOAL-26JUL18FRAENG-ENGMRASHF14-2,KXWCGOAL-26JUL18FRAENG,,Marcus Rashford: 2+ goals,,,finalized,2026-07-18T22:07:23Z,,,,,,,,,,,,,,2026-07-29T11:46:28Z
KXWCGOAL-26JUL18FRAENG-ENGMRASHF14-1,KXWCGOAL-26JUL18FRAENG,,Marcus Rashford: 1+ goals,,,finalized,2026-07-18T22:07:23Z,,,,,,,,,,,,,,2026-07-29T11:46:28Z
KXWCGOAL-26JUL18FRAENG-ENGMGUEHI15-1,KXWCGOAL-26JUL18FRAENG,,Marc Guehi: 1+ goals,,,finalized,2026-07-18T22:55:27Z,,,,,,,,,,,,,,2026-07-29T11:46:28Z
KXWCGOAL-26JUL18FRAENG-ENGJQUANS4-1,KXWCGOAL-26JUL18FRAENG,,Jarell Quansah: 1+ goals,,,finalized,2026-07-18T22:45:21Z,,,,,,,,,,,,,,2026-07-29T11:46:28Z
KXWCGOAL-26JUL18FRAENG-ENGITONEY17-3,KXWCGOAL-26JUL18FRAENG,,Ivan Toney: 3+ goals,,,finalized,2026-07-18T22:41:20Z,,,,,,,,,,,,,,2026-07-29T11:46:28Z
KXWCGOAL-26JUL18FRAENG-ENGITONEY17-2,KXWCGOAL-26JUL18FRAENG,,Ivan Toney: 2+ goals,,,finalized,2026-07-18T22:41:20Z,,,,,,,,,,,,,,2026-07-29T11:46:28Z
KXWCGOAL-26JUL18FRAENG-ENGITONEY17-1,KXWCGOAL-26JUL18FRAENG,,Ivan Toney: 1+ goals,,,finalized,2026-07-18T22:41:20Z,,,,,,,,,,,,,,2026-07-29T11:46:28Z
KXWCGOAL-26JUL18FRAENG-ENGEKONSA4-1,KXWCGOAL-26JUL18FRAENG,,Ezri Konsa: 1+ goals,,,finalized,2026-07-18T23:10:02Z,,,,,,,,,,,,,,2026-07-29T11:46:28Z
KXWCGOAL-26JUL18FRAENG-ENGEEZE10-2,KXWCGOAL-26JUL18FRAENG,,Eberechi Eze: 2+ goals,,,finalized,2026-07-18T22:41:20Z,,,,,,,,,,,,,,2026-07-29T11:46:28Z
KXWCGOAL-26JUL18FRAENG-ENGEEZE10-1,KXWCGOAL-26JUL18FRAENG,,Eberechi Eze: 1+ goals,,,finalized,2026-07-18T22:41:20Z,,,,,,,,,,,,,,2026-07-29T11:46:28Z
KXWCGOAL-26JUL18FRAENG-ENGDSPENC24-1,KXWCGOAL-26JUL18FRAENG,,Djed Spence: 1+ goals,,,finalized,2026-07-18T23:10:02Z,,,,,,,,,,,,,,2026-07-29T11:46:28Z
KXWCGOAL-26JUL18FRAENG-ENGBSAKA7-2,KXWCGOAL-26JUL18FRAENG,,Bukayo Saka: 2+ goals,,,finalized,2026-07-18T23:10:02Z,,,,,,,,,,,,,,2026-07-29T11:46:28Z
KXWCGOAL-26JUL18FRAENG-ENGBSAKA7-1,KXWCGOAL-26JUL18FRAENG,,Bukayo Saka: 1+ goals,,,finalized,2026-07-18T23:10:02Z,,,,,,,,,,,,,,2026-07-29T11:46:28Z
KXWCGOAL-26JUL18FRAENG-FRAWZAIRE33-1,KXWCGOAL-26JUL18FRAENG,,Warren Zaire-Emery: 1+ goals,,,finalized,2026-07-18T23:10:01Z,,,,,,,,,,,,,,2026-07-29T11:46:28Z
KXWCGOAL-26JUL18FRAENG-FRATHERNA19-1,KXWCGOAL-26JUL18FRAENG,,Theo Hernandez: 1+ goals,,,finalized,2026-07-18T22:07:21Z,,,,,,,,,,,,,,2026-07-29T11:46:28Z
KXWCGOAL-26JUL18FRAENG-FRARCHERK10-2,KXWCGOAL-26JUL18FRAENG,,Rayan Cherki: 2+ goals,,,finalized,2026-07-18T22:07:22Z,,,,,,,,,,,,,,2026-07-29T11:46:28Z
KXWCGOAL-26JUL18FRAENG-FRARCHERK10-1,KXWCGOAL-26JUL18FRAENG,,Rayan Cherki: 1+ goals,,,finalized,2026-07-18T22:07:22Z,,,,,,,,,,,,,,2026-07-29T11:46:28Z
KXWCGOAL-26JUL18FRAENG-FRAMLACRO5-1,KXWCGOAL-26JUL18FRAENG,,Maxence Lacroix: 1+ goals,,,finalized,2026-07-18T23:10:01Z,,,,,,,,,,,,,,2026-07-29T11:46:28Z
KXWCGOAL-26JUL18FRAENG-FRAMGUSTO27-1,KXWCGOAL-26JUL18FRAENG,,Malo Gusto: 1+ goals,,,finalized,2026-07-18T22:53:19Z,,,,,,,,,,,,,,2026-07-29T11:46:28Z
KXWCGOAL-26JUL18FRAENG-FRAIKONAT5-1,KXWCGOAL-26JUL18FRAENG,,Ibrahima Konate: 1+ goals,,,finalized,2026-07-18T22:07:22Z,,,,,,,,,,,,,,2026-07-29T11:46:28Z
KXWCGOAL-26JUL18FRAENG-FRAARABIO12-2,KXWCGOAL-26JUL18FRAENG,,Adrien Rabiot: 2+ goals,,,finalized,2026-07-18T23:10:01Z,,,,,,,,,,,,,,2026-07-29T11:46:28Z
KXWCGOAL-26JUL18FRAENG-FRAARABIO12-1,KXWCGOAL-26JUL18FRAENG,,Adrien Rabiot: 1+ goals,,,finalized,2026-07-18T23:10:00Z,,,,,,,,,,,,,,2026-07-29T11:46:28Z
KXWCGOAL-26JUL19ESPARG-ARGCROMER17-1,KXWCGOAL-26JUL19ESPARG,,Cristian Romero: 1+ goals,,,finalized,2026-07-19T20:47:23Z,,,,,,,,,,,,,,2026-07-29T11:46:28Z
KXWCGOAL-26JUL18FRAENG-FRAODEMBE10-3,KXWCGOAL-26JUL18FRAENG,,Ousmane Dembele: 3+ goals,,,finalized,2026-07-18T23:10:00Z,,,,,,,,,,,,,,2026-07-29T11:46:28Z
KXWCGOAL-26JUL18FRAENG-FRAODEMBE10-2,KXWCGOAL-26JUL18FRAENG,,Ousmane Dembele: 2+ goals,,,finalized,2026-07-18T23:09:59Z,,,,,,,,,,,,,,2026-07-29T11:46:28Z
KXWCGOAL-26JUL18FRAENG-FRAODEMBE10-1,KXWCGOAL-26JUL18FRAENG,,Ousmane Dembele: 1+ goals,,,finalized,2026-07-18T23:09:59Z,,,,,,,,,,,,,,2026-07-29T11:46:28Z
KXWCGOAL-26JUL18FRAENG-FRAMOLISE17-2,KXWCGOAL-26JUL18FRAENG,,Michael Olise: 2+ goals,,,finalized,2026-07-18T23:09:59Z,,,,,,,,,,,,,,2026-07-29T11:46:28Z
KXWCGOAL-26JUL18FRAENG-FRAMOLISE17-1,KXWCGOAL-26JUL18FRAENG,,Michael Olise: 1+ goals,,,finalized,2026-07-18T23:09:59Z,,,,,,,,,,,,,,2026-07-29T11:46:28Z
KXWCGOAL-26JUL18FRAENG-FRAKMBAPP10-3,KXWCGOAL-26JUL18FRAENG,,Kylian Mbappe: 3+ goals,,,finalized,2026-07-18T23:09:59Z,,,,,,,,,,,,,,2026-07-29T11:46:28Z
KXWCGOAL-26JUL18FRAENG-FRAKMBAPP10-2,KXWCGOAL-26JUL18FRAENG,,Kylian Mbappe: 2+ goals,,,finalized,2026-07-18T23:09:59Z,,,,,,,,,,,,,,2026-07-29T11:46:28Z
KXWCGOAL-26JUL18FRAENG-FRAKMBAPP10-1,KXWCGOAL-26JUL18FRAENG,,Kylian Mbappe: 1+ goals,,,finalized,2026-07-18T23:09:58Z,,,,,,,,,,,,,,2026-07-29T11:46:28Z
KXWCGOAL-26JUL18FRAENG-FRAJKOUND23-1,KXWCGOAL-26JUL18FRAENG,,Jules Kounde: 1+ goals,,,finalized,2026-07-18T23:09:58Z,,,,,,,,,,,,,,2026-07-29T11:46:28Z
KXWCGOAL-26JUL18FRAENG-FRADDOUE14-2,KXWCGOAL-26JUL18FRAENG,,Desire Doue: 2+ goals,,,finalized,2026-07-18T22:07:23Z,,,,,,,,,,,,,,2026-07-29T11:46:28Z
KXWCGOAL-26JUL18FRAENG-FRADDOUE14-1,KXWCGOAL-26JUL18FRAENG,,Desire Doue: 1+ goals,,,finalized,2026-07-18T22:07:23Z,,,,,,,,,,,,,,2026-07-29T11:46:28Z
KXWCGOAL-26JUL18FRAENG-FRABBARCO29-2,KXWCGOAL-26JUL18FRAENG,,Bradley Barcola: 2+ goals,,,finalized,2026-07-18T23:09:58Z,,,,,,,,,,,,,,2026-07-29T11:46:28Z
KXWCGOAL-26JUL18FRAENG-FRABBARCO29-1,KXWCGOAL-26JUL18FRAENG,,Bradley Barcola: 1+ goals,,,finalized,2026-07-18T23:09:58Z,,,,,,,,,,,,,,2026-07-29T11:46:28Z
KXWCGOAL-26JUL18FRAENG-FRAATCHOU14-1,KXWCGOAL-26JUL18FRAENG,,Aurelien Tchouameni: 1+ goals,,,finalized,2026-07-19T01:58:54Z,,,,,,,,,,,,,,2026-07-29T11:46:28Z
KXWCGOAL-26JUL18FRAENG-ENGJBELLI5-2,KXWCGOAL-26JUL18FRAENG,,Jude Bellingham: 2+ goals,,,finalized,2026-07-18T23:10:00Z,,,,,,,,,,,,,,2026-07-29T11:46:28Z
KXWCGOAL-26JUL18FRAENG-ENGJBELLI5-1,KXWCGOAL-26JUL18FRAENG,,Jude Bellingham: 1+ goals,,,finalized,2026-07-18T23:10:00Z,,,,,,,,,,,,,,2026-07-29T11:46:28Z
KXWCGOAL-26JUL18FRAENG-ENGHKANE9-3,KXWCGOAL-26JUL18FRAENG,,Harry Kane: 3+ goals,,,finalized,2026-07-19T01:58:54Z,,,,,,,,,,,,,,2026-07-29T11:46:28Z
KXWCGOAL-26JUL18FRAENG-ENGHKANE9-2,KXWCGOAL-26JUL18FRAENG,,Harry Kane: 2+ goals,,,finalized,2026-07-19T01:58:54Z,,,,,,,,,,,,,,2026-07-29T11:46:28Z
KXWCGOAL-26JUL18FRAENG-ENGHKANE9-1,KXWCGOAL-26JUL18FRAENG,,Harry Kane: 1+ goals,,,finalized,2026-07-19T01:58:54Z,,,,,,,,,,,,,,2026-07-29T11:46:28Z
KXWCGOAL-26JUL18FRAENG-ENGEANDER8-1,KXWCGOAL-26JUL18FRAENG,,Elliot Anderson: 1+ goals,,,finalized,2026-07-18T23:10:00Z,,,,,,,,,,,,,,2026-07-29T11:46:28Z
KXWCGOAL-26JUL18FRAENG-ENGDRICE41-1,KXWCGOAL-26JUL18FRAENG,,Declan Rice: 1+ goals,,,finalized,2026-07-18T23:10:00Z,,,,,,,,,,,,,,2026-07-29T11:46:28Z
KXWCGOAL-26JUL19ESPARG-ESPRODR16-1,KXWCGOAL-26JUL19ESPARG,,Rodri: 1+ goals,,,finalized,2026-07-19T21:29:49Z,,,,,,,,,,,,,,2026-07-29T11:46:28Z
KXWCGOAL-26JUL19ESPARG-ESPPEDR8-1,KXWCGOAL-26JUL19ESPARG,,Pedri: 1+ goals,,,finalized,2026-07-19T22:09:52Z,,,,,,,,,,,,,,2026-07-29T11:46:28Z
KXWCGOAL-26JUL19ESPARG-ESPMOYARZ10-3,KXWCGOAL-26JUL19ESPARG,,Mikel Oyarzabal: 3+ goals,,,finalized,2026-07-19T20:39:39Z,,,,,,,,,,,,,,2026-07-29T11:46:28Z
KXWCGOAL-26JUL19ESPARG-ESPMOYARZ10-2,KXWCGOAL-26JUL19ESPARG,,Mikel Oyarzabal: 2+ goals,,,finalized,2026-07-19T20:39:39Z,,,,,,,,,,,,,,2026-07-29T11:46:28Z
KXWCGOAL-26JUL19ESPARG-ESPMOYARZ10-1,KXWCGOAL-26JUL19ESPARG,,Mikel Oyarzabal: 1+ goals,,,finalized,2026-07-19T20:39:39Z,,,,,,,,,,,,,,2026-07-29T11:46:28Z
KXWCGOAL-26JUL19ESPARG-ESPMMERIN23-2,KXWCGOAL-26JUL19ESPARG,,Mikel Merino: 2+ goals,,,finalized,2026-07-19T22:09:52Z,,,,,,,,,,,,,,2026-07-29T11:46:28Z
KXWCGOAL-26JUL19ESPARG-ESPMMERIN23-1,KXWCGOAL-26JUL19ESPARG,,Mikel Merino: 1+ goals,,,finalized,2026-07-19T22:09:51Z,,,,,,,,,,,,,,2026-07-29T11:46:28Z
KXWCGOAL-26JUL19ESPARG-ESPMCUCUR3-1,KXWCGOAL-26JUL19ESPARG,,Marc Cucurella: 1+ goals,,,finalized,2026-07-19T22:09:51Z,,,,,,,,,,,,,,2026-07-29T11:46:28Z
KXWCGOAL-26JUL19ESPARG-ESPLYAMAL10-2,KXWCGOAL-26JUL19ESPARG,,Lamine Yamal: 2+ goals,,,finalized,2026-07-19T22:09:51Z,,,,,,,,,,,,,,2026-07-29T11:46:28Z
KXWCGOAL-26JUL19ESPARG-ESPLYAMAL10-1,KXWCGOAL-26JUL19ESPARG,,Lamine Yamal: 1+ goals,,,finalized,2026-07-19T22:09:51Z,,,,,,,,,,,,,,2026-07-29T11:46:28Z
KXWCGOAL-26JUL19ESPARG-ESPFTORRE7-2,KXWCGOAL-26JUL19ESPARG,,Ferran Torres: 2+ goals,,,finalized,2026-07-19T22:09:51Z,,,,,,,,,,,,,,2026-07-29T11:46:28Z
KXWCGOAL-26JUL19ESPARG-ESPFTORRE7-1,KXWCGOAL-26JUL19ESPARG,,Ferran Torres: 1+ goals,,,finalized,2026-07-19T22:09:51Z,,,,,,,,,,,,,,2026-07-29T11:46:28Z
KXWCGOAL-26JUL19ESPARG-ESPDOLMO20-2,KXWCGOAL-26JUL19ESPARG,,Dani Olmo: 2+ goals,,,finalized,2026-07-19T20:51:19Z,,,,,,,,,,,,,,2026-07-29T11:46:28Z
KXWCGOAL-26JUL19ESPARG-ESPDOLMO20-1,KXWCGOAL-26JUL19ESPARG,,Dani Olmo: 1+ goals,,,finalized,2026-07-19T20:51:19Z,,,,,,,,,,,,,,2026-07-29T11:46:28Z
KXWCGOAL-26JUL19ESPARG-ARGLMESSI10-3,KXWCGOAL-26JUL19ESPARG,,Lionel Messi: 3+ goals,,,finalized,2026-07-19T22:09:53Z,,,,,,,,,,,,,,2026-07-29T11:46:28Z
KXWCGOAL-26JUL19ESPARG-ARGLMESSI10-2,KXWCGOAL-26JUL19ESPARG,,Lionel Messi: 2+ goals,,,finalized,2026-07-19T22:09:53Z,,,,,,,,,,,,,,2026-07-29T11:46:28Z
KXWCGOAL-26JUL19ESPARG-ARGLMESSI10-1,KXWCGOAL-26JUL19ESPARG,,Lionel Messi: 1+ goals,,,finalized,2026-07-19T22:09:53Z,,,,,,,,,,,,,,2026-07-29T11:46:28Z
KXWCGOAL-26JUL19ESPARG-ARGLMARTI10-2,KXWCGOAL-26JUL19ESPARG,,Lautaro Martinez: 2+ goals,,,finalized,2026-07-19T22:25:46Z,,,,,,,,,,,,,,2026-07-29T11:46:28Z
KXWCGOAL-26JUL19ESPARG-ARGLMARTI10-1,KXWCGOAL-26JUL19ESPARG,,Lautaro Martinez: 1+ goals,,,finalized,2026-07-19T22:25:46Z,,,,,,,,,,,,,,2026-07-29T11:46:28Z
KXWCGOAL-26JUL19ESPARG-ARGJALVAR19-2,KXWCGOAL-26JUL19ESPARG,,Julian Alvarez: 2+ goals,,,finalized,2026-07-19T21:35:26Z,,,,,,,,,,,,,,2026-07-29T11:46:28Z
KXWCGOAL-26JUL19ESPARG-ARGJALVAR19-1,KXWCGOAL-26JUL19ESPARG,,Julian Alvarez: 1+ goals,,,finalized,2026-07-19T21:35:26Z,,,,,,,,,,,,,,2026-07-29T11:46:28Z
KXWCGOAL-26JUL19ESPARG-ARGEFERNA8-2,KXWCGOAL-26JUL19ESPARG,,Enzo Fernandez: 2+ goals,,,finalized,2026-07-19T22:09:53Z,,,,,,,,,,,,,,2026-07-29T11:46:28Z
KXWCGOAL-26JUL19ESPARG-ARGEFERNA8-1,KXWCGOAL-26JUL19ESPARG,,Enzo Fernandez: 1+ goals,,,finalized,2026-07-19T22:09:53Z,,,,,,,,,,,,,,2026-07-29T11:46:28Z
KXWCGOAL-26JUL19ESPARG-ARGAMACA10-1,KXWCGOAL-26JUL19ESPARG,,Alexis Mac Allister: 1+ goals,,,finalized,2026-07-19T22:09:52Z,,,,,,,,,,,,,,2026-07-29T11:46:28Z
KXWCGOAL-26JUL15ENGARG-ENGMRASHF14-1,KXWCGOAL-26JUL15ENGARG,,Marcus Rashford: 1+ goals,,,finalized,2026-07-15T21:09:59Z,,,,,,,,,,,,,,2026-07-29T11:46:28Z
KXWCGOAL-26JUL15ENGARG-ENGITONEY17-1,KXWCGOAL-26JUL15ENGARG,,Ivan Toney: 1+ goals,,,finalized,2026-07-15T21:09:59Z,,,,,,,,,,,,,,2026-07-29T11:46:28Z
KXWCGOAL-26JUL15ENGARG-ENGNOREI33-1,KXWCGOAL-26JUL15ENGARG,,Nico O'Reilly: 1+ goals,,,finalized,2026-07-15T21:09:59Z,,,,,,,,,,,,,,2026-07-29T11:46:28Z
KXWCGOAL-26JUL15ENGARG-ENGDBURN33-1,KXWCGOAL-26JUL15ENGARG,,Dan Burn: 1+ goals,,,finalized,2026-07-15T21:09:59Z,,,,,,,,,,,,,,2026-07-29T11:46:28Z
KXWCGOAL-26JUL15ENGARG-ARGNOTAME30-1,KXWCGOAL-26JUL15ENGARG,,Nicolas Otamendi: 1+ goals,,,finalized,2026-07-15T21:09:59Z,,,,,,,,,,,,,,2026-07-29T11:46:28Z
KXWCGOAL-26JUL15ENGARG-ARGGMONTI4-1,KXWCGOAL-26JUL15ENGARG,,Gonzalo Montiel: 1+ goals,,,finalized,2026-07-15T21:09:58Z,,,,,,,,,,,,,,2026-07-29T11:46:28Z
KXWCGOAL-26JUL15ENGARG-ARGRDEPA7-1,KXWCGOAL-26JUL15ENGARG,,Rodrigo De Paul: 1+ goals,,,finalized,2026-07-15T21:09:58Z,,,,,,,,,,,,,,2026-07-29T11:46:28Z
KXWCGOAL-26JUL15ENGARG-ENGEKONSA4-1,KXWCGOAL-26JUL15ENGARG,,Ezri Konsa: 1+ goals,,,finalized,2026-07-15T21:09:58Z,,,,,,,,,,,,,,2026-07-29T11:46:28Z
KXWCGOAL-26JUL15ENGARG-ARGNGONZA11-1,KXWCGOAL-26JUL15ENGARG,,Nico Gonzalez: 1+ goals,,,finalized,2026-07-15T21:09:58Z,,,,,,,,,,,,,,2026-07-29T11:46:28Z
KXWCGOAL-26JUL15ENGARG-ARGGSIMEO20-2,KXWCGOAL-26JUL15ENGARG,,Giuliano Simeone: 2+ goals,,,finalized,2026-07-15T20:33:20Z,,,,,,,,,,,,,,2026-07-29T11:46:28Z
KXWCGOAL-26JUL15ENGARG-ARGNTAGLI3-1,KXWCGOAL-26JUL15ENGARG,,Nicolas Tagliafico: 1+ goals,,,finalized,2026-07-15T20:41:18Z,,,,,,,,,,,,,,2026-07-29T11:46:28Z
KXWCGOAL-26JUL15ENGARG-ARGNMOLIN16-1,KXWCGOAL-26JUL15ENGARG,,Nahuel Molina: 1+ goals,,,finalized,2026-07-15T20:33:19Z,,,,,,,,,,,,,,2026-07-29T11:46:28Z
KXWCGOAL-26JUL15ENGARG-ARGLMARTI6-1,KXWCGOAL-26JUL15ENGARG,,Lisandro Martinez: 1+ goals,,,finalized,2026-07-15T20:35:22Z,,,,,,,,,,,,,,2026-07-29T11:46:28Z
KXWCGOAL-26JUL15ENGARG-ARGLPARED5-1,KXWCGOAL-26JUL15ENGARG,,Leandro Paredes: 1+ goals,,,finalized,2026-07-15T20:25:18Z,,,,,,,,,,,,,,2026-07-29T11:46:28Z
KXWCGOAL-26JUL15ENGARG-ARGGSIMEO20-1,KXWCGOAL-26JUL15ENGARG,,Giuliano Simeone: 1+ goals,,,finalized,2026-07-15T20:33:20Z,,,,,,,,,,,,,,2026-07-29T11:46:28Z
KXWCGOAL-26JUL15ENGARG-ARGCROMER17-1,KXWCGOAL-26JUL15ENGARG,,Cristian Romero: 1+ goals,,,finalized,2026-07-15T21:09:57Z,,,,,,,,,,,,,,2026-07-29T11:46:28Z
KXWCGOAL-26JUL15ENGARG-ENGRJAMES24-1,KXWCGOAL-26JUL15ENGARG,,Reece James: 1+ goals,,,finalized,2026-07-15T20:43:21Z,,,,,,,,,,,,,,2026-07-29T11:46:28Z
KXWCGOAL-26JUL15ENGARG-ENGMROGER27-2,KXWCGOAL-26JUL15ENGARG,,Morgan Rogers: 2+ goals,,,finalized,2026-07-15T21:09:57Z,,,,,,,,,,,,,,2026-07-29T11:46:28Z
KXWCGOAL-26JUL15ENGARG-ENGMROGER27-1,KXWCGOAL-26JUL15ENGARG,,Morgan Rogers: 1+ goals,,,finalized,2026-07-15T21:09:57Z,,,,,,,,,,,,,,2026-07-29T11:46:28Z
KXWCGOAL-26JUL15ENGARG-ENGMGUEHI15-1,KXWCGOAL-26JUL15ENGARG,,Marc Guehi: 1+ goals,,,finalized,2026-07-15T21:09:57Z,,,,,,,,,,,,,,2026-07-29T11:46:28Z
KXWCGOAL-26JUL15ENGARG-ENGJSTONE5-1,KXWCGOAL-26JUL15ENGARG,,John Stones: 1+ goals,,,finalized,2026-07-15T20:57:19Z,,,,,,,,,,,,,,2026-07-29T11:46:28Z
KXWCGOAL-26JUL15ENGARG-ENGDSPENC24-1,KXWCGOAL-26JUL15ENGARG,,Djed Spence: 1+ goals,,,finalized,2026-07-15T20:57:20Z,,,,,,,,,,,,,,2026-07-29T11:46:28Z
KXWCGOAL-26JUL15ENGARG-ENGAGORDO10-2,KXWCGOAL-26JUL15ENGARG,,Anthony Gordon: 2+ goals,,,finalized,2026-07-15T20:33:18Z,,,,,,,,,,,,,,2026-07-29T11:46:28Z
KXWCGOAL-26JUL15ENGARG-ENGAGORDO10-1,KXWCGOAL-26JUL15ENGARG,,Anthony Gordon: 1+ goals,,,finalized,2026-07-15T20:33:18Z,,,,,,,,,,,,,,2026-07-29T11:46:28Z
KXWCGOAL-26JUL14FRAESP-ESPNWILLI10-1,KXWCGOAL-26JUL14FRAESP,,Nico Williams: 1+ goals,,,finalized,2026-07-14T21:04:38Z,,,,,,,,,,,,,,2026-07-29T11:46:28Z
KXWCGOAL-26JUL14FRAESP-ESPMLLORE14-1,KXWCGOAL-26JUL14FRAESP,,Marcos Llorente: 1+ goals,,,finalized,2026-07-14T21:04:38Z,,,,,,,,,,,,,,2026-07-29T11:46:28Z
KXWCGOAL-26JUL14FRAESP-FRARCHERK10-1,KXWCGOAL-26JUL14FRAESP,,Rayan Cherki: 1+ goals,,,finalized,2026-07-14T21:04:38Z,,,,,,,,,,,,,,2026-07-29T11:46:28Z
KXWCGOAL-26JUL14FRAESP-FRATHERNA19-1,KXWCGOAL-26JUL14FRAESP,,Theo Hernandez: 1+ goals,,,finalized,2026-07-14T21:04:38Z,,,,,,,,,,,,,,2026-07-29T11:46:28Z
KXWCGOAL-26JUL14FRAESP-FRAMKONE17-1,KXWCGOAL-26JUL14FRAESP,,Manu Kone: 1+ goals,,,finalized,2026-07-14T21:04:37Z,,,,,,,,,,,,,,2026-07-29T11:46:28Z
KXWCGOAL-26JUL14FRAESP-FRAMLACRO5-1,KXWCGOAL-26JUL14FRAESP,,Maxence Lacroix: 1+ goals,,,finalized,2026-07-14T21:04:37Z,,,,,,,,,,,,,,2026-07-29T11:46:28Z
KXWCGOAL-26JUL14FRAESP-FRAWSALIB2-1,KXWCGOAL-26JUL14FRAESP,,William Saliba: 1+ goals,,,finalized,2026-07-14T19:29:47Z,,,,,,,,,,,,,,2026-07-29T11:46:28Z
KXWCGOAL-26JUL14FRAESP-FRALDIGNE12-1,KXWCGOAL-26JUL14FRAESP,,Lucas Digne: 1+ goals,,,finalized,2026-07-14T20:33:20Z,,,,,,,,,,,,,,2026-07-29T11:46:28Z
KXWCGOAL-26JUL14FRAESP-FRADUPAME2-1,KXWCGOAL-26JUL14FRAESP,,Dayot Upamecano: 1+ goals,,,finalized,2026-07-14T21:04:37Z,,,,,,,,,,,,,,2026-07-29T11:46:28Z
KXWCGOAL-26JUL14FRAESP-FRAARABIO12-1,KXWCGOAL-26JUL14FRAESP,,Adrien Rabiot: 1+ goals,,,finalized,2026-07-14T20:07:35Z,,,,,,,,,,,,,,2026-07-29T11:46:28Z
KXWCGOAL-26JUL14FRAESP-ESPPPORRO23-1,KXWCGOAL-26JUL14FRAESP,,Pedro Porro: 1+ goals,,,finalized,2026-07-14T20:35:35Z,,,,,,,,,,,,,,2026-07-29T11:46:28Z
KXWCGOAL-26JUL14FRAESP-ESPPCUBAR5-1,KXWCGOAL-26JUL14FRAESP,,Pau Cubarsi: 1+ goals,,,finalized,2026-07-14T21:04:37Z,,,,,,,,,,,,,,2026-07-29T11:46:28Z
KXWCGOAL-26JUL14FRAESP-ESPFRUIZ8-1,KXWCGOAL-26JUL14FRAESP,,Fabian Ruiz: 1+ goals,,,finalized,2026-07-14T20:39:51Z,,,,,,,,,,,,,,2026-07-29T11:46:28Z
KXWCGOAL-26JUL14FRAESP-ESPALAPOR14-1,KXWCGOAL-26JUL14FRAESP,,Aymeric Laporte: 1+ goals,,,finalized,2026-07-14T21:04:36Z,,,,,,,,,,,,,,2026-07-29T11:46:28Z
KXWCGOAL-26JUL14FRAESP-ESPABAENA10-2,KXWCGOAL-26JUL14FRAESP,,Alex Baena: 2+ goals,,,finalized,2026-07-14T20:45:27Z,,,,,,,,,,,,,,2026-07-29T11:46:28Z
KXWCGOAL-26JUL14FRAESP-ESPABAENA10-1,KXWCGOAL-26JUL14FRAESP,,Alex Baena: 1+ goals,,,finalized,2026-07-14T20:45:27Z,,,,,,,,,,,,,,2026-07-29T11:46:28Z
KXWCGOAL-26JUL14FRAESP-ESPMMERIN23-2,KXWCGOAL-26JUL14FRAESP,,Mikel Merino: 2+ goals,,,finalized,2026-07-14T21:04:36Z,,,,,,,,,,,,,,2026-07-29T11:46:28Z
KXWCGOAL-26JUL14FRAESP-ESPMMERIN23-1,KXWCGOAL-26JUL14FRAESP,,Mikel Merino: 1+ goals,,,finalized,2026-07-14T21:04:36Z,,,,,,,,,,,,,,2026-07-29T11:46:28Z
KXWCGOAL-26JUL14FRAESP-ESPFTORRE7-2,KXWCGOAL-26JUL14FRAESP,,Ferran Torres: 2+ goals,,,finalized,2026-07-14T21:04:36Z,,,,,,,,,,,,,,2026-07-29T11:46:28Z
KXWCGOAL-26JUL14FRAESP-ESPFTORRE7-1,KXWCGOAL-26JUL14FRAESP,,Ferran Torres: 1+ goals,,,finalized,2026-07-14T21:04:36Z,,,,,,,,,,,,,,2026-07-29T11:46:28Z
KXWCGOAL-26JUL14FRAESP-FRABBARCO29-2,KXWCGOAL-26JUL14FRAESP,,Bradley Barcola: 2+ goals,,,finalized,2026-07-14T20:20:40Z,,,,,,,,,,,,,,2026-07-29T11:46:28Z
KXWCGOAL-26JUL14FRAESP-FRABBARCO29-1,KXWCGOAL-26JUL14FRAESP,,Bradley Barcola: 1+ goals,,,finalized,2026-07-14T20:20:40Z,,,,,,,,,,,,,,2026-07-29T11:46:28Z
KXWCGOAL-26JUL15ENGARG-ENGJBELLI5-3,KXWCGOAL-26JUL15ENGARG,,Jude Bellingham: 3+ goals,,,finalized,2026-07-15T21:09:55Z,,,,,,,,,,,,,,2026-07-29T11:46:28Z
KXWCGOAL-26JUL15ENGARG-ENGJBELLI5-2,KXWCGOAL-26JUL15ENGARG,,Jude Bellingham: 2+ goals,,,finalized,2026-07-15T21:09:55Z,,,,,,,,,,,,,,2026-07-29T11:46:28Z
KXWCGOAL-26JUL15ENGARG-ENGJBELLI5-1,KXWCGOAL-26JUL15ENGARG,,Jude Bellingham: 1+ goals,,,finalized,2026-07-15T21:09:55Z,,,,,,,,,,,,,,2026-07-29T11:46:28Z
KXWCGOAL-26JUL15ENGARG-ENGHKANE9-3,KXWCGOAL-26JUL15ENGARG,,Harry Kane: 3+ goals,,,finalized,2026-07-15T21:09:55Z,,,,,,,,,,,,,,2026-07-29T11:46:28Z
KXWCGOAL-26JUL15ENGARG-ENGHKANE9-2,KXWCGOAL-26JUL15ENGARG,,Harry Kane: 2+ goals,,,finalized,2026-07-15T21:09:54Z,,,,,,,,,,,,,,2026-07-29T11:46:28Z
KXWCGOAL-26JUL15ENGARG-ENGHKANE9-1,KXWCGOAL-26JUL15ENGARG,,Harry Kane: 1+ goals,,,finalized,2026-07-15T21:09:54Z,,,,,,,,,,,,,,2026-07-29T11:46:28Z
KXWCGOAL-26JUL15ENGARG-ENGEANDER8-1,KXWCGOAL-26JUL15ENGARG,,Elliot Anderson: 1+ goals,,,finalized,2026-07-15T21:09:54Z,,,,,,,,,,,,,,2026-07-29T11:46:28Z
KXWCGOAL-26JUL15ENGARG-ENGDRICE41-1,KXWCGOAL-26JUL15ENGARG,,Declan Rice: 1+ goals,,,finalized,2026-07-15T20:43:20Z,,,,,,,,,,,,,,2026-07-29T11:46:28Z
KXWCGOAL-26JUL15ENGARG-ARGLMESSI10-3,KXWCGOAL-26JUL15ENGARG,,Lionel Messi: 3+ goals,,,finalized,2026-07-15T21:09:56Z,,,,,,,,,,,,,,2026-07-29T11:46:28Z
KXWCGOAL-26JUL15ENGARG-ARGLMESSI10-2,KXWCGOAL-26JUL15ENGARG,,Lionel Messi: 2+ goals,,,finalized,2026-07-15T21:09:56Z,,,,,,,,,,,,,,2026-07-29T11:46:28Z
KXWCGOAL-26JUL15ENGARG-ARGLMESSI10-1,KXWCGOAL-26JUL15ENGARG,,Lionel Messi: 1+ goals,,,finalized,2026-07-15T21:09:56Z,,,,,,,,,,,,,,2026-07-29T11:46:28Z
KXWCGOAL-26JUL15ENGARG-ARGLMARTI10-2,KXWCGOAL-26JUL15ENGARG,,Lautaro Martinez: 2+ goals,,,finalized,2026-07-15T21:09:56Z,,,,,,,,,,,,,,2026-07-29T11:46:28Z
KXWCGOAL-26JUL15ENGARG-ARGLMARTI10-1,KXWCGOAL-26JUL15ENGARG,,Lautaro Martinez: 1+ goals,,,finalized,2026-07-15T21:09:56Z,,,,,,,,,,,,,,2026-07-29T11:46:28Z
KXWCGOAL-26JUL15ENGARG-ARGJALVAR19-2,KXWCGOAL-26JUL15ENGARG,,Julian Alvarez: 2+ goals,,,finalized,2026-07-15T21:09:56Z,,,,,,,,,,,,,,2026-07-29T11:46:28Z
KXWCGOAL-26JUL15ENGARG-ARGJALVAR19-1,KXWCGOAL-26JUL15ENGARG,,Julian Alvarez: 1+ goals,,,finalized,2026-07-15T21:09:56Z,,,,,,,,,,,,,,2026-07-29T11:46:28Z
KXWCGOAL-26JUL15ENGARG-ARGEFERNA8-2,KXWCGOAL-26JUL15ENGARG,,Enzo Fernandez: 2+ goals,,,finalized,2026-07-15T21:09:55Z,,,,,,,,,,,,,,2026-07-29T11:46:28Z
KXWCGOAL-26JUL15ENGARG-ARGEFERNA8-1,KXWCGOAL-26JUL15ENGARG,,Enzo Fernandez: 1+ goals,,,finalized,2026-07-15T21:09:55Z,,,,,,,,,,,,,,2026-07-29T11:46:28Z
KXWCGOAL-26JUL15ENGARG-ARGAMACA10-1,KXWCGOAL-26JUL15ENGARG,,Alexis Mac Allister: 1+ goals,,,finalized,2026-07-15T21:09:55Z,,,,,,,,,,,,,,2026-07-29T11:46:28Z
KXWCGOAL-26JUL11ARGSUI-ARGFLOPEZ42-1,KXWCGOAL-26JUL11ARGSUI,,Flaco Lopez: 1+ goals,,,finalized,2026-07-12T04:00:07Z,,,,,,,,,,,,,,2026-07-29T11:46:28Z
KXWCGOAL-26JUL11ARGSUI-ARGNOTAME30-1,KXWCGOAL-26JUL11ARGSUI,,Nicolas Otamendi: 1+ goals,,,finalized,2026-07-12T04:00:07Z,,,,,,,,,,,,,,2026-07-29T11:46:28Z
KXWCGOAL-26JUL11ARGSUI-SUIAJASHA30-1,KXWCGOAL-26JUL11ARGSUI,,Ardon Jashari: 1+ goals,,,finalized,2026-07-12T04:00:07Z,,,,,,,,,,,,,,2026-07-29T11:46:28Z
KXWCGOAL-26JUL11ARGSUI-ARGTALMAD11-1,KXWCGOAL-26JUL11ARGSUI,,Thiago Almada: 1+ goals,,,finalized,2026-07-12T04:00:07Z,,,,,,,,,,,,,,2026-07-29T11:46:28Z
KXWCGOAL-26JUL11ARGSUI-SUIECOMER24-1,KXWCGOAL-26JUL11ARGSUI,,Eray Comert: 1+ goals,,,finalized,2026-07-12T04:00:07Z,,,,,,,,,,,,,,2026-07-29T11:46:28Z
KXWCGOAL-26JUL11ARGSUI-SUIZAMDOU25-1,KXWCGOAL-26JUL11ARGSUI,,Zeki Amdouni: 1+ goals,,,finalized,2026-07-12T04:00:06Z,,,,,,,,,,,,,,2026-07-29T11:46:28Z
KXWCGOAL-26JUL11ARGSUI-SUIMMUHEI28-1,KXWCGOAL-26JUL11ARGSUI,,Miro Muheim: 1+ goals,,,finalized,2026-07-12T04:00:06Z,,,,,,,,,,,,,,2026-07-29T11:46:28Z
KXWCGOAL-26JUL11ARGSUI-SUISWIDME30-1,KXWCGOAL-26JUL11ARGSUI,,Silvan Widmer: 1+ goals,,,finalized,2026-07-12T04:00:06Z,,,,,,,,,,,,,,2026-07-29T11:46:28Z
KXWCGOAL-26JUL11ARGSUI-ARGGMONTI4-1,KXWCGOAL-26JUL11ARGSUI,,Gonzalo Montiel: 1+ goals,,,finalized,2026-07-12T04:00:06Z,,,,,,,,,,,,,,2026-07-29T11:46:28Z
KXWCGOAL-26JUL11ARGSUI-ARGNGONZA11-1,KXWCGOAL-26JUL11ARGSUI,,Nico Gonzalez: 1+ goals,,,finalized,2026-07-12T04:00:06Z,,,,,,,,,,,,,,2026-07-29T11:46:28Z
KXWCGOAL-26JUL11ARGSUI-SUIRRODRI12-1,KXWCGOAL-26JUL11ARGSUI,,Ricardo Rodriguez: 1+ goals,,,finalized,2026-07-12T02:57:19Z,,,,,,,,,,,,,,2026-07-29T11:46:28Z
KXWCGOAL-26JUL11ARGSUI-SUINELVED30-1,KXWCGOAL-26JUL11ARGSUI,,Nico Elvedi: 1+ goals,,,finalized,2026-07-12T04:00:06Z,,,,,,,,,,,,,,2026-07-29T11:46:28Z
KXWCGOAL-26JUL11ARGSUI-SUIFRIEDE32-1,KXWCGOAL-26JUL11ARGSUI,,Fabian Rieder: 1+ goals,,,finalized,2026-07-12T02:47:20Z,,,,,,,,,,,,,,2026-07-29T11:46:28Z
KXWCGOAL-26JUL11ARGSUI-SUIDSOW20-1,KXWCGOAL-26JUL11ARGSUI,,Djibril Sow: 1+ goals,,,finalized,2026-07-12T02:47:19Z,,,,,,,,,,,,,,2026-07-29T11:46:28Z
KXWCGOAL-26JUL11ARGSUI-SUIDZAKAR6-1,KXWCGOAL-26JUL11ARGSUI,,Denis Zakaria: 1+ goals,,,finalized,2026-07-12T03:11:22Z,,,,,,,,,,,,,,2026-07-29T11:46:28Z
KXWCGOAL-26JUL11ARGSUI-SUIDNDOYE14-2,KXWCGOAL-26JUL11ARGSUI,,Dan Ndoye: 2+ goals,,,finalized,2026-07-12T02:47:20Z,,,,,,,,,,,,,,2026-07-29T11:46:28Z
KXWCGOAL-26JUL11ARGSUI-SUIDNDOYE14-1,KXWCGOAL-26JUL11ARGSUI,,Dan Ndoye: 1+ goals,,,finalized,2026-07-12T02:47:20Z,,,,,,,,,,,,,,2026-07-29T11:46:28Z
KXWCGOAL-26JUL11ARGSUI-ARGRDEPA7-1,KXWCGOAL-26JUL11ARGSUI,,Rodrigo De Paul: 1+ goals,,,finalized,2026-07-12T02:47:18Z,,,,,,,,,,,,,,2026-07-29T11:46:28Z
KXWCGOAL-26JUL11ARGSUI-ARGNTAGLI3-1,KXWCGOAL-26JUL11ARGSUI,,Nicolas Tagliafico: 1+ goals,,,finalized,2026-07-12T02:39:41Z,,,,,,,,,,,,,,2026-07-29T11:46:28Z
KXWCGOAL-26JUL11ARGSUI-ARGNMOLIN16-1,KXWCGOAL-26JUL11ARGSUI,,Nahuel Molina: 1+ goals,,,finalized,2026-07-12T02:47:19Z,,,,,,,,,,,,,,2026-07-29T11:46:28Z
KXWCGOAL-26JUL11ARGSUI-ARGLMARTI6-1,KXWCGOAL-26JUL11ARGSUI,,Lisandro Martinez: 1+ goals,,,finalized,2026-07-12T04:00:05Z,,,,,,,,,,,,,,2026-07-29T11:46:28Z
KXWCGOAL-26JUL11ARGSUI-ARGLPARED5-1,KXWCGOAL-26JUL11ARGSUI,,Leandro Paredes: 1+ goals,,,finalized,2026-07-12T03:29:52Z,,,,,,,,,,,,,,2026-07-29T11:46:28Z
KXWCGOAL-26JUL11ARGSUI-ARGCROMER17-1,KXWCGOAL-26JUL11ARGSUI,,Cristian Romero: 1+ goals,,,finalized,2026-07-12T03:25:21Z,,,,,,,,,,,,,,2026-07-29T11:46:28Z
KXWCGOAL-26JUL11NORENG-ENGDBURN33-1,KXWCGOAL-26JUL11NORENG,,Dan Burn: 1+ goals,,,finalized,2026-07-11T23:54:48Z,,,,,,,,,,,,,,2026-07-29T11:46:28Z
KXWCGOAL-26JUL11NORENG-NORJLARSE22-1,KXWCGOAL-26JUL11NORENG,,Jorgen Strand Larsen: 1+ goals,,,finalized,2026-07-11T23:54:48Z,,,,,,,,,,,,,,2026-07-29T11:46:28Z
KXWCGOAL-26JUL11NORENG-NORLOSTIG5-1,KXWCGOAL-26JUL11NORENG,,Leo Ostigard: 1+ goals,,,finalized,2026-07-11T23:54:48Z,,,,,,,,,,,,,,2026-07-29T11:46:28Z
KXWCGOAL-26JUL11NORENG-ENGMROGER27-1,KXWCGOAL-26JUL11NORENG,,Morgan Rogers: 1+ goals,,,finalized,2026-07-11T23:54:47Z,,,,,,,,,,,,,,2026-07-29T11:46:28Z
KXWCGOAL-26JUL11NORENG-NORMPEDER16-1,KXWCGOAL-26JUL11NORENG,,Marcus Pedersen: 1+ goals,,,finalized,2026-07-11T23:54:47Z,,,,,,,,,,,,,,2026-07-29T11:46:28Z
KXWCGOAL-26JUL11NORENG-ENGDSPENC24-1,KXWCGOAL-26JUL11NORENG,,Djed Spence: 1+ goals,,,finalized,2026-07-11T23:54:47Z,,,,,,,,,,,,,,2026-07-29T11:46:28Z
KXWCGOAL-26JUL11NORENG-ENGRJAMES24-1,KXWCGOAL-26JUL11NORENG,,Reece James: 1+ goals,,,finalized,2026-07-11T23:54:47Z,,,,,,,,,,,,,,2026-07-29T11:46:28Z
KXWCGOAL-26JUL11NORENG-NOROBOBB14-1,KXWCGOAL-26JUL11NORENG,,Oscar Bobb: 1+ goals,,,finalized,2026-07-11T23:54:47Z,,,,,,,,,,,,,,2026-07-29T11:46:28Z
KXWCGOAL-26JUL11NORENG-ENGBSAKA7-1,KXWCGOAL-26JUL11NORENG,,Bukayo Saka: 1+ goals,,,finalized,2026-07-11T23:54:47Z,,,,,,,,,,,,,,2026-07-29T11:46:28Z
KXWCGOAL-26JUL11NORENG-ENGEEZE10-1,KXWCGOAL-26JUL11NORENG,,Eberechi Eze: 1+ goals,,,finalized,2026-07-11T23:54:47Z,,,,,,,,,,,,,,2026-07-29T11:46:28Z
KXWCGOAL-26JUL11NORENG-ENGNMADUE20-2,KXWCGOAL-26JUL11NORENG,,Noni Madueke: 2+ goals,,,finalized,2026-07-11T22:07:21Z,,,,,,,,,,,,,,2026-07-29T11:46:28Z
KXWCGOAL-26JUL11NORENG-ENGNMADUE20-1,KXWCGOAL-26JUL11NORENG,,Noni Madueke: 1+ goals,,,finalized,2026-07-11T22:07:21Z,,,,,,,,,,,,,,2026-07-29T11:46:28Z
KXWCGOAL-26JUL11NORENG-ENGNOREI33-1,KXWCGOAL-26JUL11NORENG,,Nico O'Reilly: 1+ goals,,,finalized,2026-07-11T22:47:21Z,,,,,,,,,,,,,,2026-07-29T11:46:28Z
KXWCGOAL-26JUL11NORENG-ENGMGUEHI15-1,KXWCGOAL-26JUL11NORENG,,Marc Guehi: 1+ goals,,,finalized,2026-07-11T23:54:46Z,,,,,,,,,,,,,,2026-07-29T11:46:28Z
KXWCGOAL-26JUL11NORENG-ENGJSTONE5-1,KXWCGOAL-26JUL11NORENG,,John Stones: 1+ goals,,,finalized,2026-07-11T23:54:46Z,,,,,,,,,,,,,,2026-07-29T11:46:28Z
KXWCGOAL-26JUL11NORENG-ENGEKONSA4-1,KXWCGOAL-26JUL11NORENG,,Ezri Konsa: 1+ goals,,,finalized,2026-07-11T22:51:23Z,,,,,,,,,,,,,,2026-07-29T11:46:28Z
KXWCGOAL-26JUL11NORENG-ENGAGORDO10-2,KXWCGOAL-26JUL11NORENG,,Anthony Gordon: 2+ goals,,,finalized,2026-07-11T22:33:21Z,,,,,,,,,,,,,,2026-07-29T11:46:28Z
KXWCSOA-26JUL19ESPARG-ARGRDEPA7,KXWCSOA-26JUL19ESPARG,,Rodrigo De Paul: score or assist?,,,finalized,2026-07-19T20:47:22Z,,,,,,,,,,,,,,2026-07-29T11:46:28Z
KXWCSOA-26JUL19ESPARG-ARGNTAGLI3,KXWCSOA-26JUL19ESPARG,,Nicolas Tagliafico: score or assist?,,,finalized,2026-07-19T22:10:00Z,,,,,,,,,,,,,,2026-07-29T11:46:28Z
KXWCSOA-26JUL19ESPARG-ARGNGONZA11,KXWCSOA-26JUL19ESPARG,,Nico Gonzalez: score or assist?,,,finalized,2026-07-19T20:21:20Z,,,,,,,,,,,,,,2026-07-29T11:46:28Z
KXWCSOA-26JUL19ESPARG-ARGLMARTI6,KXWCSOA-26JUL19ESPARG,,Lisandro Martinez: score or assist?,,,finalized,2026-07-19T19:49:39Z,,,,,,,,,,,,,,2026-07-29T11:46:28Z
KXWCSOA-26JUL19ESPARG-ARGGMONTI4,KXWCSOA-26JUL19ESPARG,,Gonzalo Montiel: score or assist?,,,finalized,2026-07-19T20:35:21Z,,,,,,,,,,,,,,2026-07-29T11:46:28Z
KXWCSOA-26JUL19ESPARG-ESPPPORRO23,KXWCSOA-26JUL19ESPARG,,Pedro Porro: score or assist?,,,finalized,2026-07-19T22:09:59Z,,,,,,,,,,,,,,2026-07-29T11:46:28Z
KXWCSOA-26JUL19ESPARG-ESPPCUBAR5,KXWCSOA-26JUL19ESPARG,,Pau Cubarsi: score or assist?,,,finalized,2026-07-19T22:09:59Z,,,,,,,,,,,,,,2026-07-29T11:46:28Z
KXWCSOA-26JUL19ESPARG-ESPFRUIZ8,KXWCSOA-26JUL19ESPARG,,Fabian Ruiz: score or assist?,,,finalized,2026-07-19T20:39:39Z,,,,,,,,,,,,,,2026-07-29T11:46:28Z
KXWCSOA-26JUL19ESPARG-ESPALAPOR14,KXWCSOA-26JUL19ESPARG,,Aymeric Laporte: score or assist?,,,finalized,2026-07-19T21:29:47Z,,,,,,,,,,,,,,2026-07-29T11:46:28Z
KXWCSOA-26JUL19ESPARG-ESPABAENA10,KXWCSOA-26JUL19ESPARG,,Alex Baena: score or assist?,,,finalized,2026-07-19T20:53:22Z,,,,,,,,,,,,,,2026-07-29T11:46:28Z
KXWCSOA-26JUL18FRAENG-ENGMROGER27,KXWCSOA-26JUL18FRAENG,,Morgan Rogers: score or assist?,,,finalized,2026-07-18T23:10:08Z,,,,,,,,,,,,,,2026-07-29T11:46:28Z
KXWCSOA-26JUL18FRAENG-ENGMRASHF14,KXWCSOA-26JUL18FRAENG,,Marcus Rashford: score or assist?,,,finalized,2026-07-18T22:07:24Z,,,,,,,,,,,,,,2026-07-29T11:46:28Z
KXWCSOA-26JUL18FRAENG-ENGMGUEHI15,KXWCSOA-26JUL18FRAENG,,Marc Guehi: score or assist?,,,finalized,2026-07-18T22:55:27Z,,,,,,,,,,,,,,2026-07-29T11:46:28Z
KXWCSOA-26JUL18FRAENG-ENGJQUANS4,KXWCSOA-26JUL18FRAENG,,Jarell Quansah: score or assist?,,,finalized,2026-07-18T22:45:21Z,,,,,,,,,,,,,,2026-07-29T11:46:28Z
KXWCSOA-26JUL18FRAENG-ENGITONEY17,KXWCSOA-26JUL18FRAENG,,Ivan Toney: score or assist?,,,finalized,2026-07-18T22:41:20Z,,,,,,,,,,,,,,2026-07-29T11:46:28Z
KXWCSOA-26JUL18FRAENG-ENGEKONSA4,KXWCSOA-26JUL18FRAENG,,Ezri Konsa: score or assist?,,,finalized,2026-07-18T23:10:08Z,,,,,,,,,,,,,,2026-07-29T11:46:28Z
KXWCSOA-26JUL18FRAENG-ENGEEZE10,KXWCSOA-26JUL18FRAENG,,Eberechi Eze: score or assist?,,,finalized,2026-07-18T22:41:21Z,,,,,,,,,,,,,,2026-07-29T11:46:28Z
KXWCSOA-26JUL18FRAENG-ENGDSPENC24,KXWCSOA-26JUL18FRAENG,,Djed Spence: score or assist?,,,finalized,2026-07-18T23:10:07Z,,,,,,,,,,,,,,2026-07-29T11:46:28Z
KXWCSOA-26JUL18FRAENG-ENGBSAKA7,KXWCSOA-26JUL18FRAENG,,Bukayo Saka: score or assist?,,,finalized,2026-07-18T23:10:07Z,,,,,,,,,,,,,,2026-07-29T11:46:28Z
KXWCSOA-26JUL18FRAENG-FRAWZAIRE33,KXWCSOA-26JUL18FRAENG,,Warren Zaire-Emery: score or assist?,,,finalized,2026-07-18T23:10:07Z,,,,,,,,,,,,,,2026-07-29T11:46:28Z
KXWCSOA-26JUL18FRAENG-FRATHERNA19,KXWCSOA-26JUL18FRAENG,,Theo Hernandez: score or assist?,,,finalized,2026-07-18T22:07:21Z,,,,,,,,,,,,,,2026-07-29T11:46:28Z
KXWCSOA-26JUL18FRAENG-FRARCHERK10,KXWCSOA-26JUL18FRAENG,,Rayan Cherki: score or assist?,,,finalized,2026-07-18T22:07:22Z,,,,,,,,,,,,,,2026-07-29T11:46:28Z
KXWCSOA-26JUL18FRAENG-FRAMLACRO5,KXWCSOA-26JUL18FRAENG,,Maxence Lacroix: score or assist?,,,finalized,2026-07-18T23:10:07Z,,,,,,,,,,,,,,2026-07-29T11:46:28Z
KXWCSOA-26JUL18FRAENG-FRAMGUSTO27,KXWCSOA-26JUL18FRAENG,,Malo Gusto: score or assist?,,,finalized,2026-07-18T22:53:19Z,,,,,,,,,,,,,,2026-07-29T11:46:28Z
KXWCSOA-26JUL18FRAENG-FRAIKONAT5,KXWCSOA-26JUL18FRAENG,,Ibrahima Konate: score or assist?,,,finalized,2026-07-18T22:07:22Z,,,,,,,,,,,,,,2026-07-29T11:46:28Z
KXWCSOA-26JUL18FRAENG-FRAARABIO12,KXWCSOA-26JUL18FRAENG,,Adrien Rabiot: score or assist?,,,finalized,2026-07-18T23:10:06Z,,,,,,,,,,,,,,2026-07-29T11:46:28Z
KXWCSOA-26JUL19ESPARG-ARGCROMER17,KXWCSOA-26JUL19ESPARG,,Cristian Romero: score or assist?,,,finalized,2026-07-19T20:47:23Z,,,,,,,,,,,,,,2026-07-29T11:46:28Z
KXWCSOA-26JUL18FRAENG-FRAODEMBE10,KXWCSOA-26JUL18FRAENG,,Ousmane Dembele: score or assist?,,,finalized,2026-07-18T23:10:06Z,,,,,,,,,,,,,,2026-07-29T11:46:28Z
KXWCSOA-26JUL18FRAENG-FRAMOLISE17,KXWCSOA-26JUL18FRAENG,,Michael Olise: score or assist?,,,finalized,2026-07-18T23:10:06Z,,,,,,,,,,,,,,2026-07-29T11:46:28Z
KXWCSOA-26JUL18FRAENG-FRAKMBAPP10,KXWCSOA-26JUL18FRAENG,,Kylian Mbappe: score or assist?,,,finalized,2026-07-18T23:10:05Z,,,,,,,,,,,,,,2026-07-29T11:46:28Z
KXWCSOA-26JUL18FRAENG-FRAJKOUND23,KXWCSOA-26JUL18FRAENG,,Jules Kounde: score or assist?,,,finalized,2026-07-18T23:10:05Z,,,,,,,,,,,,,,2026-07-29T11:46:28Z
KXWCSOA-26JUL18FRAENG-FRADDOUE14,KXWCSOA-26JUL18FRAENG,,Desire Doue: score or assist?,,,finalized,2026-07-18T22:07:23Z,,,,,,,,,,,,,,2026-07-29T11:46:28Z
KXWCSOA-26JUL18FRAENG-FRABBARCO29,KXWCSOA-26JUL18FRAENG,,Bradley Barcola: score or assist?,,,finalized,2026-07-18T23:10:05Z,,,,,,,,,,,,,,2026-07-29T11:46:28Z
KXWCSOA-26JUL18FRAENG-FRAATCHOU14,KXWCSOA-26JUL18FRAENG,,Aurelien Tchouameni: score or assist?,,,finalized,2026-07-19T01:59:47Z,,,,,,,,,,,,,,2026-07-29T11:46:28Z
KXWCSOA-26JUL18FRAENG-ENGJBELLI5,KXWCSOA-26JUL18FRAENG,,Jude Bellingham: score or assist?,,,finalized,2026-07-18T23:10:06Z,,,,,,,,,,,,,,2026-07-29T11:46:28Z
KXWCSOA-26JUL18FRAENG-ENGHKANE9,KXWCSOA-26JUL18FRAENG,,Harry Kane: score or assist?,,,finalized,2026-07-19T01:59:47Z,,,,,,,,,,,,,,2026-07-29T11:46:28Z
KXWCSOA-26JUL18FRAENG-ENGEANDER8,KXWCSOA-26JUL18FRAENG,,Elliot Anderson: score or assist?,,,finalized,2026-07-18T23:10:06Z,,,,,,,,,,,,,,2026-07-29T11:46:28Z
KXWCSOA-26JUL18FRAENG-ENGDRICE41,KXWCSOA-26JUL18FRAENG,,Declan Rice: score or assist?,,,finalized,2026-07-18T23:10:06Z,,,,,,,,,,,,,,2026-07-29T11:46:28Z
KXWCSOA-26JUL19ESPARG-ESPRODR16,KXWCSOA-26JUL19ESPARG,,Rodri: score or assist?,,,finalized,2026-07-19T21:29:49Z,,,,,,,,,,,,,,2026-07-29T11:46:28Z
KXWCSOA-26JUL19ESPARG-ESPPEDR8,KXWCSOA-26JUL19ESPARG,,Pedri: score or assist?,,,finalized,2026-07-19T22:09:58Z,,,,,,,,,,,,,,2026-07-29T11:46:28Z
KXWCSOA-26JUL19ESPARG-ESPMOYARZ10,KXWCSOA-26JUL19ESPARG,,Mikel Oyarzabal: score or assist?,,,finalized,2026-07-19T20:39:39Z,,,,,,,,,,,,,,2026-07-29T11:46:28Z
KXWCSOA-26JUL19ESPARG-ESPMMERIN23,KXWCSOA-26JUL19ESPARG,,Mikel Merino: score or assist?,,,finalized,2026-07-19T22:09:57Z,,,,,,,,,,,,,,2026-07-29T11:46:28Z
KXWCSOA-26JUL19ESPARG-ESPMCUCUR3,KXWCSOA-26JUL19ESPARG,,Marc Cucurella: score or assist?,,,finalized,2026-07-19T22:09:57Z,,,,,,,,,,,,,,2026-07-29T11:46:28Z
KXWCSOA-26JUL19ESPARG-ESPLYAMAL10,KXWCSOA-26JUL19ESPARG,,Lamine Yamal: score or assist?,,,finalized,2026-07-19T22:09:57Z,,,,,,,,,,,,,,2026-07-29T11:46:28Z
KXWCSOA-26JUL19ESPARG-ESPFTORRE7,KXWCSOA-26JUL19ESPARG,,Ferran Torres: score or assist?,,,finalized,2026-07-19T22:09:57Z,,,,,,,,,,,,,,2026-07-29T11:46:28Z
KXWCSOA-26JUL19ESPARG-ESPDOLMO20,KXWCSOA-26JUL19ESPARG,,Dani Olmo: score or assist?,,,finalized,2026-07-19T20:51:19Z,,,,,,,,,,,,,,2026-07-29T11:46:28Z
KXWCSOA-26JUL19ESPARG-ARGLMESSI10,KXWCSOA-26JUL19ESPARG,,Lionel Messi: score or assist?,,,finalized,2026-07-19T22:09:58Z,,,,,,,,,,,,,,2026-07-29T11:46:28Z
KXWCSOA-26JUL19ESPARG-ARGLMARTI10,KXWCSOA-26JUL19ESPARG,,Lautaro Martinez: score or assist?,,,finalized,2026-07-19T22:26:20Z,,,,,,,,,,,,,,2026-07-29T11:46:28Z
KXWCSOA-26JUL19ESPARG-ARGJALVAR19,KXWCSOA-26JUL19ESPARG,,Julian Alvarez: score or assist?,,,finalized,2026-07-19T21:35:26Z,,,,,,,,,,,,,,2026-07-29T11:46:28Z
KXWCSOA-26JUL19ESPARG-ARGEFERNA8,KXWCSOA-26JUL19ESPARG,,Enzo Fernandez: score or assist?,,,finalized,2026-07-19T22:09:58Z,,,,,,,,,,,,,,2026-07-29T11:46:28Z
KXWCSOA-26JUL19ESPARG-ARGAMACA10,KXWCSOA-26JUL19ESPARG,,Alexis Mac Allister: score or assist?,,,finalized,2026-07-19T22:09:58Z,,,,,,,,,,,,,,2026-07-29T11:46:28Z
KXWCSOA-26JUL15ENGARG-ARGNTAGLI3,KXWCSOA-26JUL15ENGARG,,Nicolas Tagliafico: score or assist?,,,finalized,2026-07-15T20:41:19Z,,,,,,,,,,,,,,2026-07-29T11:46:28Z
KXWCSOA-26JUL15ENGARG-ARGNMOLIN16,KXWCSOA-26JUL15ENGARG,,Nahuel Molina: score or assist?,,,finalized,2026-07-15T20:33:19Z,,,,,,,,,,,,,,2026-07-29T11:46:28Z
KXWCSOA-26JUL15ENGARG-ARGLMARTI6,KXWCSOA-26JUL15ENGARG,,Lisandro Martinez: score or assist?,,,finalized,2026-07-15T20:35:22Z,,,,,,,,,,,,,,2026-07-29T11:46:28Z
KXWCSOA-26JUL15ENGARG-ARGLPARED5,KXWCSOA-26JUL15ENGARG,,Leandro Paredes: score or assist?,,,finalized,2026-07-15T20:25:18Z,,,,,,,,,,,,,,2026-07-29T11:46:28Z
KXWCSOA-26JUL15ENGARG-ARGGSIMEO20,KXWCSOA-26JUL15ENGARG,,Giuliano Simeone: score or assist?,,,finalized,2026-07-15T20:33:20Z,,,,,,,,,,,,,,2026-07-29T11:46:28Z
KXWCSOA-26JUL15ENGARG-ARGCROMER17,KXWCSOA-26JUL15ENGARG,,Cristian Romero: score or assist?,,,finalized,2026-07-15T21:10:02Z,,,,,,,,,,,,,,2026-07-29T11:46:28Z
KXWCSOA-26JUL15ENGARG-ENGRJAMES24,KXWCSOA-26JUL15ENGARG,,Reece James: score or assist?,,,finalized,2026-07-15T20:43:21Z,,,,,,,,,,,,,,2026-07-29T11:46:28Z
KXWCSOA-26JUL15ENGARG-ENGMROGER27,KXWCSOA-26JUL15ENGARG,,Morgan Rogers: score or assist?,,,finalized,2026-07-15T21:10:01Z,,,,,,,,,,,,,,2026-07-29T11:46:28Z
KXWCSOA-26JUL15ENGARG-ENGMGUEHI15,KXWCSOA-26JUL15ENGARG,,Marc Guehi: score or assist?,,,finalized,2026-07-15T21:10:01Z,,,,,,,,,,,,,,2026-07-29T11:46:28Z
KXWCSOA-26JUL15ENGARG-ENGJSTONE5,KXWCSOA-26JUL15ENGARG,,John Stones: score or assist?,,,finalized,2026-07-15T20:57:19Z,,,,,,,,,,,,,,2026-07-29T11:46:28Z
KXWCSOA-26JUL15ENGARG-ENGDSPENC24,KXWCSOA-26JUL15ENGARG,,Djed Spence: score or assist?,,,finalized,2026-07-15T20:57:21Z,,,,,,,,,,,,,,2026-07-29T11:46:28Z
KXWCSOA-26JUL15ENGARG-ENGAGORDO10,KXWCSOA-26JUL15ENGARG,,Anthony Gordon: score or assist?,,,finalized,2026-07-15T20:33:18Z,,,,,,,,,,,,,,2026-07-29T11:46:28Z
KXWCSOA-26JUL14FRAESP-FRAWSALIB2,KXWCSOA-26JUL14FRAESP,,William Saliba: score or assist?,,,finalized,2026-07-14T19:29:47Z,,,,,,,,,,,,,,2026-07-29T11:46:28Z
KXWCSOA-26JUL14FRAESP-FRALDIGNE12,KXWCSOA-26JUL14FRAESP,,Lucas Digne: score or assist?,,,finalized,2026-07-14T20:33:21Z,,,,,,,,,,,,,,2026-07-29T11:46:28Z
KXWCSOA-26JUL14FRAESP-FRADUPAME2,KXWCSOA-26JUL14FRAESP,,Dayot Upamecano: score or assist?,,,finalized,2026-07-14T21:04:42Z,,,,,,,,,,,,,,2026-07-29T11:46:28Z
KXWCSOA-26JUL14FRAESP-FRAARABIO12,KXWCSOA-26JUL14FRAESP,,Adrien Rabiot: score or assist?,,,finalized,2026-07-14T20:07:35Z,,,,,,,,,,,,,,2026-07-29T11:46:28Z
KXWCSOA-26JUL14FRAESP-ESPPPORRO23,KXWCSOA-26JUL14FRAESP,,Pedro Porro: score or assist?,,,finalized,2026-07-14T20:45:27Z,,,,,,,,,,,,,,2026-07-29T11:46:28Z
KXWCSOA-26JUL14FRAESP-ESPPCUBAR5,KXWCSOA-26JUL14FRAESP,,Pau Cubarsi: score or assist?,,,finalized,2026-07-14T21:04:41Z,,,,,,,,,,,,,,2026-07-29T11:46:28Z
KXWCSOA-26JUL14FRAESP-ESPFRUIZ8,KXWCSOA-26JUL14FRAESP,,Fabian Ruiz: score or assist?,,,finalized,2026-07-14T20:39:51Z,,,,,,,,,,,,,,2026-07-29T11:46:28Z
KXWCSOA-26JUL14FRAESP-ESPALAPOR14,KXWCSOA-26JUL14FRAESP,,Aymeric Laporte: score or assist?,,,finalized,2026-07-14T21:04:41Z,,,,,,,,,,,,,,2026-07-29T11:46:28Z
KXWCSOA-26JUL14FRAESP-ESPABAENA10,KXWCSOA-26JUL14FRAESP,,Alex Baena: score or assist?,,,finalized,2026-07-14T20:45:27Z,,,,,,,,,,,,,,2026-07-29T11:46:28Z
KXWCSOA-26JUL14FRAESP-ESPMMERIN23,KXWCSOA-26JUL14FRAESP,,Mikel Merino: score or assist?,,,finalized,2026-07-14T21:04:41Z,,,,,,,,,,,,,,2026-07-29T11:46:28Z
KXWCSOA-26JUL14FRAESP-ESPFTORRE7,KXWCSOA-26JUL14FRAESP,,Ferran Torres: score or assist?,,,finalized,2026-07-14T21:04:41Z,,,,,,,,,,,,,,2026-07-29T11:46:28Z
KXWCSOA-26JUL14FRAESP-FRABBARCO29,KXWCSOA-26JUL14FRAESP,,Bradley Barcola: score or assist?,,,finalized,2026-07-14T20:20:40Z,,,,,,,,,,,,,,2026-07-29T11:46:28Z
KXWCSOA-26JUL15ENGARG-ENGJBELLI5,KXWCSOA-26JUL15ENGARG,,Jude Bellingham: score or assist?,,,finalized,2026-07-15T21:10:00Z,,,,,,,,,,,,,,2026-07-29T11:46:28Z
KXWCSOA-26JUL15ENGARG-ENGHKANE9,KXWCSOA-26JUL15ENGARG,,Harry Kane: score or assist?,,,finalized,2026-07-15T21:10:00Z,,,,,,,,,,,,,,2026-07-29T11:46:28Z
KXWCSOA-26JUL15ENGARG-ENGEANDER8,KXWCSOA-26JUL15ENGARG,,Elliot Anderson: score or assist?,,,finalized,2026-07-15T21:10:00Z,,,,,,,,,,,,,,2026-07-29T11:46:28Z
KXWCSOA-26JUL15ENGARG-ENGDRICE41,KXWCSOA-26JUL15ENGARG,,Declan Rice: score or assist?,,,finalized,2026-07-15T20:43:21Z,,,,,,,,,,,,,,2026-07-29T11:46:28Z
KXWCSOA-26JUL15ENGARG-ARGLMESSI10,KXWCSOA-26JUL15ENGARG,,Lionel Messi: score or assist?,,,finalized,2026-07-15T21:10:01Z,,,,,,,,,,,,,,2026-07-29T11:46:28Z
KXWCSOA-26JUL15ENGARG-ARGLMARTI10,KXWCSOA-26JUL15ENGARG,,Lautaro Martinez: score or assist?,,,finalized,2026-07-15T21:10:01Z,,,,,,,,,,,,,,2026-07-29T11:46:28Z
KXWCSOA-26JUL15ENGARG-ARGJALVAR19,KXWCSOA-26JUL15ENGARG,,Julian Alvarez: score or assist?,,,finalized,2026-07-15T21:10:01Z,,,,,,,,,,,,,,2026-07-29T11:46:28Z
KXWCSOA-26JUL15ENGARG-ARGEFERNA8,KXWCSOA-26JUL15ENGARG,,Enzo Fernandez: score or assist?,,,finalized,2026-07-15T21:10:00Z,,,,,,,,,,,,,,2026-07-29T11:46:28Z
KXWCSOA-26JUL15ENGARG-ARGAMACA10,KXWCSOA-26JUL15ENGARG,,Alexis Mac Allister: score or assist?,,,finalized,2026-07-15T21:10:00Z,,,,,,,,,,,,,,2026-07-29T11:46:28Z
KXWCSOA-26JUL11ARGSUI-SUIRRODRI12,KXWCSOA-26JUL11ARGSUI,,Ricardo Rodriguez: score or assist?,,,finalized,2026-07-12T02:57:20Z,,,,,,,,,,,,,,2026-07-29T11:46:28Z
KXWCSOA-26JUL11ARGSUI-SUINELVED30,KXWCSOA-26JUL11ARGSUI,,Nico Elvedi: score or assist?,,,finalized,2026-07-12T04:04:34Z,,,,,,,,,,,,,,2026-07-29T11:46:28Z
KXWCSOA-26JUL11ARGSUI-SUIFRIEDE32,KXWCSOA-26JUL11ARGSUI,,Fabian Rieder: score or assist?,,,finalized,2026-07-12T02:47:20Z,,,,,,,,,,,,,,2026-07-29T11:46:28Z
KXWCSOA-26JUL11ARGSUI-SUIDSOW20,KXWCSOA-26JUL11ARGSUI,,Djibril Sow: score or assist?,,,finalized,2026-07-12T02:47:20Z,,,,,,,,,,,,,,2026-07-29T11:46:28Z
KXWCSOA-26JUL11ARGSUI-SUIDZAKAR6,KXWCSOA-26JUL11ARGSUI,,Denis Zakaria: score or assist?,,,finalized,2026-07-12T03:11:22Z,,,,,,,,,,,,,,2026-07-29T11:46:28Z
KXWCSOA-26JUL11ARGSUI-SUIDNDOYE14,KXWCSOA-26JUL11ARGSUI,,Dan Ndoye: score or assist?,,,finalized,2026-07-12T02:47:20Z,,,,,,,,,,,,,,2026-07-29T11:46:28Z
KXWCSOA-26JUL11ARGSUI-ARGRDEPA7,KXWCSOA-26JUL11ARGSUI,,Rodrigo De Paul: score or assist?,,,finalized,2026-07-12T02:47:19Z,,,,,,,,,,,,,,2026-07-29T11:46:28Z
KXWCSOA-26JUL11ARGSUI-ARGNTAGLI3,KXWCSOA-26JUL11ARGSUI,,Nicolas Tagliafico: score or assist?,,,finalized,2026-07-12T02:39:41Z,,,,,,,,,,,,,,2026-07-29T11:46:28Z
KXWCSOA-26JUL11ARGSUI-ARGNMOLIN16,KXWCSOA-26JUL11ARGSUI,,Nahuel Molina: score or assist?,,,finalized,2026-07-12T02:47:19Z,,,,,,,,,,,,,,2026-07-29T11:46:28Z
KXWCSOA-26JUL11ARGSUI-ARGLMARTI6,KXWCSOA-26JUL11ARGSUI,,Lisandro Martinez: score or assist?,,,finalized,2026-07-12T04:04:33Z,,,,,,,,,,,,,,2026-07-29T11:46:28Z
KXWCSOA-26JUL11ARGSUI-ARGLPARED5,KXWCSOA-26JUL11ARGSUI,,Leandro Paredes: score or assist?,,,finalized,2026-07-12T03:29:52Z,,,,,,,,,,,,,,2026-07-29T11:46:28Z
KXWCSOA-26JUL11ARGSUI-ARGCROMER17,KXWCSOA-26JUL11ARGSUI,,Cristian Romero: score or assist?,,,finalized,2026-07-12T03:25:21Z,,,,,,,,,,,,,,2026-07-29T11:46:28Z
KXWCSOA-26JUL11NORENG-ENGNMADUE20,KXWCSOA-26JUL11NORENG,,Noni Madueke: score or assist?,,,finalized,2026-07-11T22:07:21Z,,,,,,,,,,,,,,2026-07-29T11:46:28Z
KXWCSOA-26JUL11NORENG-ENGNOREI33,KXWCSOA-26JUL11NORENG,,Nico O'Reilly: score or assist?,,,finalized,2026-07-11T22:47:21Z,,,,,,,,,,,,,,2026-07-29T11:46:28Z
KXWCSOA-26JUL11NORENG-ENGMGUEHI15,KXWCSOA-26JUL11NORENG,,Marc Guehi: score or assist?,,,finalized,2026-07-11T23:54:51Z,,,,,,,,,,,,,,2026-07-29T11:46:28Z
KXWCSOA-26JUL11NORENG-ENGJSTONE5,KXWCSOA-26JUL11NORENG,,John Stones: score or assist?,,,finalized,2026-07-11T23:54:50Z,,,,,,,,,,,,,,2026-07-29T11:46:28Z
KXWCSOA-26JUL11NORENG-ENGEKONSA4,KXWCSOA-26JUL11NORENG,,Ezri Konsa: score or assist?,,,finalized,2026-07-11T22:51:24Z,,,,,,,,,,,,,,2026-07-29T11:46:28Z
KXWCSOA-26JUL11NORENG-ENGAGORDO10,KXWCSOA-26JUL11NORENG,,Anthony Gordon: score or assist?,,,finalized,2026-07-11T22:33:21Z,,,,,,,,,,,,,,2026-07-29T11:46:28Z
KXWCSOA-26JUL11NORENG-NORTHEGGE14,KXWCSOA-26JUL11NORENG,,Torbjorn Heggem: score or assist?,,,finalized,2026-07-11T23:05:23Z,,,,,,,,,,,,,,2026-07-29T11:46:28Z
KXWCSOA-26JUL11NORENG-NORPBERG7,KXWCSOA-26JUL11NORENG,,Patrick Berg: score or assist?,,,finalized,2026-07-11T23:54:50Z,,,,,,,,,,,,,,2026-07-29T11:46:28Z
KXWCSOA-26JUL11NORENG-NORKAJER20,KXWCSOA-26JUL11NORENG,,Kristoffer Ajer: score or assist?,,,finalized,2026-07-11T23:54:50Z,,,,,,,,,,,,,,2026-07-29T11:46:28Z
KXWCSOA-26JUL11NORENG-NORJRYERS26,KXWCSOA-26JUL11NORENG,,Julian Ryerson: score or assist?,,,finalized,2026-07-11T22:23:18Z,,,,,,,,,,,,,,2026-07-29T11:46:28Z
KXWCSOA-26JUL11NORENG-NORDWOLFE6,KXWCSOA-26JUL11NORENG,,David Moller Wolfe: score or assist?,,,finalized,2026-07-11T22:51:23Z,,,,,,,,,,,,,,2026-07-29T11:46:28Z
KXWCSOA-26JUL11NORENG-NORASCHJE21,KXWCSOA-26JUL11NORENG,,Andreas Schjelderup: score or assist?,,,finalized,2026-07-11T22:31:19Z,,,,,,,,,,,,,,2026-07-29T11:46:28Z
KXWCSOA-26JUL11NORENG-NORASORLO9,KXWCSOA-26JUL11NORENG,,Alexander Sorloth: score or assist?,,,finalized,2026-07-11T22:29:43Z,,,,,,,,,,,,,,2026-07-29T11:46:28Z
KXWCSOA-26JUL14FRAESP-FRAODEMBE10,KXWCSOA-26JUL14FRAESP,,Ousmane Dembele: score or assist?,,,finalized,2026-07-14T21:04:40Z,,,,,,,,,,,,,,2026-07-29T11:46:28Z
KXWCSOA-26JUL14FRAESP-FRAMOLISE17,KXWCSOA-26JUL14FRAESP,,Michael Olise: score or assist?,,,finalized,2026-07-14T20:33:22Z,,,,,,,,,,,,,,2026-07-29T11:46:28Z
KXWCSOA-26JUL14FRAESP-FRAKMBAPP10,KXWCSOA-26JUL14FRAESP,,Kylian Mbappe: score or assist?,,,finalized,2026-07-14T21:04:39Z,,,,,,,,,,,,,,2026-07-29T11:46:28Z
KXWCSOA-26JUL14FRAESP-FRAJKOUND23,KXWCSOA-26JUL14FRAESP,,Jules Kounde: score or assist?,,,finalized,2026-07-14T21:04:39Z,,,,,,,,,,,,,,2026-07-29T11:46:28Z
KXWCSOA-26JUL14FRAESP-FRADDOUE14,KXWCSOA-26JUL14FRAESP,,Desire Doue: score or assist?,,,finalized,2026-07-14T21:04:39Z,,,,,,,,,,,,,,2026-07-29T11:46:28Z
KXWCSOA-26JUL14FRAESP-FRAATCHOU14,KXWCSOA-26JUL14FRAESP,,Aurelien Tchouameni: score or assist?,,,finalized,2026-07-14T21:04:39Z,,,,,,,,,,,,,,2026-07-29T11:46:28Z
KXWCSOA-26JUL14FRAESP-ESPRODR16,KXWCSOA-26JUL14FRAESP,,Rodri: score or assist?,,,finalized,2026-07-14T21:04:40Z,,,,,,,,,,,,,,2026-07-29T11:46:28Z
KXWCSOA-26JUL14FRAESP-ESPPEDR8,KXWCSOA-26JUL14FRAESP,,Pedri: score or assist?,,,finalized,2026-07-14T21:04:40Z,,,,,,,,,,,,,,2026-07-29T11:46:28Z
KXWCSOA-26JUL14FRAESP-ESPMOYARZ10,KXWCSOA-26JUL14FRAESP,,Mikel Oyarzabal: score or assist?,,,finalized,2026-07-14T20:35:25Z,,,,,,,,,,,,,,2026-07-29T11:46:28Z
KXWCSOA-26JUL14FRAESP-ESPMCUCUR3,KXWCSOA-26JUL14FRAESP,,Marc Cucurella: score or assist?,,,finalized,2026-07-14T21:04:40Z,,,,,,,,,,,,,,2026-07-29T11:46:28Z
KXWCSOA-26JUL14FRAESP-ESPLYAMAL10,KXWCSOA-26JUL14FRAESP,,Lamine Yamal: score or assist?,,,finalized,2026-07-14T21:04:40Z,,,,,,,,,,,,,,2026-07-29T11:46:28Z
KXWCSOA-26JUL14FRAESP-ESPDOLMO20,KXWCSOA-26JUL14FRAESP,,Dani Olmo: score or assist?,,,finalized,2026-07-14T20:39:52Z,,,,,,,,,,,,,,2026-07-29T11:46:28Z
KXWCSOA-26JUL10ESPBEL-BELTCASTA21,KXWCSOA-26JUL10ESPBEL,,Timothy Castagne: score or assist?,,,finalized,2026-07-10T21:09:52Z,,,,,,,,,,,,,,2026-07-29T11:46:28Z
KXWCSOA-26JUL10ESPBEL-BELNRASKI43,KXWCSOA-26JUL10ESPBEL,,Nicolas Raskin: score or assist?,,,finalized,2026-07-10T21:09:52Z,,,,,,,,,,,,,,2026-07-29T11:46:28Z
KXWCSOA-26JUL10ESPBEL-BELNNGOY3,KXWCSOA-26JUL10ESPBEL,,Nathan Ngoy: score or assist?,,,finalized,2026-07-10T21:09:51Z,,,,,,,,,,,,,,2026-07-29T11:46:28Z
KXWCSOA-26JUL10ESPBEL-BELMDECU29,KXWCSOA-26JUL10ESPBEL,,Maxime De Cuyper: score or assist?,,,finalized,2026-07-10T20:23:22Z,,,,,,,,,,,,,,2026-07-29T11:46:28Z
KXWCSOA-26JUL10ESPBEL-BELBMECHE44,KXWCSOA-26JUL10ESPBEL,,Brandon Mechele: score or assist?,,,finalized,2026-07-10T21:09:51Z,,,,,,,,,,,,,,2026-07-29T11:46:28Z
KXWCSOA-26JUL10ESPBEL-ESPPPORRO23,KXWCSOA-26JUL10ESPBEL,,Pedro Porro: score or assist?,,,finalized,2026-07-10T21:09:51Z,,,,,,,,,,,,,,2026-07-29T11:46:28Z
KXWCSOA-26JUL10ESPBEL-ESPPCUBAR5,KXWCSOA-26JUL10ESPBEL,,Pau Cubarsi: score or assist?,,,finalized,2026-07-10T21:09:51Z,,,,,,,,,,,,,,2026-07-29T11:46:28Z
KXWCSOA-26JUL10ESPBEL-ESPFRUIZ8,KXWCSOA-26JUL10ESPBEL,,Fabian Ruiz: score or assist?,,,finalized,2026-07-10T20:18:20Z,,,,,,,,,,,,,,2026-07-29T11:46:28Z
KXWCSOA-26JUL10ESPBEL-ESPALAPOR14,KXWCSOA-26JUL10ESPBEL,,Aymeric Laporte: score or assist?,,,finalized,2026-07-10T21:09:51Z,,,,,,,,,,,,,,2026-07-29T11:46:28Z
KXWCSOA-26JUL10ESPBEL-ESPABAENA10,KXWCSOA-26JUL10ESPBEL,,Alex Baena: score or assist?,,,finalized,2026-07-10T20:18:21Z,,,,,,,,,,,,,,2026-07-29T11:46:28Z
KXWCSOA-26JUL10ESPBEL-ESPFTORRE7,KXWCSOA-26JUL10ESPBEL,,Ferran Torres: score or assist?,,,finalized,2026-07-10T21:09:50Z,,,,,,,,,,,,,,2026-07-29T11:46:28Z
KXWCSOA-26JUL09FRAMAR-MARNMAZRA3,KXWCSOA-26JUL09FRAMAR,,Noussair Mazraoui: score or assist?,,,finalized,2026-07-09T22:04:36Z,,,,,,,,,,,,,,2026-07-29T11:46:28Z
KXWCSOA-26JUL09FRAMAR-MARIDIOP31,KXWCSOA-26JUL09FRAMAR,,Issa Diop: score or assist?,,,finalized,2026-07-09T22:04:36Z,,,,,,,,,,,,,,2026-07-29T11:46:28Z
KXWCSOA-26JUL09FRAMAR-MARCTALBI7,KXWCSOA-26JUL09FRAMAR,,Chemsdine Talbi: score or assist?,,,finalized,2026-07-09T21:49:47Z,,,,,,,,,,,,,,2026-07-29T11:46:28Z
KXWCSOA-26JUL09FRAMAR-MARAOUNAH18,KXWCSOA-26JUL09FRAMAR,,Azzedine Ounahi: score or assist?,,,finalized,2026-07-09T22:04:35Z,,,,,,,,,,,,,,2026-07-29T11:46:28Z
KXWCSOA-26JUL09FRAMAR-MARASALAH34,KXWCSOA-26JUL09FRAMAR,,Anass Salah-Eddine: score or assist?,,,finalized,2026-07-09T21:37:20Z,,,,,,,,,,,,,,2026-07-29T11:46:28Z
KXWCSOA-26JUL09FRAMAR-FRAWSALIB2,KXWCSOA-26JUL09FRAMAR,,William Saliba: score or assist?,,,finalized,2026-07-09T22:04:35Z,,,,,,,,,,,,,,2026-07-29T11:46:28Z
KXWCSOA-26JUL09FRAMAR-FRAMKONE17,KXWCSOA-26JUL09FRAMAR,,Manu Kone: score or assist?,,,finalized,2026-07-09T21:35:20Z,,,,,,,,,,,,,,2026-07-29T11:46:28Z
KXWCSOA-26JUL09FRAMAR-FRALDIGNE12,KXWCSOA-26JUL09FRAMAR,,Lucas Digne: score or assist?,,,finalized,2026-07-09T22:04:35Z,,,,,,,,,,,,,,2026-07-29T11:46:28Z
KXWCSOA-26JUL09FRAMAR-FRADUPAME2,KXWCSOA-26JUL09FRAMAR,,Dayot Upamecano: score or assist?,,,finalized,2026-07-09T22:04:35Z,,,,,,,,,,,,,,2026-07-29T11:46:28Z
KXWCSOA-26JUL09FRAMAR-FRAARABIO12,KXWCSOA-26JUL09FRAMAR,,Adrien Rabiot: score or assist?,,,finalized,2026-07-09T22:04:35Z,,,,,,,,,,,,,,2026-07-29T11:46:28Z
KXWCSOA-26JUL11ARGSUI-SUIRVARGA11,KXWCSOA-26JUL11ARGSUI,,Ruben Vargas: score or assist?,,,finalized,2026-07-12T04:04:33Z,,,,,,,,,,,,,,2026-07-29T11:46:28Z
KXWCSOA-26JUL11ARGSUI-SUIRFREUL8,KXWCSOA-26JUL11ARGSUI,,Remo Freuler: score or assist?,,,finalized,2026-07-12T03:35:22Z,,,,,,,,,,,,,,2026-07-29T11:46:28Z
KXWCSOA-26JUL11ARGSUI-SUIMAKANJ25,KXWCSOA-26JUL11ARGSUI,,Manuel Akanji: score or assist?,,,finalized,2026-07-12T04:04:33Z,,,,,,,,,,,,,,2026-07-29T11:46:28Z
KXWCSOA-26JUL11ARGSUI-SUIGXHAKA34,KXWCSOA-26JUL11ARGSUI,,Granit Xhaka: score or assist?,,,finalized,2026-07-12T04:04:33Z,,,,,,,,,,,,,,2026-07-29T11:46:28Z
KXWCSOA-26JUL11ARGSUI-SUIBEMBOL7,KXWCSOA-26JUL11ARGSUI,,Breel Embolo: score or assist?,,,finalized,2026-07-12T04:04:33Z,,,,,,,,,,,,,,2026-07-29T11:46:28Z
KXWCSOA-26JUL11ARGSUI-ARGLMESSI10,KXWCSOA-26JUL11ARGSUI,,Lionel Messi: score or assist?,,,finalized,2026-07-12T04:04:32Z,,,,,,,,,,,,,,2026-07-29T11:46:28Z
KXWCSOA-26JUL11ARGSUI-ARGLMARTI10,KXWCSOA-26JUL11ARGSUI,,Lautaro Martinez: score or assist?,,,finalized,2026-07-12T04:04:32Z,,,,,,,,,,,,,,2026-07-29T11:46:28Z
KXWCSOA-26JUL11ARGSUI-ARGJALVAR19,KXWCSOA-26JUL11ARGSUI,,Julian Alvarez: score or assist?,,,finalized,2026-07-12T04:04:32Z,,,,,,,,,,,,,,2026-07-29T11:46:28Z
KXWCSOA-26JUL11ARGSUI-ARGEFERNA8,KXWCSOA-26JUL11ARGSUI,,Enzo Fernandez: score or assist?,,,finalized,2026-07-12T03:05:21Z,,,,,,,,,,,,,,2026-07-29T11:46:28Z
KXWCSOA-26JUL11ARGSUI-ARGAMACA10,KXWCSOA-26JUL11ARGSUI,,Alexis Mac Allister: score or assist?,,,finalized,2026-07-12T04:04:32Z,,,,,,,,,,,,,,2026-07-29T11:46:28Z
KXWCSOA-26JUL07SUICOL-COLJMOJIC22,KXWCSOA-26JUL07SUICOL,,Johan Mojica: score or assist?,,,finalized,2026-07-07T23:04:41Z,,,,,,,,,,,,,,2026-07-29T11:46:28Z
KXWCSOA-26JUL07SUICOL-COLJLUCUM26,KXWCSOA-26JUL07SUICOL,,Jhon Lucumi: score or assist?,,,finalized,2026-07-07T22:33:23Z,,,,,,,,,,,,,,2026-07-29T11:46:28Z
KXWCSOA-26JUL07SUICOL-COLJARIAS11,KXWCSOA-26JUL07SUICOL,,Jhon Arias: score or assist?,,,finalized,2026-07-07T21:25:19Z,,,,,,,,,,,,,,2026-07-29T11:46:28Z
KXWCSOA-26JUL07SUICOL-COLGPUERT14,KXWCSOA-26JUL07SUICOL,,Gustavo Puerta: score or assist?,,,finalized,2026-07-07T23:04:41Z,,,,,,,,,,,,,,2026-07-29T11:46:28Z
KXWCSOA-26JUL07SUICOL-COLDSANCH6,KXWCSOA-26JUL07SUICOL,,Davinson Sanchez: score or assist?,,,finalized,2026-07-07T23:04:41Z,,,,,,,,,,,,,,2026-07-29T11:46:28Z
KXWCSOA-26JUL07SUICOL-SUIRRODRI12,KXWCSOA-26JUL07SUICOL,,Ricardo Rodriguez: score or assist?,,,finalized,2026-07-07T21:29:48Z,,,,,,,,,,,,,,2026-07-29T11:46:28Z
KXWCSOA-26JUL07SUICOL-SUINELVED30,KXWCSOA-26JUL07SUICOL,,Nico Elvedi: score or assist?,,,finalized,2026-07-07T23:04:40Z,,,,,,,,,,,,,,2026-07-29T11:46:28Z
KXWCSOA-26JUL07SUICOL-SUIFRIEDE32,KXWCSOA-26JUL07SUICOL,,Fabian Rieder: score or assist?,,,finalized,2026-07-07T22:13:22Z,,,,,,,,,,,,,,2026-07-29T11:46:28Z
KXWCSOA-26JUL07SUICOL-SUIDZAKAR6,KXWCSOA-26JUL07SUICOL,,Denis Zakaria: score or assist?,,,finalized,2026-07-07T21:45:27Z,,,,,,,,,,,,,,2026-07-29T11:46:28Z
KXWCSOA-26JUL07SUICOL-SUIDNDOYE14,KXWCSOA-26JUL07SUICOL,,Dan Ndoye: score or assist?,,,finalized,2026-07-07T21:51:22Z,,,,,,,,,,,,,,2026-07-29T11:46:28Z
KXWCSOA-26JUL07SUICOL-SUIAJASHA30,KXWCSOA-26JUL07SUICOL,,Ardon Jashari: score or assist?,,,finalized,2026-07-07T21:05:17Z,,,,,,,,,,,,,,2026-07-29T11:46:28Z
KXWCSOA-26JUL07ARGEGY-EGYYELHA2,KXWCSOA-26JUL07ARGEGY,,Yasser El Hanafi: score or assist?,,,finalized,2026-07-07T18:34:43Z,,,,,,,,,,,,,,2026-07-29T11:46:28Z
KXWCSOA-26JUL07ARGEGY-EGYMZAKI11,KXWCSOA-26JUL07ARGEGY,,Mostafa Mohamed Zaki Abdelraouf: score or assist?,,,finalized,2026-07-07T17:45:22Z,,,,,,,,,,,,,,2026-07-29T11:46:28Z
KXWCSOA-26JUL07ARGEGY-EGYMATTIA19,KXWCSOA-26JUL07ARGEGY,,Marwan Attia: score or assist?,,,finalized,2026-07-07T18:34:43Z,,,,,,,,,,,,,,2026-07-29T11:46:28Z
KXWCSOA-26JUL07ARGEGY-EGYKHAFEZ15,KXWCSOA-26JUL07ARGEGY,,Karim Hafez: score or assist?,,,finalized,2026-07-07T18:34:43Z,,,,,,,,,,,,,,2026-07-29T11:46:28Z
KXWCSOA-26JUL07ARGEGY-EGYHHASSA10,KXWCSOA-26JUL07ARGEGY,,Haissem Hassan: score or assist?,,,finalized,2026-07-07T17:41:26Z,,,,,,,,,,,,,,2026-07-29T11:46:28Z
KXWCSOA-26JUL07ARGEGY-EGYEASHOU8,KXWCSOA-26JUL07ARGEGY,,Eman Ashour: score or assist?,,,finalized,2026-07-07T17:09:51Z,,,,,,,,,,,,,,2026-07-29T11:46:28Z
KXWCSOA-26JUL07ARGEGY-ARGRDEPA7,KXWCSOA-26JUL07ARGEGY,,Rodrigo De Paul: score or assist?,,,finalized,2026-07-07T17:29:49Z,,,,,,,,,,,,,,2026-07-29T11:46:28Z
KXWCSOA-26JUL07ARGEGY-ARGNTAGLI3,KXWCSOA-26JUL07ARGEGY,,Nicolas Tagliafico: score or assist?,,,finalized,2026-07-07T17:29:48Z,,,,,,,,,,,,,,2026-07-29T11:46:28Z
KXWCSOA-26JUL07ARGEGY-ARGNMOLIN16,KXWCSOA-26JUL07ARGEGY,,Nahuel Molina: score or assist?,,,finalized,2026-07-07T17:41:25Z,,,,,,,,,,,,,,2026-07-29T11:46:28Z
KXWCSOA-26JUL07ARGEGY-ARGLMARTI6,KXWCSOA-26JUL07ARGEGY,,Lisandro Martinez: score or assist?,,,finalized,2026-07-07T18:34:42Z,,,,,,,,,,,,,,2026-07-29T11:46:28Z
KXWCSOA-26JUL07ARGEGY-ARGLPARED5,KXWCSOA-26JUL07ARGEGY,,Leandro Paredes: score or assist?,,,finalized,2026-07-07T18:34:42Z,,,,,,,,,,,,,,2026-07-29T11:46:28Z
KXWCSOA-26JUL07ARGEGY-ARGCROMER17,KXWCSOA-26JUL07ARGEGY,,Cristian Romero: score or assist?,,,finalized,2026-07-07T18:00:04Z,,,,,,,,,,,,,,2026-07-29T11:46:28Z
KXWCSOA-26JUL10ESPBEL-ESPRODR16,KXWCSOA-26JUL10ESPBEL,,Rodri: score or assist?,,,finalized,2026-07-10T21:09:49Z,,,,,,,,,,,,,,2026-07-29T11:46:28Z
KXWCSOA-26JUL10ESPBEL-ESPPEDR8,KXWCSOA-26JUL10ESPBEL,,Pedri: score or assist?,,,finalized,2026-07-10T21:09:49Z,,,,,,,,,,,,,,2026-07-29T11:46:28Z
KXWCSOA-26JUL10ESPBEL-ESPMOYARZ10,KXWCSOA-26JUL10ESPBEL,,Mikel Oyarzabal: score or assist?,,,finalized,2026-07-10T20:41:20Z,,,,,,,,,,,,,,2026-07-29T11:46:28Z
KXWCSOA-26JUL10ESPBEL-ESPMCUCUR3,KXWCSOA-26JUL10ESPBEL,,Marc Cucurella: score or assist?,,,finalized,2026-07-10T21:09:49Z,,,,,,,,,,,,,,2026-07-29T11:46:28Z
KXWCSOA-26JUL10ESPBEL-ESPLYAMAL10,KXWCSOA-26JUL10ESPBEL,,Lamine Yamal: score or assist?,,,finalized,2026-07-10T21:09:49Z,,,,,,,,,,,,,,2026-07-29T11:46:28Z
KXWCSOA-26JUL10ESPBEL-ESPDOLMO20,KXWCSOA-26JUL10ESPBEL,,Dani Olmo: score or assist?,,,finalized,2026-07-10T20:47:22Z,,,,,,,,,,,,,,2026-07-29T11:46:28Z
KXWCSOA-26JUL10ESPBEL-BELYTIELE8,KXWCSOA-26JUL10ESPBEL,,Youri Tielemans: score or assist?,,,finalized,2026-07-10T21:33:15Z,,,,,,,,,,,,,,2026-07-29T11:46:28Z
KXWCSOA-26JUL10ESPBEL-BELRLUKAK9,KXWCSOA-26JUL10ESPBEL,,Romelu Lukaku: score or assist?,,,finalized,2026-07-10T21:09:50Z,,,,,,,,,,,,,,2026-07-29T11:46:28Z
KXWCSOA-26JUL10ESPBEL-BELLTROSS19,KXWCSOA-26JUL10ESPBEL,,Leandro Trossard: score or assist?,,,finalized,2026-07-10T20:21:21Z,,,,,,,,,,,,,,2026-07-29T11:46:28Z
KXWCSOA-26JUL10ESPBEL-BELKDEBR11,KXWCSOA-26JUL10ESPBEL,,Kevin De Bruyne: score or assist?,,,finalized,2026-07-10T20:47:24Z,,,,,,,,,,,,,,2026-07-29T11:46:28Z
KXWCSOA-26JUL10ESPBEL-BELJDOKU11,KXWCSOA-26JUL10ESPBEL,,Jeremy Doku: score or assist?,,,finalized,2026-07-10T21:09:50Z,,,,,,,,,,,,,,2026-07-29T11:46:28Z
KXWCSOA-26JUL10ESPBEL-BELCDEKE17,KXWCSOA-26JUL10ESPBEL,,Charles De Ketelaere: score or assist?,,,finalized,2026-07-10T21:09:50Z,,,,,,,,,,,,,,2026-07-29T11:46:28Z
KXWCSOA-26JUL06USABEL-BELTCASTA21,KXWCSOA-26JUL06USABEL,,Timothy Castagne: score or assist?,,,finalized,2026-07-07T02:14:44Z,,,,,,,,,,,,,,2026-07-29T11:46:28Z
KXWCSOA-26JUL06USABEL-BELNRASKI43,KXWCSOA-26JUL06USABEL,,Nicolas Raskin: score or assist?,,,finalized,2026-07-07T01:53:25Z,,,,,,,,,,,,,,2026-07-29T11:46:28Z
KXWCSOA-26JUL06USABEL-BELMDECU29,KXWCSOA-26JUL06USABEL,,Maxime De Cuyper: score or assist?,,,finalized,2026-07-07T02:14:44Z,,,,,,,,,,,,,,2026-07-29T11:46:28Z
KXWCSOA-26JUL06USABEL-BELDLUKEB11,KXWCSOA-26JUL06USABEL,,Dodi Lukebakio: score or assist?,,,finalized,2026-07-07T01:31:20Z,,,,,,,,,,,,,,2026-07-29T11:46:28Z
KXWCSOA-26JUL06USABEL-BELAONANA24,KXWCSOA-26JUL06USABEL,,Amadou Onana: score or assist?,,,finalized,2026-07-07T00:21:21Z,,,,,,,,,,,,,,2026-07-29T11:46:28Z
KXWCSOA-26JUL06USABEL-USATADAMS12,KXWCSOA-26JUL06USABEL,,Tyler Adams: score or assist?,,,finalized,2026-07-07T01:35:21Z,,,,,,,,,,,,,,2026-07-29T11:46:28Z
KXWCSOA-26JUL06USABEL-USATREAM3,KXWCSOA-26JUL06USABEL,,Tim Ream: score or assist?,,,finalized,2026-07-07T02:14:43Z,,,,,,,,,,,,,,2026-07-29T11:46:28Z
KXWCSOA-26JUL06USABEL-USAMTILLM10,KXWCSOA-26JUL06USABEL,,Malik Tillman: score or assist?,,,finalized,2026-07-07T02:14:43Z,,,,,,,,,,,,,,2026-07-29T11:46:28Z
KXWCSOA-26JUL06USABEL-USACRICHA26,KXWCSOA-26JUL06USABEL,,Chris Richards: score or assist?,,,finalized,2026-07-07T02:14:43Z,,,,,,,,,,,,,,2026-07-29T11:46:28Z
KXWCSOA-26JUL11NORENG-NORSBERGE16,KXWCSOA-26JUL11NORENG,,Sander Berge: score or assist?,,,finalized,2026-07-11T23:54:49Z,,,,,,,,,,,,,,2026-07-29T11:46:28Z
KXWCSOA-26JUL11NORENG-NORMODEGA8,KXWCSOA-26JUL11NORENG,,Martin Odegaard: score or assist?,,,finalized,2026-07-11T23:54:49Z,,,,,,,,,,,,,,2026-07-29T11:46:28Z
KXWCSOA-26JUL11NORENG-NORFAURSN8,KXWCSOA-26JUL11NORENG,,Fredrik Aursnes: score or assist?,,,finalized,2026-07-11T23:54:49Z,,,,,,,,,,,,,,2026-07-29T11:46:28Z
KXWCSOA-26JUL11NORENG-NOREHAALA9,KXWCSOA-26JUL11NORENG,,Erling Haaland: score or assist?,,,finalized,2026-07-11T23:27:27Z,,,,,,,,,,,,,,2026-07-29T11:46:28Z
KXWCAST-26JUL19ESPARG-ARGRDEPA7-1,KXWCAST-26JUL19ESPARG,,Rodrigo De Paul: 1+ assists?,,,finalized,2026-07-19T20:47:22Z,,,,,,,,,,,,,,2026-07-29T11:46:28Z
KXWCAST-26JUL19ESPARG-ARGNTAGLI3-1,KXWCAST-26JUL19ESPARG,,Nicolas Tagliafico: 1+ assists?,,,finalized,2026-07-19T22:14:37Z,,,,,,,,,,,,,,2026-07-29T11:46:28Z
KXWCAST-26JUL19ESPARG-ARGNGONZA11-1,KXWCAST-26JUL19ESPARG,,Nico Gonzalez: 1+ assists?,,,finalized,2026-07-19T20:21:20Z,,,,,,,,,,,,,,2026-07-29T11:46:28Z
KXWCAST-26JUL19ESPARG-ARGLMARTI6-1,KXWCAST-26JUL19ESPARG,,Lisandro Martinez: 1+ assists?,,,finalized,2026-07-19T19:49:39Z,,,,,,,,,,,,,,2026-07-29T11:46:28Z
KXWCAST-26JUL19ESPARG-ARGGMONTI4-1,KXWCAST-26JUL19ESPARG,,Gonzalo Montiel: 1+ assists?,,,finalized,2026-07-19T20:35:21Z,,,,,,,,,,,,,,2026-07-29T11:46:28Z
KXWCAST-26JUL19ESPARG-ESPPPORRO23-2,KXWCAST-26JUL19ESPARG,,Pedro Porro: 2+ assists?,,,finalized,2026-07-19T22:14:36Z,,,,,,,,,,,,,,2026-07-29T11:46:28Z
KXWCAST-26JUL19ESPARG-ESPPPORRO23-1,KXWCAST-26JUL19ESPARG,,Pedro Porro: 1+ assists?,,,finalized,2026-07-19T22:14:36Z,,,,,,,,,,,,,,2026-07-29T11:46:28Z
KXWCAST-26JUL19ESPARG-ESPPCUBAR5-1,KXWCAST-26JUL19ESPARG,,Pau Cubarsi: 1+ assists?,,,finalized,2026-07-19T22:14:36Z,,,,,,,,,,,,,,2026-07-29T11:46:28Z
KXWCAST-26JUL19ESPARG-ESPFRUIZ8-1,KXWCAST-26JUL19ESPARG,,Fabian Ruiz: 1+ assists?,,,finalized,2026-07-19T20:39:39Z,,,,,,,,,,,,,,2026-07-29T11:46:28Z
KXWCAST-26JUL19ESPARG-ESPALAPOR14-1,KXWCAST-26JUL19ESPARG,,Aymeric Laporte: 1+ assists?,,,finalized,2026-07-19T21:29:47Z,,,,,,,,,,,,,,2026-07-29T11:46:28Z
KXWCAST-26JUL19ESPARG-ESPABAENA10-2,KXWCAST-26JUL19ESPARG,,Alex Baena: 2+ assists?,,,finalized,2026-07-19T20:53:22Z,,,,,,,,,,,,,,2026-07-29T11:46:28Z
KXWCAST-26JUL19ESPARG-ESPABAENA10-1,KXWCAST-26JUL19ESPARG,,Alex Baena: 1+ assists?,,,finalized,2026-07-19T20:53:22Z,,,,,,,,,,,,,,2026-07-29T11:46:28Z
KXWCAST-26JUL18FRAENG-ENGMROGER27-2,KXWCAST-26JUL18FRAENG,,Morgan Rogers: 2+ assists?,,,finalized,2026-07-18T23:29:51Z,,,,,,,,,,,,,,2026-07-29T11:46:28Z
KXWCAST-26JUL18FRAENG-ENGMROGER27-1,KXWCAST-26JUL18FRAENG,,Morgan Rogers: 1+ assists?,,,finalized,2026-07-18T23:29:51Z,,,,,,,,,,,,,,2026-07-29T11:46:28Z
KXWCAST-26JUL18FRAENG-ENGMRASHF14-2,KXWCAST-26JUL18FRAENG,,Marcus Rashford: 2+ assists?,,,finalized,2026-07-18T22:07:24Z,,,,,,,,,,,,,,2026-07-29T11:46:28Z
KXWCAST-26JUL18FRAENG-ENGMRASHF14-1,KXWCAST-26JUL18FRAENG,,Marcus Rashford: 1+ assists?,,,finalized,2026-07-18T22:07:24Z,,,,,,,,,,,,,,2026-07-29T11:46:28Z
KXWCAST-26JUL18FRAENG-ENGMGUEHI15-1,KXWCAST-26JUL18FRAENG,,Marc Guehi: 1+ assists?,,,finalized,2026-07-18T22:55:27Z,,,,,,,,,,,,,,2026-07-29T11:46:28Z
KXWCAST-26JUL18FRAENG-ENGJQUANS4-1,KXWCAST-26JUL18FRAENG,,Jarell Quansah: 1+ assists?,,,finalized,2026-07-18T22:45:21Z,,,,,,,,,,,,,,2026-07-29T11:46:28Z
KXWCAST-26JUL18FRAENG-ENGITONEY17-1,KXWCAST-26JUL18FRAENG,,Ivan Toney: 1+ assists?,,,finalized,2026-07-18T22:41:20Z,,,,,,,,,,,,,,2026-07-29T11:46:28Z
KXWCAST-26JUL18FRAENG-ENGEKONSA4-1,KXWCAST-26JUL18FRAENG,,Ezri Konsa: 1+ assists?,,,finalized,2026-07-18T23:29:51Z,,,,,,,,,,,,,,2026-07-29T11:46:28Z
KXWCAST-26JUL18FRAENG-ENGEEZE10-2,KXWCAST-26JUL18FRAENG,,Eberechi Eze: 2+ assists?,,,finalized,2026-07-18T22:41:20Z,,,,,,,,,,,,,,2026-07-29T11:46:28Z
KXWCAST-26JUL18FRAENG-ENGEEZE10-1,KXWCAST-26JUL18FRAENG,,Eberechi Eze: 1+ assists?,,,finalized,2026-07-18T22:41:20Z,,,,,,,,,,,,,,2026-07-29T11:46:28Z
KXWCAST-26JUL18FRAENG-ENGDSPENC24-1,KXWCAST-26JUL18FRAENG,,Djed Spence: 1+ assists?,,,finalized,2026-07-18T23:29:50Z,,,,,,,,,,,,,,2026-07-29T11:46:28Z
KXWCAST-26JUL18FRAENG-ENGBSAKA7-2,KXWCAST-26JUL18FRAENG,,Bukayo Saka: 2+ assists?,,,finalized,2026-07-18T23:29:50Z,,,,,,,,,,,,,,2026-07-29T11:46:28Z
KXWCAST-26JUL18FRAENG-ENGBSAKA7-1,KXWCAST-26JUL18FRAENG,,Bukayo Saka: 1+ assists?,,,finalized,2026-07-18T23:29:50Z,,,,,,,,,,,,,,2026-07-29T11:46:28Z
KXWCAST-26JUL18FRAENG-FRAWZAIRE33-2,KXWCAST-26JUL18FRAENG,,Warren Zaire-Emery: 2+ assists?,,,finalized,2026-07-18T23:29:50Z,,,,,,,,,,,,,,2026-07-29T11:46:28Z
KXWCAST-26JUL18FRAENG-FRAWZAIRE33-1,KXWCAST-26JUL18FRAENG,,Warren Zaire-Emery: 1+ assists?,,,finalized,2026-07-18T23:29:50Z,,,,,,,,,,,,,,2026-07-29T11:46:28Z
KXWCAST-26JUL18FRAENG-FRATHERNA19-2,KXWCAST-26JUL18FRAENG,,Theo Hernandez: 2+ assists?,,,finalized,2026-07-18T22:07:21Z,,,,,,,,,,,,,,2026-07-29T11:46:28Z
KXWCAST-26JUL18FRAENG-FRATHERNA19-1,KXWCAST-26JUL18FRAENG,,Theo Hernandez: 1+ assists?,,,finalized,2026-07-18T22:07:21Z,,,,,,,,,,,,,,2026-07-29T11:46:28Z
KXWCAST-26JUL18FRAENG-FRARCHERK10-2,KXWCAST-26JUL18FRAENG,,Rayan Cherki: 2+ assists?,,,finalized,2026-07-18T22:07:22Z,,,,,,,,,,,,,,2026-07-29T11:46:28Z
KXWCAST-26JUL18FRAENG-FRARCHERK10-1,KXWCAST-26JUL18FRAENG,,Rayan Cherki: 1+ assists?,,,finalized,2026-07-18T22:07:22Z,,,,,,,,,,,,,,2026-07-29T11:46:28Z
KXWCAST-26JUL18FRAENG-FRAMLACRO5-1,KXWCAST-26JUL18FRAENG,,Maxence Lacroix: 1+ assists?,,,finalized,2026-07-18T23:29:49Z,,,,,,,,,,,,,,2026-07-29T11:46:28Z
KXWCAST-26JUL18FRAENG-FRAMGUSTO27-1,KXWCAST-26JUL18FRAENG,,Malo Gusto: 1+ assists?,,,finalized,2026-07-18T22:53:19Z,,,,,,,,,,,,,,2026-07-29T11:46:28Z
KXWCAST-26JUL18FRAENG-FRAIKONAT5-1,KXWCAST-26JUL18FRAENG,,Ibrahima Konate: 1+ assists?,,,finalized,2026-07-18T22:07:22Z,,,,,,,,,,,,,,2026-07-29T11:46:28Z
KXWCAST-26JUL18FRAENG-FRAARABIO12-2,KXWCAST-26JUL18FRAENG,,Adrien Rabiot: 2+ assists?,,,finalized,2026-07-18T23:29:49Z,,,,,,,,,,,,,,2026-07-29T11:46:28Z
KXWCAST-26JUL18FRAENG-FRAARABIO12-1,KXWCAST-26JUL18FRAENG,,Adrien Rabiot: 1+ assists?,,,finalized,2026-07-18T23:29:49Z,,,,,,,,,,,,,,2026-07-29T11:46:28Z
KXWCAST-26JUL19ESPARG-ARGCROMER17-1,KXWCAST-26JUL19ESPARG,,Cristian Romero: 1+ assists?,,,finalized,2026-07-19T20:47:23Z,,,,,,,,,,,,,,2026-07-29T11:46:28Z
KXWCAST-26JUL18FRAENG-FRAODEMBE10-2,KXWCAST-26JUL18FRAENG,,Ousmane Dembele: 2+ assists?,,,finalized,2026-07-18T23:29:48Z,,,,,,,,,,,,,,2026-07-29T11:46:28Z
KXWCAST-26JUL18FRAENG-FRAODEMBE10-1,KXWCAST-26JUL18FRAENG,,Ousmane Dembele: 1+ assists?,,,finalized,2026-07-18T23:29:48Z,,,,,,,,,,,,,,2026-07-29T11:46:28Z
KXWCAST-26JUL18FRAENG-FRAMOLISE17-2,KXWCAST-26JUL18FRAENG,,Michael Olise: 2+ assists?,,,finalized,2026-07-18T23:29:47Z,,,,,,,,,,,,,,2026-07-29T11:46:28Z
KXWCAST-26JUL18FRAENG-FRAMOLISE17-1,KXWCAST-26JUL18FRAENG,,Michael Olise: 1+ assists?,,,finalized,2026-07-18T23:29:47Z,,,,,,,,,,,,,,2026-07-29T11:46:28Z
KXWCAST-26JUL18FRAENG-FRAKMBAPP10-2,KXWCAST-26JUL18FRAENG,,Kylian Mbappe: 2+ assists?,,,finalized,2026-07-18T23:29:47Z,,,,,,,,,,,,,,2026-07-29T11:46:28Z
KXWCAST-26JUL18FRAENG-FRAKMBAPP10-1,KXWCAST-26JUL18FRAENG,,Kylian Mbappe: 1+ assists?,,,finalized,2026-07-18T23:29:47Z,,,,,,,,,,,,,,2026-07-29T11:46:28Z
KXWCAST-26JUL18FRAENG-FRAJKOUND23-1,KXWCAST-26JUL18FRAENG,,Jules Kounde: 1+ assists?,,,finalized,2026-07-18T23:29:47Z,,,,,,,,,,,,,,2026-07-29T11:46:28Z
KXWCAST-26JUL18FRAENG-FRADDOUE14-2,KXWCAST-26JUL18FRAENG,,Desire Doue: 2+ assists?,,,finalized,2026-07-18T22:07:23Z,,,,,,,,,,,,,,2026-07-29T11:46:28Z
KXWCAST-26JUL18FRAENG-FRADDOUE14-1,KXWCAST-26JUL18FRAENG,,Desire Doue: 1+ assists?,,,finalized,2026-07-18T22:07:23Z,,,,,,,,,,,,,,2026-07-29T11:46:28Z
KXWCAST-26JUL18FRAENG-FRABBARCO29-2,KXWCAST-26JUL18FRAENG,,Bradley Barcola: 2+ assists?,,,finalized,2026-07-18T23:29:46Z,,,,,,,,,,,,,,2026-07-29T11:46:28Z
KXWCAST-26JUL18FRAENG-FRABBARCO29-1,KXWCAST-26JUL18FRAENG,,Bradley Barcola: 1+ assists?,,,finalized,2026-07-18T23:29:46Z,,,,,,,,,,,,,,2026-07-29T11:46:28Z
KXWCAST-26JUL18FRAENG-FRAATCHOU14-1,KXWCAST-26JUL18FRAENG,,Aurelien Tchouameni: 1+ assists?,,,finalized,2026-07-19T01:18:49Z,,,,,,,,,,,,,,2026-07-29T11:46:28Z
KXWCAST-26JUL18FRAENG-ENGJBELLI5-2,KXWCAST-26JUL18FRAENG,,Jude Bellingham: 2+ assists?,,,finalized,2026-07-18T23:29:49Z,,,,,,,,,,,,,,2026-07-29T11:46:28Z
KXWCAST-26JUL18FRAENG-ENGJBELLI5-1,KXWCAST-26JUL18FRAENG,,Jude Bellingham: 1+ assists?,,,finalized,2026-07-18T23:29:48Z,,,,,,,,,,,,,,2026-07-29T11:46:28Z
KXWCAST-26JUL18FRAENG-ENGHKANE9-1,KXWCAST-26JUL18FRAENG,,Harry Kane: 1+ assists?,,,finalized,2026-07-19T01:18:49Z,,,,,,,,,,,,,,2026-07-29T11:46:28Z
KXWCAST-26JUL18FRAENG-ENGEANDER8-1,KXWCAST-26JUL18FRAENG,,Elliot Anderson: 1+ assists?,,,finalized,2026-07-18T23:29:48Z,,,,,,,,,,,,,,2026-07-29T11:46:28Z
KXWCAST-26JUL18FRAENG-ENGDRICE41-2,KXWCAST-26JUL18FRAENG,,Declan Rice: 2+ assists?,,,finalized,2026-07-18T23:29:48Z,,,,,,,,,,,,,,2026-07-29T11:46:28Z
KXWCAST-26JUL18FRAENG-ENGDRICE41-1,KXWCAST-26JUL18FRAENG,,Declan Rice: 1+ assists?,,,finalized,2026-07-18T23:29:48Z,,,,,,,,,,,,,,2026-07-29T11:46:28Z
KXWCAST-26JUL19ESPARG-ESPRODR16-1,KXWCAST-26JUL19ESPARG,,Rodri: 1+ assists?,,,finalized,2026-07-19T21:29:49Z,,,,,,,,,,,,,,2026-07-29T11:46:28Z
KXWCAST-26JUL19ESPARG-ESPPEDR8-1,KXWCAST-26JUL19ESPARG,,Pedri: 1+ assists?,,,finalized,2026-07-19T22:14:35Z,,,,,,,,,,,,,,2026-07-29T11:46:28Z
KXWCAST-26JUL19ESPARG-ESPMOYARZ10-1,KXWCAST-26JUL19ESPARG,,Mikel Oyarzabal: 1+ assists?,,,finalized,2026-07-19T20:39:39Z,,,,,,,,,,,,,,2026-07-29T11:46:28Z
KXWCAST-26JUL19ESPARG-ESPMMERIN23-2,KXWCAST-26JUL19ESPARG,,Mikel Merino: 2+ assists?,,,finalized,2026-07-19T22:14:35Z,,,,,,,,,,,,,,2026-07-29T11:46:28Z
KXWCAST-26JUL19ESPARG-ESPMMERIN23-1,KXWCAST-26JUL19ESPARG,,Mikel Merino: 1+ assists?,,,finalized,2026-07-19T22:14:35Z,,,,,,,,,,,,,,2026-07-29T11:46:28Z
KXWCAST-26JUL19ESPARG-ESPMCUCUR3-1,KXWCAST-26JUL19ESPARG,,Marc Cucurella: 1+ assists?,,,finalized,2026-07-19T22:14:34Z,,,,,,,,,,,,,,2026-07-29T11:46:28Z
KXWCAST-26JUL19ESPARG-ESPLYAMAL10-2,KXWCAST-26JUL19ESPARG,,Lamine Yamal: 2+ assists?,,,finalized,2026-07-19T22:14:34Z,,,,,,,,,,,,,,2026-07-29T11:46:28Z
KXWCAST-26JUL19ESPARG-ESPLYAMAL10-1,KXWCAST-26JUL19ESPARG,,Lamine Yamal: 1+ assists?,,,finalized,2026-07-19T22:14:34Z,,,,,,,,,,,,,,2026-07-29T11:46:28Z
KXWCAST-26JUL19ESPARG-ESPFTORRE7-1,KXWCAST-26JUL19ESPARG,,Ferran Torres: 1+ assists?,,,finalized,2026-07-19T22:14:34Z,,,,,,,,,,,,,,2026-07-29T11:46:28Z
KXWCAST-26JUL19ESPARG-ESPDOLMO20-2,KXWCAST-26JUL19ESPARG,,Dani Olmo: 2+ assists?,,,finalized,2026-07-19T20:51:19Z,,,,,,,,,,,,,,2026-07-29T11:46:28Z
KXWCAST-26JUL19ESPARG-ESPDOLMO20-1,KXWCAST-26JUL19ESPARG,,Dani Olmo: 1+ assists?,,,finalized,2026-07-19T20:51:19Z,,,,,,,,,,,,,,2026-07-29T11:46:28Z
KXWCAST-26JUL19ESPARG-ARGLMESSI10-2,KXWCAST-26JUL19ESPARG,,Lionel Messi: 2+ assists?,,,finalized,2026-07-19T22:14:36Z,,,,,,,,,,,,,,2026-07-29T11:46:28Z
KXWCAST-26JUL19ESPARG-ARGLMESSI10-1,KXWCAST-26JUL19ESPARG,,Lionel Messi: 1+ assists?,,,finalized,2026-07-19T22:14:36Z,,,,,,,,,,,,,,2026-07-29T11:46:28Z
KXWCAST-26JUL19ESPARG-ARGLMARTI10-1,KXWCAST-26JUL19ESPARG,,Lautaro Martinez: 1+ assists?,,,finalized,2026-07-19T22:26:05Z,,,,,,,,,,,,,,2026-07-29T11:46:28Z
KXWCAST-26JUL19ESPARG-ARGJALVAR19-1,KXWCAST-26JUL19ESPARG,,Julian Alvarez: 1+ assists?,,,finalized,2026-07-19T21:35:26Z,,,,,,,,,,,,,,2026-07-29T11:46:28Z
KXWCAST-26JUL19ESPARG-ARGEFERNA8-1,KXWCAST-26JUL19ESPARG,,Enzo Fernandez: 1+ assists?,,,finalized,2026-07-19T22:14:35Z,,,,,,,,,,,,,,2026-07-29T11:46:28Z
KXWCAST-26JUL19ESPARG-ARGAMACA10-1,KXWCAST-26JUL19ESPARG,,Alexis Mac Allister: 1+ assists?,,,finalized,2026-07-19T22:14:35Z,,,,,,,,,,,,,,2026-07-29T11:46:28Z
KXWCAST-26JUL15ENGARG-ARGNTAGLI3-1,KXWCAST-26JUL15ENGARG,,Nicolas Tagliafico: 1+ assists?,,,finalized,2026-07-15T20:41:19Z,,,,,,,,,,,,,,2026-07-29T11:46:28Z
KXWCAST-26JUL15ENGARG-ARGNMOLIN16-1,KXWCAST-26JUL15ENGARG,,Nahuel Molina: 1+ assists?,,,finalized,2026-07-15T20:33:19Z,,,,,,,,,,,,,,2026-07-29T11:46:28Z
KXWCAST-26JUL15ENGARG-ARGLMARTI6-1,KXWCAST-26JUL15ENGARG,,Lisandro Martinez: 1+ assists?,,,finalized,2026-07-15T20:35:22Z,,,,,,,,,,,,,,2026-07-29T11:46:28Z
KXWCAST-26JUL15ENGARG-ARGLPARED5-1,KXWCAST-26JUL15ENGARG,,Leandro Paredes: 1+ assists?,,,finalized,2026-07-15T20:25:18Z,,,,,,,,,,,,,,2026-07-29T11:46:28Z
KXWCAST-26JUL15ENGARG-ARGGSIMEO20-1,KXWCAST-26JUL15ENGARG,,Giuliano Simeone: 1+ assists?,,,finalized,2026-07-15T20:33:20Z,,,,,,,,,,,,,,2026-07-29T11:46:28Z
KXWCAST-26JUL15ENGARG-ARGCROMER17-1,KXWCAST-26JUL15ENGARG,,Cristian Romero: 1+ assists?,,,finalized,2026-07-15T21:09:50Z,,,,,,,,,,,,,,2026-07-29T11:46:28Z
KXWCAST-26JUL15ENGARG-ENGRJAMES24-1,KXWCAST-26JUL15ENGARG,,Reece James: 1+ assists?,,,finalized,2026-07-15T20:43:21Z,,,,,,,,,,,,,,2026-07-29T11:46:28Z
KXWCAST-26JUL15ENGARG-ENGMROGER27-1,KXWCAST-26JUL15ENGARG,,Morgan Rogers: 1+ assists?,,,finalized,2026-07-15T21:09:50Z,,,,,,,,,,,,,,2026-07-29T11:46:28Z
KXWCAST-26JUL15ENGARG-ENGMGUEHI15-1,KXWCAST-26JUL15ENGARG,,Marc Guehi: 1+ assists?,,,finalized,2026-07-15T21:09:49Z,,,,,,,,,,,,,,2026-07-29T11:46:28Z
KXWCAST-26JUL15ENGARG-ENGJSTONE5-1,KXWCAST-26JUL15ENGARG,,John Stones: 1+ assists?,,,finalized,2026-07-15T20:57:19Z,,,,,,,,,,,,,,2026-07-29T11:46:28Z
KXWCAST-26JUL15ENGARG-ENGDSPENC24-1,KXWCAST-26JUL15ENGARG,,Djed Spence: 1+ assists?,,,finalized,2026-07-15T20:57:21Z,,,,,,,,,,,,,,2026-07-29T11:46:28Z
KXWCAST-26JUL15ENGARG-ENGAGORDO10-1,KXWCAST-26JUL15ENGARG,,Anthony Gordon: 1+ assists?,,,finalized,2026-07-15T20:33:18Z,,,,,,,,,,,,,,2026-07-29T11:46:28Z
KXWCAST-26JUL14FRAESP-FRAWSALIB2-1,KXWCAST-26JUL14FRAESP,,William Saliba: 1+ assists?,,,finalized,2026-07-14T19:29:47Z,,,,,,,,,,,,,,2026-07-29T11:46:28Z
KXWCAST-26JUL14FRAESP-FRALDIGNE12-1,KXWCAST-26JUL14FRAESP,,Lucas Digne: 1+ assists?,,,finalized,2026-07-14T20:33:20Z,,,,,,,,,,,,,,2026-07-29T11:46:28Z
KXWCAST-26JUL14FRAESP-FRADUPAME2-1,KXWCAST-26JUL14FRAESP,,Dayot Upamecano: 1+ assists?,,,finalized,2026-07-14T21:09:46Z,,,,,,,,,,,,,,2026-07-29T11:46:28Z
KXWCAST-26JUL14FRAESP-FRAARABIO12-1,KXWCAST-26JUL14FRAESP,,Adrien Rabiot: 1+ assists?,,,finalized,2026-07-14T20:07:35Z,,,,,,,,,,,,,,2026-07-29T11:46:28Z
KXWCAST-26JUL14FRAESP-ESPPPORRO23-2,KXWCAST-26JUL14FRAESP,,Pedro Porro: 2+ assists?,,,finalized,2026-07-14T20:45:27Z,,,,,,,,,,,,,,2026-07-29T11:46:28Z
KXWCAST-26JUL14FRAESP-ESPPPORRO23-1,KXWCAST-26JUL14FRAESP,,Pedro Porro: 1+ assists?,,,finalized,2026-07-14T20:45:27Z,,,,,,,,,,,,,,2026-07-29T11:46:28Z
KXWCAST-26JUL14FRAESP-ESPPCUBAR5-1,KXWCAST-26JUL14FRAESP,,Pau Cubarsi: 1+ assists?,,,finalized,2026-07-14T21:09:45Z,,,,,,,,,,,,,,2026-07-29T11:46:28Z
KXWCAST-26JUL14FRAESP-ESPFRUIZ8-1,KXWCAST-26JUL14FRAESP,,Fabian Ruiz: 1+ assists?,,,finalized,2026-07-14T20:39:51Z,,,,,,,,,,,,,,2026-07-29T11:46:28Z
KXWCAST-26JUL14FRAESP-ESPALAPOR14-1,KXWCAST-26JUL14FRAESP,,Aymeric Laporte: 1+ assists?,,,finalized,2026-07-14T21:09:45Z,,,,,,,,,,,,,,2026-07-29T11:46:28Z
KXWCAST-26JUL14FRAESP-ESPABAENA10-2,KXWCAST-26JUL14FRAESP,,Alex Baena: 2+ assists?,,,finalized,2026-07-14T20:45:27Z,,,,,,,,,,,,,,2026-07-29T11:46:28Z
KXWCAST-26JUL14FRAESP-ESPABAENA10-1,KXWCAST-26JUL14FRAESP,,Alex Baena: 1+ assists?,,,finalized,2026-07-14T20:45:27Z,,,,,,,,,,,,,,2026-07-29T11:46:28Z
KXWCAST-26JUL14FRAESP-ESPMMERIN23-2,KXWCAST-26JUL14FRAESP,,Mikel Merino: 2+ assists?,,,finalized,2026-07-14T21:09:45Z,,,,,,,,,,,,,,2026-07-29T11:46:28Z
KXWCAST-26JUL14FRAESP-ESPMMERIN23-1,KXWCAST-26JUL14FRAESP,,Mikel Merino: 1+ assists?,,,finalized,2026-07-14T21:09:45Z,,,,,,,,,,,,,,2026-07-29T11:46:28Z
KXWCAST-26JUL14FRAESP-ESPFTORRE7-1,KXWCAST-26JUL14FRAESP,,Ferran Torres: 1+ assists?,,,finalized,2026-07-14T21:09:45Z,,,,,,,,,,,,,,2026-07-29T11:46:28Z
KXWCAST-26JUL14FRAESP-FRABBARCO29-1,KXWCAST-26JUL14FRAESP,,Bradley Barcola: 1+ assists?,,,finalized,2026-07-14T20:20:40Z,,,,,,,,,,,,,,2026-07-29T11:46:28Z
KXWCAST-26JUL15ENGARG-ENGJBELLI5-1,KXWCAST-26JUL15ENGARG,,Jude Bellingham: 1+ assists?,,,finalized,2026-07-15T21:09:48Z,,,,,,,,,,,,,,2026-07-29T11:46:28Z
KXWCAST-26JUL15ENGARG-ENGHKANE9-1,KXWCAST-26JUL15ENGARG,,Harry Kane: 1+ assists?,,,finalized,2026-07-15T21:09:48Z,,,,,,,,,,,,,,2026-07-29T11:46:28Z
KXWCAST-26JUL15ENGARG-ENGEANDER8-1,KXWCAST-26JUL15ENGARG,,Elliot Anderson: 1+ assists?,,,finalized,2026-07-15T21:09:48Z,,,,,,,,,,,,,,2026-07-29T11:46:28Z
KXWCAST-26JUL15ENGARG-ENGDRICE41-2,KXWCAST-26JUL15ENGARG,,Declan Rice: 2+ assists?,,,finalized,2026-07-15T20:43:20Z,,,,,,,,,,,,,,2026-07-29T11:46:28Z
KXWCAST-26JUL15ENGARG-ENGDRICE41-1,KXWCAST-26JUL15ENGARG,,Declan Rice: 1+ assists?,,,finalized,2026-07-15T20:43:20Z,,,,,,,,,,,,,,2026-07-29T11:46:28Z
KXWCAST-26JUL15ENGARG-ARGLMESSI10-2,KXWCAST-26JUL15ENGARG,,Lionel Messi: 2+ assists?,,,finalized,2026-07-15T21:09:49Z,,,,,,,,,,,,,,2026-07-29T11:46:28Z
KXWCAST-26JUL15ENGARG-ARGLMESSI10-1,KXWCAST-26JUL15ENGARG,,Lionel Messi: 1+ assists?,,,finalized,2026-07-15T21:09:49Z,,,,,,,,,,,,,,2026-07-29T11:46:28Z
KXWCAST-26JUL15ENGARG-ARGLMARTI10-1,KXWCAST-26JUL15ENGARG,,Lautaro Martinez: 1+ assists?,,,finalized,2026-07-15T21:09:49Z,,,,,,,,,,,,,,2026-07-29T11:46:28Z
KXWCAST-26JUL15ENGARG-ARGJALVAR19-1,KXWCAST-26JUL15ENGARG,,Julian Alvarez: 1+ assists?,,,finalized,2026-07-15T21:09:49Z,,,,,,,,,,,,,,2026-07-29T11:46:28Z
KXWCAST-26JUL15ENGARG-ARGEFERNA8-1,KXWCAST-26JUL15ENGARG,,Enzo Fernandez: 1+ assists?,,,finalized,2026-07-15T21:09:48Z,,,,,,,,,,,,,,2026-07-29T11:46:28Z
KXWCAST-26JUL15ENGARG-ARGAMACA10-1,KXWCAST-26JUL15ENGARG,,Alexis Mac Allister: 1+ assists?,,,finalized,2026-07-15T21:09:48Z,,,,,,,,,,,,,,2026-07-29T11:46:28Z
KXWCAST-26JUL11ARGSUI-SUIRRODRI12-1,KXWCAST-26JUL11ARGSUI,,Ricardo Rodriguez: 1+ assists?,,,finalized,2026-07-12T02:57:19Z,,,,,,,,,,,,,,2026-07-29T11:46:28Z
KXWCAST-26JUL11ARGSUI-SUINELVED30-1,KXWCAST-26JUL11ARGSUI,,Nico Elvedi: 1+ assists?,,,finalized,2026-07-12T03:59:59Z,,,,,,,,,,,,,,2026-07-29T11:46:28Z
KXWCAST-26JUL11ARGSUI-SUIFRIEDE32-1,KXWCAST-26JUL11ARGSUI,,Fabian Rieder: 1+ assists?,,,finalized,2026-07-12T02:47:20Z,,,,,,,,,,,,,,2026-07-29T11:46:28Z
KXWCAST-26JUL11ARGSUI-SUIDSOW20-1,KXWCAST-26JUL11ARGSUI,,Djibril Sow: 1+ assists?,,,finalized,2026-07-12T02:47:20Z,,,,,,,,,,,,,,2026-07-29T11:46:28Z
KXWCAST-26JUL11ARGSUI-SUIDZAKAR6-1,KXWCAST-26JUL11ARGSUI,,Denis Zakaria: 1+ assists?,,,finalized,2026-07-12T03:11:22Z,,,,,,,,,,,,,,2026-07-29T11:46:28Z
KXWCAST-26JUL11ARGSUI-SUIDNDOYE14-1,KXWCAST-26JUL11ARGSUI,,Dan Ndoye: 1+ assists?,,,finalized,2026-07-12T02:47:20Z,,,,,,,,,,,,,,2026-07-29T11:46:28Z
KXWCAST-26JUL11ARGSUI-ARGRDEPA7-2,KXWCAST-26JUL11ARGSUI,,Rodrigo De Paul: 2+ assists?,,,finalized,2026-07-12T02:47:19Z,,,,,,,,,,,,,,2026-07-29T11:46:28Z
KXWCAST-26JUL11ARGSUI-ARGRDEPA7-1,KXWCAST-26JUL11ARGSUI,,Rodrigo De Paul: 1+ assists?,,,finalized,2026-07-12T02:47:19Z,,,,,,,,,,,,,,2026-07-29T11:46:28Z
KXWCAST-26JUL11ARGSUI-ARGNTAGLI3-1,KXWCAST-26JUL11ARGSUI,,Nicolas Tagliafico: 1+ assists?,,,finalized,2026-07-12T02:39:41Z,,,,,,,,,,,,,,2026-07-29T11:46:28Z
KXWCAST-26JUL11ARGSUI-ARGNMOLIN16-1,KXWCAST-26JUL11ARGSUI,,Nahuel Molina: 1+ assists?,,,finalized,2026-07-12T02:47:19Z,,,,,,,,,,,,,,2026-07-29T11:46:28Z
KXWCAST-26JUL11ARGSUI-ARGLMARTI6-1,KXWCAST-26JUL11ARGSUI,,Lisandro Martinez: 1+ assists?,,,finalized,2026-07-12T03:59:58Z,,,,,,,,,,,,,,2026-07-29T11:46:28Z
KXWCAST-26JUL11ARGSUI-ARGLPARED5-2,KXWCAST-26JUL11ARGSUI,,Leandro Paredes: 2+ assists?,,,finalized,2026-07-12T03:29:52Z,,,,,,,,,,,,,,2026-07-29T11:46:28Z
KXWCAST-26JUL11ARGSUI-ARGLPARED5-1,KXWCAST-26JUL11ARGSUI,,Leandro Paredes: 1+ assists?,,,finalized,2026-07-12T03:29:52Z,,,,,,,,,,,,,,2026-07-29T11:46:28Z
KXWCAST-26JUL11ARGSUI-ARGCROMER17-1,KXWCAST-26JUL11ARGSUI,,Cristian Romero: 1+ assists?,,,finalized,2026-07-12T03:25:21Z,,,,,,,,,,,,,,2026-07-29T11:46:28Z
KXWCAST-26JUL11NORENG-ENGNMADUE20-2,KXWCAST-26JUL11NORENG,,Noni Madueke: 2+ assists?,,,finalized,2026-07-11T22:07:21Z,,,,,,,,,,,,,,2026-07-29T11:46:28Z
KXWCAST-26JUL11NORENG-ENGNMADUE20-1,KXWCAST-26JUL11NORENG,,Noni Madueke: 1+ assists?,,,finalized,2026-07-11T22:07:21Z,,,,,,,,,,,,,,2026-07-29T11:46:28Z
KXWCAST-26JUL11NORENG-ENGNOREI33-2,KXWCAST-26JUL11NORENG,,Nico O'Reilly: 2+ assists?,,,finalized,2026-07-11T22:47:21Z,,,,,,,,,,,,,,2026-07-29T11:46:28Z
KXWCAST-26JUL11NORENG-ENGNOREI33-1,KXWCAST-26JUL11NORENG,,Nico O'Reilly: 1+ assists?,,,finalized,2026-07-11T22:47:21Z,,,,,,,,,,,,,,2026-07-29T11:46:28Z
KXWCAST-26JUL11NORENG-ENGMGUEHI15-1,KXWCAST-26JUL11NORENG,,Marc Guehi: 1+ assists?,,,finalized,2026-07-11T23:54:42Z,,,,,,,,,,,,,,2026-07-29T11:46:28Z
KXWCAST-26JUL11NORENG-ENGJSTONE5-1,KXWCAST-26JUL11NORENG,,John Stones: 1+ assists?,,,finalized,2026-07-11T23:54:42Z,,,,,,,,,,,,,,2026-07-29T11:46:28Z
KXWCAST-26JUL11NORENG-ENGEKONSA4-1,KXWCAST-26JUL11NORENG,,Ezri Konsa: 1+ assists?,,,finalized,2026-07-11T22:51:24Z,,,,,,,,,,,,,,2026-07-29T11:46:28Z
KXWCAST-26JUL11NORENG-ENGAGORDO10-2,KXWCAST-26JUL11NORENG,,Anthony Gordon: 2+ assists?,,,finalized,2026-07-11T22:33:21Z,,,,,,,,,,,,,,2026-07-29T11:46:28Z
KXWCAST-26JUL11NORENG-ENGAGORDO10-1,KXWCAST-26JUL11NORENG,,Anthony Gordon: 1+ assists?,,,finalized,2026-07-11T22:33:21Z,,,,,,,,,,,,,,2026-07-29T11:46:28Z
KXWCAST-26JUL11NORENG-NORTHEGGE14-1,KXWCAST-26JUL11NORENG,,Torbjorn Heggem: 1+ assists?,,,finalized,2026-07-11T23:05:23Z,,,,,,,,,,,,,,2026-07-29T11:46:28Z
KXWCAST-26JUL11NORENG-NORPBERG7-1,KXWCAST-26JUL11NORENG,,Patrick Berg: 1+ assists?,,,finalized,2026-07-11T23:54:41Z,,,,,,,,,,,,,,2026-07-29T11:46:28Z
KXWCAST-26JUL11NORENG-NORKAJER20-1,KXWCAST-26JUL11NORENG,,Kristoffer Ajer: 1+ assists?,,,finalized,2026-07-11T23:54:41Z,,,,,,,,,,,,,,2026-07-29T11:46:28Z
KXWCAST-26JUL11NORENG-NORJRYERS26-2,KXWCAST-26JUL11NORENG,,Julian Ryerson: 2+ assists?,,,finalized,2026-07-11T22:23:18Z,,,,,,,,,,,,,,2026-07-29T11:46:28Z
KXWCAST-26JUL11NORENG-NORJRYERS26-1,KXWCAST-26JUL11NORENG,,Julian Ryerson: 1+ assists?,,,finalized,2026-07-11T22:23:18Z,,,,,,,,,,,,,,2026-07-29T11:46:28Z
KXWCAST-26JUL11NORENG-NORDWOLFE6-1,KXWCAST-26JUL11NORENG,,David Moller Wolfe: 1+ assists?,,,finalized,2026-07-11T22:51:23Z,,,,,,,,,,,,,,2026-07-29T11:46:28Z
KXWCAST-26JUL11NORENG-NORASCHJE21-1,KXWCAST-26JUL11NORENG,,Andreas Schjelderup: 1+ assists?,,,finalized,2026-07-11T22:31:19Z,,,,,,,,,,,,,,2026-07-29T11:46:28Z
KXWCAST-26JUL11NORENG-NORASORLO9-1,KXWCAST-26JUL11NORENG,,Alexander Sorloth: 1+ assists?,,,finalized,2026-07-11T22:29:43Z,,,,,,,,,,,,,,2026-07-29T11:46:28Z
KXWCAST-26JUL14FRAESP-FRAODEMBE10-2,KXWCAST-26JUL14FRAESP,,Ousmane Dembele: 2+ assists?,,,finalized,2026-07-14T21:09:43Z,,,,,,,,,,,,,,2026-07-29T11:46:28Z
KXWCAST-26JUL14FRAESP-FRAODEMBE10-1,KXWCAST-26JUL14FRAESP,,Ousmane Dembele: 1+ assists?,,,finalized,2026-07-14T21:09:43Z,,,,,,,,,,,,,,2026-07-29T11:46:28Z
KXWCAST-26JUL14FRAESP-FRAMOLISE17-2,KXWCAST-26JUL14FRAESP,,Michael Olise: 2+ assists?,,,finalized,2026-07-14T20:33:22Z,,,,,,,,,,,,,,2026-07-29T11:46:28Z
KXWCAST-26JUL14FRAESP-FRAMOLISE17-1,KXWCAST-26JUL14FRAESP,,Michael Olise: 1+ assists?,,,finalized,2026-07-14T20:33:22Z,,,,,,,,,,,,,,2026-07-29T11:46:28Z
KXWCAST-26JUL14FRAESP-FRAKMBAPP10-2,KXWCAST-26JUL14FRAESP,,Kylian Mbappe: 2+ assists?,,,finalized,2026-07-14T21:09:43Z,,,,,,,,,,,,,,2026-07-29T11:46:28Z
KXWCAST-26JUL14FRAESP-FRAKMBAPP10-1,KXWCAST-26JUL14FRAESP,,Kylian Mbappe: 1+ assists?,,,finalized,2026-07-14T21:09:43Z,,,,,,,,,,,,,,2026-07-29T11:46:28Z
KXWCAST-26JUL14FRAESP-FRAJKOUND23-1,KXWCAST-26JUL14FRAESP,,Jules Kounde: 1+ assists?,,,finalized,2026-07-14T21:09:43Z,,,,,,,,,,,,,,2026-07-29T11:46:28Z
KXWCAST-26JUL14FRAESP-FRADDOUE14-2,KXWCAST-26JUL14FRAESP,,Desire Doue: 2+ assists?,,,finalized,2026-07-14T21:09:43Z,,,,,,,,,,,,,,2026-07-29T11:46:28Z
KXWCAST-26JUL14FRAESP-FRADDOUE14-1,KXWCAST-26JUL14FRAESP,,Desire Doue: 1+ assists?,,,finalized,2026-07-14T21:09:42Z,,,,,,,,,,,,,,2026-07-29T11:46:28Z
KXWCAST-26JUL14FRAESP-FRAATCHOU14-1,KXWCAST-26JUL14FRAESP,,Aurelien Tchouameni: 1+ assists?,,,finalized,2026-07-14T21:09:42Z,,,,,,,,,,,,,,2026-07-29T11:46:28Z
KXWCAST-26JUL14FRAESP-ESPRODR16-1,KXWCAST-26JUL14FRAESP,,Rodri: 1+ assists?,,,finalized,2026-07-14T21:09:44Z,,,,,,,,,,,,,,2026-07-29T11:46:28Z
KXWCAST-26JUL14FRAESP-ESPPEDR8-1,KXWCAST-26JUL14FRAESP,,Pedri: 1+ assists?,,,finalized,2026-07-14T21:09:44Z,,,,,,,,,,,,,,2026-07-29T11:46:28Z
KXWCAST-26JUL14FRAESP-ESPMOYARZ10-1,KXWCAST-26JUL14FRAESP,,Mikel Oyarzabal: 1+ assists?,,,finalized,2026-07-14T20:35:25Z,,,,,,,,,,,,,,2026-07-29T11:46:28Z
KXWCAST-26JUL14FRAESP-ESPMCUCUR3-1,KXWCAST-26JUL14FRAESP,,Marc Cucurella: 1+ assists?,,,finalized,2026-07-14T21:09:44Z,,,,,,,,,,,,,,2026-07-29T11:46:28Z
KXWCAST-26JUL14FRAESP-ESPLYAMAL10-2,KXWCAST-26JUL14FRAESP,,Lamine Yamal: 2+ assists?,,,finalized,2026-07-14T21:09:44Z,,,,,,,,,,,,,,2026-07-29T11:46:28Z
KXWCAST-26JUL14FRAESP-ESPLYAMAL10-1,KXWCAST-26JUL14FRAESP,,Lamine Yamal: 1+ assists?,,,finalized,2026-07-14T21:09:44Z,,,,,,,,,,,,,,2026-07-29T11:46:28Z
KXWCAST-26JUL14FRAESP-ESPDOLMO20-2,KXWCAST-26JUL14FRAESP,,Dani Olmo: 2+ assists?,,,finalized,2026-07-14T20:39:52Z,,,,,,,,,,,,,,2026-07-29T11:46:28Z
KXWCAST-26JUL14FRAESP-ESPDOLMO20-1,KXWCAST-26JUL14FRAESP,,Dani Olmo: 1+ assists?,,,finalized,2026-07-14T20:39:52Z,,,,,,,,,,,,,,2026-07-29T11:46:28Z
KXWCAST-26JUL10ESPBEL-BELTCASTA21-1,KXWCAST-26JUL10ESPBEL,,Timothy Castagne: 1+ assists?,,,finalized,2026-07-10T21:29:55Z,,,,,,,,,,,,,,2026-07-29T11:46:28Z
KXWCAST-26JUL10ESPBEL-BELNRASKI43-1,KXWCAST-26JUL10ESPBEL,,Nicolas Raskin: 1+ assists?,,,finalized,2026-07-10T21:29:55Z,,,,,,,,,,,,,,2026-07-29T11:46:28Z
KXWCAST-26JUL10ESPBEL-BELNNGOY3-1,KXWCAST-26JUL10ESPBEL,,Nathan Ngoy: 1+ assists?,,,finalized,2026-07-10T21:29:55Z,,,,,,,,,,,,,,2026-07-29T11:46:28Z
KXWCAST-26JUL10ESPBEL-BELMDECU29-1,KXWCAST-26JUL10ESPBEL,,Maxime De Cuyper: 1+ assists?,,,finalized,2026-07-10T20:23:22Z,,,,,,,,,,,,,,2026-07-29T11:46:28Z
KXWCAST-26JUL10ESPBEL-BELBMECHE44-1,KXWCAST-26JUL10ESPBEL,,Brandon Mechele: 1+ assists?,,,finalized,2026-07-10T21:29:55Z,,,,,,,,,,,,,,2026-07-29T11:46:28Z
KXWCAST-26JUL10ESPBEL-ESPPPORRO23-2,KXWCAST-26JUL10ESPBEL,,Pedro Porro: 2+ assists?,,,finalized,2026-07-10T21:29:55Z,,,,,,,,,,,,,,2026-07-29T11:46:28Z
KXWCAST-26JUL10ESPBEL-ESPPPORRO23-1,KXWCAST-26JUL10ESPBEL,,Pedro Porro: 1+ assists?,,,finalized,2026-07-10T21:29:55Z,,,,,,,,,,,,,,2026-07-29T11:46:28Z
KXWCAST-26JUL10ESPBEL-ESPPCUBAR5-1,KXWCAST-26JUL10ESPBEL,,Pau Cubarsi: 1+ assists?,,,finalized,2026-07-10T21:29:54Z,,,,,,,,,,,,,,2026-07-29T11:46:28Z
KXWCAST-26JUL10ESPBEL-ESPFRUIZ8-2,KXWCAST-26JUL10ESPBEL,,Fabian Ruiz: 2+ assists?,,,finalized,2026-07-10T20:18:20Z,,,,,,,,,,,,,,2026-07-29T11:46:28Z
KXWCAST-26JUL10ESPBEL-ESPFRUIZ8-1,KXWCAST-26JUL10ESPBEL,,Fabian Ruiz: 1+ assists?,,,finalized,2026-07-10T20:18:20Z,,,,,,,,,,,,,,2026-07-29T11:46:28Z
KXWCAST-26JUL10ESPBEL-ESPALAPOR14-1,KXWCAST-26JUL10ESPBEL,,Aymeric Laporte: 1+ assists?,,,finalized,2026-07-10T21:29:54Z,,,,,,,,,,,,,,2026-07-29T11:46:28Z
KXWCAST-26JUL10ESPBEL-ESPABAENA10-2,KXWCAST-26JUL10ESPBEL,,Alex Baena: 2+ assists?,,,finalized,2026-07-10T20:18:21Z,,,,,,,,,,,,,,2026-07-29T11:46:28Z
KXWCAST-26JUL10ESPBEL-ESPABAENA10-1,KXWCAST-26JUL10ESPBEL,,Alex Baena: 1+ assists?,,,finalized,2026-07-10T20:18:20Z,,,,,,,,,,,,,,2026-07-29T11:46:28Z
KXWCAST-26JUL10ESPBEL-ESPFTORRE7-1,KXWCAST-26JUL10ESPBEL,,Ferran Torres: 1+ assists?,,,finalized,2026-07-10T21:29:54Z,,,,,,,,,,,,,,2026-07-29T11:46:28Z
KXWCAST-26JUL09FRAMAR-MARNMAZRA3-1,KXWCAST-26JUL09FRAMAR,,Noussair Mazraoui: 1+ assists?,,,finalized,2026-07-09T22:09:51Z,,,,,,,,,,,,,,2026-07-29T11:46:28Z
KXWCAST-26JUL09FRAMAR-MARIDIOP31-1,KXWCAST-26JUL09FRAMAR,,Issa Diop: 1+ assists?,,,finalized,2026-07-09T22:09:51Z,,,,,,,,,,,,,,2026-07-29T11:46:28Z
KXWCAST-26JUL09FRAMAR-MARCTALBI7-1,KXWCAST-26JUL09FRAMAR,,Chemsdine Talbi: 1+ assists?,,,finalized,2026-07-09T21:49:47Z,,,,,,,,,,,,,,2026-07-29T11:46:28Z
KXWCAST-26JUL09FRAMAR-MARAOUNAH18-1,KXWCAST-26JUL09FRAMAR,,Azzedine Ounahi: 1+ assists?,,,finalized,2026-07-09T22:09:51Z,,,,,,,,,,,,,,2026-07-29T11:46:28Z
KXWCAST-26JUL09FRAMAR-MARASALAH34-1,KXWCAST-26JUL09FRAMAR,,Anass Salah-Eddine: 1+ assists?,,,finalized,2026-07-09T21:37:20Z,,,,,,,,,,,,,,2026-07-29T11:46:28Z
KXWCAST-26JUL09FRAMAR-FRAWSALIB2-1,KXWCAST-26JUL09FRAMAR,,William Saliba: 1+ assists?,,,finalized,2026-07-09T22:09:51Z,,,,,,,,,,,,,,2026-07-29T11:46:28Z
KXWCAST-26JUL09FRAMAR-FRAMKONE17-1,KXWCAST-26JUL09FRAMAR,,Manu Kone: 1+ assists?,,,finalized,2026-07-09T21:35:20Z,,,,,,,,,,,,,,2026-07-29T11:46:28Z
KXWCAST-26JUL09FRAMAR-FRALDIGNE12-1,KXWCAST-26JUL09FRAMAR,,Lucas Digne: 1+ assists?,,,finalized,2026-07-09T22:09:51Z,,,,,,,,,,,,,,2026-07-29T11:46:28Z
KXWCAST-26JUL09FRAMAR-FRADUPAME2-1,KXWCAST-26JUL09FRAMAR,,Dayot Upamecano: 1+ assists?,,,finalized,2026-07-09T22:09:50Z,,,,,,,,,,,,,,2026-07-29T11:46:28Z
KXWCAST-26JUL09FRAMAR-FRAARABIO12-1,KXWCAST-26JUL09FRAMAR,,Adrien Rabiot: 1+ assists?,,,finalized,2026-07-09T22:09:50Z,,,,,,,,,,,,,,2026-07-29T11:46:28Z
KXWCAST-26JUL10ESPBEL-BELKDEBR11-2,KXWCAST-26JUL10ESPBEL,,Kevin De Bruyne: 2+ assists?,,,finalized,2026-07-10T20:47:24Z,,,,,,,,,,,,,,2026-07-29T11:46:28Z
KXWCAST-26JUL11ARGSUI-SUIRVARGA11-1,KXWCAST-26JUL11ARGSUI,,Ruben Vargas: 1+ assists?,,,finalized,2026-07-12T03:59:58Z,,,,,,,,,,,,,,2026-07-29T11:46:28Z
KXWCAST-26JUL11ARGSUI-SUIRFREUL8-1,KXWCAST-26JUL11ARGSUI,,Remo Freuler: 1+ assists?,,,finalized,2026-07-12T03:35:22Z,,,,,,,,,,,,,,2026-07-29T11:46:28Z
KXWCAST-26JUL11ARGSUI-SUIMAKANJ25-1,KXWCAST-26JUL11ARGSUI,,Manuel Akanji: 1+ assists?,,,finalized,2026-07-12T03:59:58Z,,,,,,,,,,,,,,2026-07-29T11:46:28Z
KXWCAST-26JUL11ARGSUI-SUIGXHAKA34-1,KXWCAST-26JUL11ARGSUI,,Granit Xhaka: 1+ assists?,,,finalized,2026-07-12T03:59:58Z,,,,,,,,,,,,,,2026-07-29T11:46:28Z
KXWCAST-26JUL11ARGSUI-SUIBEMBOL7-1,KXWCAST-26JUL11ARGSUI,,Breel Embolo: 1+ assists?,,,finalized,2026-07-12T03:59:57Z,,,,,,,,,,,,,,2026-07-29T11:46:28Z
KXWCAST-26JUL11ARGSUI-ARGLMESSI10-2,KXWCAST-26JUL11ARGSUI,,Lionel Messi: 2+ assists?,,,finalized,2026-07-12T03:59:57Z,,,,,,,,,,,,,,2026-07-29T11:46:28Z
KXWCAST-26JUL11ARGSUI-ARGLMESSI10-1,KXWCAST-26JUL11ARGSUI,,Lionel Messi: 1+ assists?,,,finalized,2026-07-12T03:59:57Z,,,,,,,,,,,,,,2026-07-29T11:46:28Z
KXWCAST-26JUL11ARGSUI-ARGLMARTI10-1,KXWCAST-26JUL11ARGSUI,,Lautaro Martinez: 1+ assists?,,,finalized,2026-07-12T03:59:57Z,,,,,,,,,,,,,,2026-07-29T11:46:28Z
KXWCAST-26JUL11ARGSUI-ARGJALVAR19-2,KXWCAST-26JUL11ARGSUI,,Julian Alvarez: 2+ assists?,,,finalized,2026-07-12T03:59:57Z,,,,,,,,,,,,,,2026-07-29T11:46:28Z
KXWCAST-26JUL11ARGSUI-ARGJALVAR19-1,KXWCAST-26JUL11ARGSUI,,Julian Alvarez: 1+ assists?,,,finalized,2026-07-12T03:59:57Z,,,,,,,,,,,,,,2026-07-29T11:46:28Z
KXWCAST-26JUL11ARGSUI-ARGEFERNA8-1,KXWCAST-26JUL11ARGSUI,,Enzo Fernandez: 1+ assists?,,,finalized,2026-07-12T03:05:21Z,,,,,,,,,,,,,,2026-07-29T11:46:28Z
KXWCAST-26JUL11ARGSUI-ARGAMACA10-1,KXWCAST-26JUL11ARGSUI,,Alexis Mac Allister: 1+ assists?,,,finalized,2026-07-12T03:59:56Z,,,,,,,,,,,,,,2026-07-29T11:46:28Z
KXWCAST-26JUL10ESPBEL-ESPRODR16-2,KXWCAST-26JUL10ESPBEL,,Rodri: 2+ assists?,,,finalized,2026-07-10T21:29:54Z,,,,,,,,,,,,,,2026-07-29T11:46:28Z
KXWCAST-26JUL07SUICOL-COLJMOJIC22-2,KXWCAST-26JUL07SUICOL,,Johan Mojica: 2+ assists?,,,finalized,2026-07-07T23:09:43Z,,,,,,,,,,,,,,2026-07-29T11:46:28Z
KXWCAST-26JUL07SUICOL-COLJMOJIC22-1,KXWCAST-26JUL07SUICOL,,Johan Mojica: 1+ assists?,,,finalized,2026-07-07T23:09:43Z,,,,,,,,,,,,,,2026-07-29T11:46:28Z
KXWCAST-26JUL07SUICOL-COLJLUCUM26-1,KXWCAST-26JUL07SUICOL,,Jhon Lucumi: 1+ assists?,,,finalized,2026-07-07T22:33:23Z,,,,,,,,,,,,,,2026-07-29T11:46:28Z
KXWCAST-26JUL07SUICOL-COLJARIAS11-2,KXWCAST-26JUL07SUICOL,,Jhon Arias: 2+ assists?,,,finalized,2026-07-07T21:25:19Z,,,,,,,,,,,,,,2026-07-29T11:46:28Z
KXWCAST-26JUL07SUICOL-COLJARIAS11-1,KXWCAST-26JUL07SUICOL,,Jhon Arias: 1+ assists?,,,finalized,2026-07-07T21:25:19Z,,,,,,,,,,,,,,2026-07-29T11:46:28Z
KXWCAST-26JUL07SUICOL-COLGPUERT14-1,KXWCAST-26JUL07SUICOL,,Gustavo Puerta: 1+ assists?,,,finalized,2026-07-07T23:09:42Z,,,,,,,,,,,,,,2026-07-29T11:46:28Z
KXWCAST-26JUL07SUICOL-COLDSANCH6-1,KXWCAST-26JUL07SUICOL,,Davinson Sanchez: 1+ assists?,,,finalized,2026-07-07T23:09:42Z,,,,,,,,,,,,,,2026-07-29T11:46:28Z
KXWCAST-26JUL07SUICOL-SUIRRODRI12-1,KXWCAST-26JUL07SUICOL,,Ricardo Rodriguez: 1+ assists?,,,finalized,2026-07-07T21:29:48Z,,,,,,,,,,,,,,2026-07-29T11:46:28Z
KXWCAST-26JUL07SUICOL-SUINELVED30-1,KXWCAST-26JUL07SUICOL,,Nico Elvedi: 1+ assists?,,,finalized,2026-07-07T23:09:42Z,,,,,,,,,,,,,,2026-07-29T11:46:28Z
KXWCAST-26JUL07SUICOL-SUIFRIEDE32-1,KXWCAST-26JUL07SUICOL,,Fabian Rieder: 1+ assists?,,,finalized,2026-07-07T22:13:22Z,,,,,,,,,,,,,,2026-07-29T11:46:28Z
KXWCAST-26JUL07SUICOL-SUIDZAKAR6-1,KXWCAST-26JUL07SUICOL,,Denis Zakaria: 1+ assists?,,,finalized,2026-07-07T21:45:27Z,,,,,,,,,,,,,,2026-07-29T11:46:28Z
KXWCAST-26JUL07SUICOL-SUIDNDOYE14-1,KXWCAST-26JUL07SUICOL,,Dan Ndoye: 1+ assists?,,,finalized,2026-07-07T21:51:22Z,,,,,,,,,,,,,,2026-07-29T11:46:28Z
KXWCAST-26JUL07SUICOL-SUIAJASHA30-1,KXWCAST-26JUL07SUICOL,,Ardon Jashari: 1+ assists?,,,finalized,2026-07-07T21:05:17Z,,,,,,,,,,,,,,2026-07-29T11:46:28Z
KXWCAST-26JUL07ARGEGY-EGYYELHA2-1,KXWCAST-26JUL07ARGEGY,,Yasser El Hanafi: 1+ assists?,,,finalized,2026-07-07T18:34:34Z,,,,,,,,,,,,,,2026-07-29T11:46:28Z
KXWCAST-26JUL07ARGEGY-EGYMZAKI11-1,KXWCAST-26JUL07ARGEGY,,Mostafa Mohamed Zaki Abdelraouf: 1+ assists?,,,finalized,2026-07-07T17:45:22Z,,,,,,,,,,,,,,2026-07-29T11:46:28Z
KXWCAST-26JUL07ARGEGY-EGYMATTIA19-1,KXWCAST-26JUL07ARGEGY,,Marwan Attia: 1+ assists?,,,finalized,2026-07-07T18:34:34Z,,,,,,,,,,,,,,2026-07-29T11:46:28Z
KXWCAST-26JUL07ARGEGY-EGYKHAFEZ15-1,KXWCAST-26JUL07ARGEGY,,Karim Hafez: 1+ assists?,,,finalized,2026-07-07T18:34:34Z,,,,,,,,,,,,,,2026-07-29T11:46:28Z
KXWCAST-26JUL07ARGEGY-EGYHHASSA10-1,KXWCAST-26JUL07ARGEGY,,Haissem Hassan: 1+ assists?,,,finalized,2026-07-07T17:41:26Z,,,,,,,,,,,,,,2026-07-29T11:46:28Z
KXWCAST-26JUL07ARGEGY-EGYEASHOU8-1,KXWCAST-26JUL07ARGEGY,,Eman Ashour: 1+ assists?,,,finalized,2026-07-07T17:09:51Z,,,,,,,,,,,,,,2026-07-29T11:46:28Z
KXWCAST-26JUL07ARGEGY-ARGRDEPA7-2,KXWCAST-26JUL07ARGEGY,,Rodrigo De Paul: 2+ assists?,,,finalized,2026-07-07T17:29:49Z,,,,,,,,,,,,,,2026-07-29T11:46:28Z
KXWCAST-26JUL07ARGEGY-ARGRDEPA7-1,KXWCAST-26JUL07ARGEGY,,Rodrigo De Paul: 1+ assists?,,,finalized,2026-07-07T17:29:49Z,,,,,,,,,,,,,,2026-07-29T11:46:28Z
KXWCAST-26JUL07ARGEGY-ARGNTAGLI3-1,KXWCAST-26JUL07ARGEGY,,Nicolas Tagliafico: 1+ assists?,,,finalized,2026-07-07T17:29:48Z,,,,,,,,,,,,,,2026-07-29T11:46:28Z
KXWCAST-26JUL07ARGEGY-ARGNMOLIN16-2,KXWCAST-26JUL07ARGEGY,,Nahuel Molina: 2+ assists?,,,finalized,2026-07-07T17:41:25Z,,,,,,,,,,,,,,2026-07-29T11:46:28Z
KXWCAST-26JUL07ARGEGY-ARGNMOLIN16-1,KXWCAST-26JUL07ARGEGY,,Nahuel Molina: 1+ assists?,,,finalized,2026-07-07T17:41:25Z,,,,,,,,,,,,,,2026-07-29T11:46:28Z
KXWCAST-26JUL07ARGEGY-ARGLMARTI6-1,KXWCAST-26JUL07ARGEGY,,Lisandro Martinez: 1+ assists?,,,finalized,2026-07-07T18:34:33Z,,,,,,,,,,,,,,2026-07-29T11:46:28Z
KXWCAST-26JUL07ARGEGY-ARGLPARED5-2,KXWCAST-26JUL07ARGEGY,,Leandro Paredes: 2+ assists?,,,finalized,2026-07-07T18:34:33Z,,,,,,,,,,,,,,2026-07-29T11:46:28Z
KXWCAST-26JUL07ARGEGY-ARGLPARED5-1,KXWCAST-26JUL07ARGEGY,,Leandro Paredes: 1+ assists?,,,finalized,2026-07-07T18:34:33Z,,,,,,,,,,,,,,2026-07-29T11:46:28Z
KXWCAST-26JUL07ARGEGY-ARGCROMER17-1,KXWCAST-26JUL07ARGEGY,,Cristian Romero: 1+ assists?,,,finalized,2026-07-07T18:00:04Z,,,,,,,,,,,,,,2026-07-29T11:46:28Z
KXWCAST-26JUL10ESPBEL-ESPRODR16-1,KXWCAST-26JUL10ESPBEL,,Rodri: 1+ assists?,,,finalized,2026-07-10T21:29:53Z,,,,,,,,,,,,,,2026-07-29T11:46:28Z
KXWCAST-26JUL10ESPBEL-ESPPEDR8-2,KXWCAST-26JUL10ESPBEL,,Pedri: 2+ assists?,,,finalized,2026-07-10T21:29:53Z,,,,,,,,,,,,,,2026-07-29T11:46:28Z
KXWCAST-26JUL10ESPBEL-ESPPEDR8-1,KXWCAST-26JUL10ESPBEL,,Pedri: 1+ assists?,,,finalized,2026-07-10T21:29:52Z,,,,,,,,,,,,,,2026-07-29T11:46:28Z
KXWCAST-26JUL10ESPBEL-ESPMOYARZ10-2,KXWCAST-26JUL10ESPBEL,,Mikel Oyarzabal: 2+ assists?,,,finalized,2026-07-10T20:41:20Z,,,,,,,,,,,,,,2026-07-29T11:46:28Z
KXWCAST-26JUL10ESPBEL-ESPMOYARZ10-1,KXWCAST-26JUL10ESPBEL,,Mikel Oyarzabal: 1+ assists?,,,finalized,2026-07-10T20:41:20Z,,,,,,,,,,,,,,2026-07-29T11:46:28Z
KXWCAST-26JUL10ESPBEL-ESPMCUCUR3-1,KXWCAST-26JUL10ESPBEL,,Marc Cucurella: 1+ assists?,,,finalized,2026-07-10T21:29:52Z,,,,,,,,,,,,,,2026-07-29T11:46:28Z
KXWCAST-26JUL10ESPBEL-ESPLYAMAL10-2,KXWCAST-26JUL10ESPBEL,,Lamine Yamal: 2+ assists?,,,finalized,2026-07-10T21:29:52Z,,,,,,,,,,,,,,2026-07-29T11:46:28Z
KXWCAST-26JUL10ESPBEL-ESPLYAMAL10-1,KXWCAST-26JUL10ESPBEL,,Lamine Yamal: 1+ assists?,,,finalized,2026-07-10T21:29:52Z,,,,,,,,,,,,,,2026-07-29T11:46:28Z
KXWCAST-26JUL10ESPBEL-ESPDOLMO20-2,KXWCAST-26JUL10ESPBEL,,Dani Olmo: 2+ assists?,,,finalized,2026-07-10T20:47:22Z,,,,,,,,,,,,,,2026-07-29T11:46:28Z
KXWCAST-26JUL10ESPBEL-ESPDOLMO20-1,KXWCAST-26JUL10ESPBEL,,Dani Olmo: 1+ assists?,,,finalized,2026-07-10T20:47:22Z,,,,,,,,,,,,,,2026-07-29T11:46:28Z
KXWCAST-26JUL10ESPBEL-BELYTIELE8-1,KXWCAST-26JUL10ESPBEL,,Youri Tielemans: 1+ assists?,,,finalized,2026-07-10T21:33:04Z,,,,,,,,,,,,,,2026-07-29T11:46:28Z
KXWCAST-26JUL10ESPBEL-BELRLUKAK9-1,KXWCAST-26JUL10ESPBEL,,Romelu Lukaku: 1+ assists?,,,finalized,2026-07-10T21:29:53Z,,,,,,,,,,,,,,2026-07-29T11:46:28Z
KXWCAST-26JUL10ESPBEL-BELLTROSS19-1,KXWCAST-26JUL10ESPBEL,,Leandro Trossard: 1+ assists?,,,finalized,2026-07-10T20:21:21Z,,,,,,,,,,,,,,2026-07-29T11:46:28Z
KXWCAST-26JUL10ESPBEL-BELKDEBR11-1,KXWCAST-26JUL10ESPBEL,,Kevin De Bruyne: 1+ assists?,,,finalized,2026-07-10T20:47:24Z,,,,,,,,,,,,,,2026-07-29T11:46:28Z
KXWCAST-26JUL10ESPBEL-BELJDOKU11-1,KXWCAST-26JUL10ESPBEL,,Jeremy Doku: 1+ assists?,,,finalized,2026-07-10T21:29:53Z,,,,,,,,,,,,,,2026-07-29T11:46:28Z
KXWCAST-26JUL10ESPBEL-BELCDEKE17-1,KXWCAST-26JUL10ESPBEL,,Charles De Ketelaere: 1+ assists?,,,finalized,2026-07-10T21:29:53Z,,,,,,,,,,,,,,2026-07-29T11:46:28Z
KXWCAST-26JUL07ARGEGY-ARGAMACA10-2,KXWCAST-26JUL07ARGEGY,,Alexis Mac Allister: 2+ assists?,,,finalized,2026-07-07T18:34:33Z,,,,,,,,,,,,,,2026-07-29T11:46:28Z
KXWCAST-26JUL06USABEL-BELTCASTA21-1,KXWCAST-26JUL06USABEL,,Timothy Castagne: 1+ assists?,,,finalized,2026-07-07T02:14:35Z,,,,,,,,,,,,,,2026-07-29T11:46:28Z
KXWCAST-26JUL06USABEL-BELNRASKI43-1,KXWCAST-26JUL06USABEL,,Nicolas Raskin: 1+ assists?,,,finalized,2026-07-07T01:53:25Z,,,,,,,,,,,,,,2026-07-29T11:46:28Z
KXWCAST-26JUL06USABEL-BELNNGOY3-1,KXWCAST-26JUL06USABEL,,Nathan Ngoy: 1+ assists?,,,finalized,2026-07-07T02:14:35Z,,,,,,,,,,,,,,2026-07-29T11:46:28Z
KXWCAST-26JUL06USABEL-BELMDECU29-2,KXWCAST-26JUL06USABEL,,Maxime De Cuyper: 2+ assists?,,,finalized,2026-07-07T02:14:35Z,,,,,,,,,,,,,,2026-07-29T11:46:28Z
KXWCAST-26JUL06USABEL-BELMDECU29-1,KXWCAST-26JUL06USABEL,,Maxime De Cuyper: 1+ assists?,,,finalized,2026-07-07T02:14:35Z,,,,,,,,,,,,,,2026-07-29T11:46:28Z
KXWCAST-26JUL06USABEL-BELDLUKEB11-2,KXWCAST-26JUL06USABEL,,Dodi Lukebakio: 2+ assists?,,,finalized,2026-07-07T01:31:20Z,,,,,,,,,,,,,,2026-07-29T11:46:28Z
KXWCAST-26JUL06USABEL-BELDLUKEB11-1,KXWCAST-26JUL06USABEL,,Dodi Lukebakio: 1+ assists?,,,finalized,2026-07-07T01:31:20Z,,,,,,,,,,,,,,2026-07-29T11:46:28Z
KXWCAST-26JUL06USABEL-BELBMECHE44-1,KXWCAST-26JUL06USABEL,,Brandon Mechele: 1+ assists?,,,finalized,2026-07-07T02:14:35Z,,,,,,,,,,,,,,2026-07-29T11:46:28Z
KXWCAST-26JUL06USABEL-BELAONANA24-1,KXWCAST-26JUL06USABEL,,Amadou Onana: 1+ assists?,,,finalized,2026-07-07T00:21:21Z,,,,,,,,,,,,,,2026-07-29T11:46:28Z
KXWCAST-26JUL06USABEL-USATADAMS12-1,KXWCAST-26JUL06USABEL,,Tyler Adams: 1+ assists?,,,finalized,2026-07-07T01:35:21Z,,,,,,,,,,,,,,2026-07-29T11:46:28Z
KXWCAST-26JUL06USABEL-USATREAM3-1,KXWCAST-26JUL06USABEL,,Tim Ream: 1+ assists?,,,finalized,2026-07-07T02:14:34Z,,,,,,,,,,,,,,2026-07-29T11:46:28Z
KXWCAST-26JUL06USABEL-USAMTILLM10-2,KXWCAST-26JUL06USABEL,,Malik Tillman: 2+ assists?,,,finalized,2026-07-07T02:14:34Z,,,,,,,,,,,,,,2026-07-29T11:46:28Z
KXWCAST-26JUL06USABEL-USAMTILLM10-1,KXWCAST-26JUL06USABEL,,Malik Tillman: 1+ assists?,,,finalized,2026-07-07T02:14:34Z,,,,,,,,,,,,,,2026-07-29T11:46:28Z
KXWCAST-26JUL06USABEL-USACRICHA26-1,KXWCAST-26JUL06USABEL,,Chris Richards: 1+ assists?,,,finalized,2026-07-07T02:14:34Z,,,,,,,,,,,,,,2026-07-29T11:46:28Z
KXWCAST-26JUL11NORENG-NORSBERGE16-1,KXWCAST-26JUL11NORENG,,Sander Berge: 1+ assists?,,,finalized,2026-07-11T23:54:39Z,,,,,,,,,,,,,,2026-07-29T11:46:28Z
KXWCAST-26JUL11NORENG-NORMODEGA8-2,KXWCAST-26JUL11NORENG,,Martin Odegaard: 2+ assists?,,,finalized,2026-07-11T23:54:39Z,,,,,,,,,,,,,,2026-07-29T11:46:28Z
KXWCAST-26JUL11NORENG-NORMODEGA8-1,KXWCAST-26JUL11NORENG,,Martin Odegaard: 1+ assists?,,,finalized,2026-07-11T23:54:39Z,,,,,,,,,,,,,,2026-07-29T11:46:28Z
KXWCAST-26JUL11NORENG-NORFAURSN8-1,KXWCAST-26JUL11NORENG,,Fredrik Aursnes: 1+ assists?,,,finalized,2026-07-11T23:54:39Z,,,,,,,,,,,,,,2026-07-29T11:46:28Z
KXWCAST-26JUL11NORENG-NOREHAALA9-1,KXWCAST-26JUL11NORENG,,Erling Haaland: 1+ assists?,,,finalized,2026-07-11T23:27:27Z,,,,,,,,,,,,,,2026-07-29T11:46:28Z
KXWCAST-26JUL11NORENG-NORANUSA7-1,KXWCAST-26JUL11NORENG,,Antonio Nusa: 1+ assists?,,,finalized,2026-07-11T23:54:39Z,,,,,,,,,,,,,,2026-07-29T11:46:28Z
KXWCAST-26JUL11NORENG-ENGJBELLI5-2,KXWCAST-26JUL11NORENG,,Jude Bellingham: 2+ assists?,,,finalized,2026-07-11T23:35:20Z,,,,,,,,,,,,,,2026-07-29T11:46:28Z
KXWCAST-26JUL11NORENG-ENGJBELLI5-1,KXWCAST-26JUL11NORENG,,Jude Bellingham: 1+ assists?,,,finalized,2026-07-11T23:35:20Z,,,,,,,,,,,,,,2026-07-29T11:46:28Z
KXWCAST-26JUL11NORENG-ENGHKANE9-2,KXWCAST-26JUL11NORENG,,Harry Kane: 2+ assists?,,,finalized,2026-07-11T23:54:40Z,,,,,,,,,,,,,,2026-07-29T11:46:28Z
KXWCAST-26JUL11NORENG-ENGHKANE9-1,KXWCAST-26JUL11NORENG,,Harry Kane: 1+ assists?,,,finalized,2026-07-11T23:54:40Z,,,,,,,,,,,,,,2026-07-29T11:46:28Z
KXWCAST-26JUL11NORENG-ENGEANDER8-2,KXWCAST-26JUL11NORENG,,Elliot Anderson: 2+ assists?,,,finalized,2026-07-11T23:54:40Z,,,,,,,,,,,,,,2026-07-29T11:46:28Z
KXWCAST-26JUL11NORENG-ENGEANDER8-1,KXWCAST-26JUL11NORENG,,Elliot Anderson: 1+ assists?,,,finalized,2026-07-11T23:54:40Z,,,,,,,,,,,,,,2026-07-29T11:46:28Z
KXWCAST-26JUL11NORENG-ENGDRICE41-2,KXWCAST-26JUL11NORENG,,Declan Rice: 2+ assists?,,,finalized,2026-07-11T22:07:20Z,,,,,,,,,,,,,,2026-07-29T11:46:28Z
KXWCAST-26JUL11NORENG-ENGDRICE41-1,KXWCAST-26JUL11NORENG,,Declan Rice: 1+ assists?,,,finalized,2026-07-11T22:07:20Z,,,,,,,,,,,,,,2026-07-29T11:46:28Z
KXWCAST-26JUL06PORESP-ESPPPORRO23-2,KXWCAST-26JUL06PORESP,,Pedro Porro: 2+ assists?,,,finalized,2026-07-06T21:10:36Z,,,,,,,,,,,,,,2026-07-29T11:46:28Z
KXWCAST-26JUL06PORESP-ESPPPORRO23-1,KXWCAST-26JUL06PORESP,,Pedro Porro: 1+ assists?,,,finalized,2026-07-06T21:10:36Z,,,,,,,,,,,,,,2026-07-29T11:46:28Z
KXWCAST-26JUL06PORESP-ESPPCUBAR5-1,KXWCAST-26JUL06PORESP,,Pau Cubarsi: 1+ assists?,,,finalized,2026-07-06T21:10:35Z,,,,,,,,,,,,,,2026-07-29T11:46:28Z
KXWCAST-26JUL06PORESP-ESPALAPOR14-1,KXWCAST-26JUL06PORESP,,Aymeric Laporte: 1+ assists?,,,finalized,2026-07-06T21:10:35Z,,,,,,,,,,,,,,2026-07-29T11:46:28Z
KXWCAST-26JUL06PORESP-ESPABAENA10-2,KXWCAST-26JUL06PORESP,,Alex Baena: 2+ assists?,,,finalized,2026-07-06T20:36:45Z,,,,,,,,,,,,,,2026-07-29T11:46:28Z
KXWCAST-26JUL06PORESP-ESPABAENA10-1,KXWCAST-26JUL06PORESP,,Alex Baena: 1+ assists?,,,finalized,2026-07-06T20:36:45Z,,,,,,,,,,,,,,2026-07-29T11:46:28Z
KXWCAST-26JUL06PORESP-PORRVEIGA12-1,KXWCAST-26JUL06PORESP,,Renato Veiga: 1+ assists?,,,finalized,2026-07-06T21:10:35Z,,,,,,,,,,,,,,2026-07-29T11:46:28Z
KXWCAST-26JUL06PORESP-PORPNETO7-1,KXWCAST-26JUL06PORESP,,Pedro Neto: 1+ assists?,,,finalized,2026-07-06T20:45:24Z,,,,,,,,,,,,,,2026-07-29T11:46:28Z
KXWCAST-26JUL06PORESP-PORJFELIX79-1,KXWCAST-26JUL06PORESP,,Joao Felix: 1+ assists?,,,finalized,2026-07-06T20:33:20Z,,,,,,,,,,,,,,2026-07-29T11:46:28Z
KXWCAST-26JUL06PORESP-PORJCANCE20-1,KXWCAST-26JUL06PORESP,,Joao Cancelo: 1+ assists?,,,finalized,2026-07-06T20:33:19Z,,,,,,,,,,,,,,2026-07-29T11:46:28Z
KXWCAST-26JUL05MEXENG-ENGNOREI33-1,KXWCAST-26JUL05MEXENG,,Nico O'Reilly: 1+ assists?,,,finalized,2026-07-06T02:37:20Z,,,,,,,,,,,,,,2026-07-29T11:46:28Z
KXWCAST-26JUL05MEXENG-ENGMGUEHI15-1,KXWCAST-26JUL05MEXENG,,Marc Guehi: 1+ assists?,,,finalized,2026-07-06T03:14:34Z,,,,,,,,,,,,,,2026-07-29T11:46:28Z
KXWCAST-26JUL05MEXENG-ENGJQUANS4-1,KXWCAST-26JUL05MEXENG,,Jarell Quansah: 1+ assists?,,,finalized,2026-07-06T03:14:34Z,,,,,,,,,,,,,,2026-07-29T11:46:28Z
KXWCAST-26JUL05MEXENG-ENGEKONSA4-1,KXWCAST-26JUL05MEXENG,,Ezri Konsa: 1+ assists?,,,finalized,2026-07-06T03:14:34Z,,,,,,,,,,,,,,2026-07-29T11:46:28Z
KXWCAST-26JUL05MEXENG-ENGBSAKA7-2,KXWCAST-26JUL05MEXENG,,Bukayo Saka: 2+ assists?,,,finalized,2026-07-06T02:20:12Z,,,,,,,,,,,,,,2026-07-29T11:46:28Z
KXWCAST-26JUL05MEXENG-ENGBSAKA7-1,KXWCAST-26JUL05MEXENG,,Bukayo Saka: 1+ assists?,,,finalized,2026-07-06T02:20:12Z,,,,,,,,,,,,,,2026-07-29T11:46:28Z
KXWCAST-26JUL05MEXENG-ENGAGORDO10-1,KXWCAST-26JUL05MEXENG,,Anthony Gordon: 1+ assists?,,,finalized,2026-07-06T03:14:34Z,,,,,,,,,,,,,,2026-07-29T11:46:28Z
KXWCAST-26JUL05MEXENG-MEXJSANCH2-1,KXWCAST-26JUL05MEXENG,,Jorge Sanchez: 1+ assists?,,,finalized,2026-07-06T02:41:21Z,,,,,,,,,,,,,,2026-07-29T11:46:28Z
KXWCAST-26JUL05MEXENG-MEXJVASQU22-1,KXWCAST-26JUL05MEXENG,,Johan Vasquez: 1+ assists?,,,finalized,2026-07-06T03:14:34Z,,,,,,,,,,,,,,2026-07-29T11:46:28Z
KXWCAST-26JUL05MEXENG-MEXJGALLA23-1,KXWCAST-26JUL05MEXENG,,Jesus Gallardo: 1+ assists?,,,finalized,2026-07-06T03:14:33Z,,,,,,,,,,,,,,2026-07-29T11:46:28Z
KXWCAST-26JUL05MEXENG-MEXGMORA19-1,KXWCAST-26JUL05MEXENG,,Gilberto Mora: 1+ assists?,,,finalized,2026-07-06T02:23:22Z,,,,,,,,,,,,,,2026-07-29T11:46:28Z
KXWCAST-26JUL05MEXENG-MEXELIRA6-1,KXWCAST-26JUL05MEXENG,,Erik Lira: 1+ assists?,,,finalized,2026-07-06T03:14:33Z,,,,,,,,,,,,,,2026-07-29T11:46:28Z
KXWCAST-26JUL05MEXENG-MEXCMONTE3-1,KXWCAST-26JUL05MEXENG,,Cesar Montes: 1+ assists?,,,finalized,2026-07-06T02:07:20Z,,,,,,,,,,,,,,2026-07-29T11:46:28Z
KXWCAST-26JUL05BRANOR-NORTHEGGE14-1,KXWCAST-26JUL05BRANOR,,Torbjorn Heggem: 1+ assists?,,,finalized,2026-07-05T22:20:03Z,,,,,,,,,,,,,,2026-07-29T11:46:28Z
KXWCAST-26JUL05BRANOR-NORPBERG7-1,KXWCAST-26JUL05BRANOR,,Patrick Berg: 1+ assists?,,,finalized,2026-07-05T22:20:03Z,,,,,,,,,,,,,,2026-07-29T11:46:28Z
KXWCAST-26JUL05BRANOR-NORKAJER20-1,KXWCAST-26JUL05BRANOR,,Kristoffer Ajer: 1+ assists?,,,finalized,2026-07-05T22:20:02Z,,,,,,,,,,,,,,2026-07-29T11:46:28Z
KXWCAST-26JUL05BRANOR-NORJRYERS26-2,KXWCAST-26JUL05BRANOR,,Julian Ryerson: 2+ assists?,,,finalized,2026-07-05T21:25:25Z,,,,,,,,,,,,,,2026-07-29T11:46:28Z
KXWCAST-26JUL05BRANOR-NORJRYERS26-1,KXWCAST-26JUL05BRANOR,,Julian Ryerson: 1+ assists?,,,finalized,2026-07-05T21:25:25Z,,,,,,,,,,,,,,2026-07-29T11:46:28Z
KXWCAST-26JUL05BRANOR-NORDWOLFE6-1,KXWCAST-26JUL05BRANOR,,David Moller Wolfe: 1+ assists?,,,finalized,2026-07-05T21:57:22Z,,,,,,,,,,,,,,2026-07-29T11:46:28Z
KXWCAST-26JUL05BRANOR-NORASORLO9-1,KXWCAST-26JUL05BRANOR,,Alexander Sorloth: 1+ assists?,,,finalized,2026-07-05T21:07:19Z,,,,,,,,,,,,,,2026-07-29T11:46:28Z
KXWCAST-26JUL05BRANOR-BRARAYA37-2,KXWCAST-26JUL05BRANOR,,Rayan: 2+ assists?,,,finalized,2026-07-05T21:29:58Z,,,,,,,,,,,,,,2026-07-29T11:46:28Z
KXWCAST-26JUL05BRANOR-BRARAYA37-1,KXWCAST-26JUL05BRANOR,,Rayan: 1+ assists?,,,finalized,2026-07-05T21:29:58Z,,,,,,,,,,,,,,2026-07-29T11:46:28Z
KXWCAST-26JUL05BRANOR-BRAGMARTI11-2,KXWCAST-26JUL05BRANOR,,Gabriel Martinelli: 2+ assists?,,,finalized,2026-07-05T21:29:58Z,,,,,,,,,,,,,,2026-07-29T11:46:28Z
KXWCAST-26JUL05BRANOR-BRAGMARTI11-1,KXWCAST-26JUL05BRANOR,,Gabriel Martinelli: 1+ assists?,,,finalized,2026-07-05T21:29:57Z,,,,,,,,,,,,,,2026-07-29T11:46:28Z
KXWCAST-26JUL05BRANOR-BRADANI13-1,KXWCAST-26JUL05BRANOR,,Danilo: 1+ assists?,,,finalized,2026-07-05T22:20:01Z,,,,,,,,,,,,,,2026-07-29T11:46:28Z
KXWCAST-26JUL06USABEL-USAFBALOG9-1,KXWCAST-26JUL06USABEL,,Folarin Balogun: 1+ assists?,,,finalized,2026-07-07T01:57:18Z,,,,,,,,,,,,,,2026-07-29T11:46:28Z
KXWCAST-26JUL09FRAMAR-MARNELAY8-1,KXWCAST-26JUL09FRAMAR,,Neil El Aynaoui: 1+ assists?,,,finalized,2026-07-09T22:09:50Z,,,,,,,,,,,,,,2026-07-29T11:46:28Z
KXWCAST-26JUL09FRAMAR-MARCRIAD34-1,KXWCAST-26JUL09FRAMAR,,Chadi Riad: 1+ assists?,,,finalized,2026-07-09T22:44:32Z,,,,,,,,,,,,,,2026-07-29T11:46:28Z
KXWCAST-26JUL09FRAMAR-MARBELKH11-1,KXWCAST-26JUL09FRAMAR,,Bilal El Khannouss: 1+ assists?,,,finalized,2026-07-09T21:25:19Z,,,,,,,,,,,,,,2026-07-29T11:46:28Z
KXWCAST-26JUL09FRAMAR-MARBDIAZ21-1,KXWCAST-26JUL09FRAMAR,,Brahim Diaz: 1+ assists?,,,finalized,2026-07-09T21:39:47Z,,,,,,,,,,,,,,2026-07-29T11:46:28Z
KXWCAST-26JUL09FRAMAR-MARAHAKIM2-1,KXWCAST-26JUL09FRAMAR,,Achraf Hakimi: 1+ assists?,,,finalized,2026-07-09T22:09:50Z,,,,,,,,,,,,,,2026-07-29T11:46:28Z
KXWCAST-26JUL09FRAMAR-MARABOUAD32-1,KXWCAST-26JUL09FRAMAR,,Ayyoub Bouaddi: 1+ assists?,,,finalized,2026-07-09T21:25:19Z,,,,,,,,,,,,,,2026-07-29T11:46:28Z
KXWCAST-26JUL09FRAMAR-FRAODEMBE10-2,KXWCAST-26JUL09FRAMAR,,Ousmane Dembele: 2+ assists?,,,finalized,2026-07-09T22:09:50Z,,,,,,,,,,,,,,2026-07-29T11:46:28Z
KXWCAST-26JUL09FRAMAR-FRAODEMBE10-1,KXWCAST-26JUL09FRAMAR,,Ousmane Dembele: 1+ assists?,,,finalized,2026-07-09T22:09:49Z,,,,,,,,,,,,,,2026-07-29T11:46:28Z
KXWCAST-26JUL09FRAMAR-FRAMOLISE17-2,KXWCAST-26JUL09FRAMAR,,Michael Olise: 2+ assists?,,,finalized,2026-07-09T22:09:49Z,,,,,,,,,,,,,,2026-07-29T11:46:28Z
KXWCAST-26JUL09FRAMAR-FRAMOLISE17-1,KXWCAST-26JUL09FRAMAR,,Michael Olise: 1+ assists?,,,finalized,2026-07-09T22:09:49Z,,,,,,,,,,,,,,2026-07-29T11:46:28Z
KXWCAST-26JUL09FRAMAR-FRAKMBAPP10-2,KXWCAST-26JUL09FRAMAR,,Kylian Mbappe: 2+ assists?,,,finalized,2026-07-09T21:41:20Z,,,,,,,,,,,,,,2026-07-29T11:46:28Z
KXWCAST-26JUL09FRAMAR-FRAKMBAPP10-1,KXWCAST-26JUL09FRAMAR,,Kylian Mbappe: 1+ assists?,,,finalized,2026-07-09T21:41:20Z,,,,,,,,,,,,,,2026-07-29T11:46:28Z
KXWCAST-26JUL09FRAMAR-FRAJKOUND23-1,KXWCAST-26JUL09FRAMAR,,Jules Kounde: 1+ assists?,,,finalized,2026-07-09T21:51:19Z,,,,,,,,,,,,,,2026-07-29T11:46:28Z
KXWCAST-26JUL09FRAMAR-FRADDOUE14-2,KXWCAST-26JUL09FRAMAR,,Desire Doue: 2+ assists?,,,finalized,2026-07-09T21:41:20Z,,,,,,,,,,,,,,2026-07-29T11:46:28Z
KXWCAST-26JUL09FRAMAR-FRADDOUE14-1,KXWCAST-26JUL09FRAMAR,,Desire Doue: 1+ assists?,,,finalized,2026-07-09T21:41:20Z,,,,,,,,,,,,,,2026-07-29T11:46:28Z
KXWCAST-26JUL09FRAMAR-FRAATCHOU14-1,KXWCAST-26JUL09FRAMAR,,Aurelien Tchouameni: 1+ assists?,,,finalized,2026-07-09T22:44:32Z,,,,,,,,,,,,,,2026-07-29T11:46:28Z
KXWCAST-26JUL04PARFRA-FRAWSALIB2-1,KXWCAST-26JUL04PARFRA,,William Saliba: 1+ assists?,,,finalized,2026-07-04T23:34:35Z,,,,,,,,,,,,,,2026-07-29T11:46:28Z
KXWCAST-26JUL04PARFRA-FRAMKONE17-2,KXWCAST-26JUL04PARFRA,,Manu Kone: 2+ assists?,,,finalized,2026-07-04T23:34:35Z,,,,,,,,,,,,,,2026-07-29T11:46:28Z
KXWCAST-26JUL04PARFRA-FRAMKONE17-1,KXWCAST-26JUL04PARFRA,,Manu Kone: 1+ assists?,,,finalized,2026-07-04T23:34:35Z,,,,,,,,,,,,,,2026-07-29T11:46:28Z
KXWCAST-26JUL04PARFRA-FRALDIGNE12-2,KXWCAST-26JUL04PARFRA,,Lucas Digne: 2+ assists?,,,finalized,2026-07-04T23:34:34Z,,,,,,,,,,,,,,2026-07-29T11:46:28Z
KXWCAST-26JUL04PARFRA-FRALDIGNE12-1,KXWCAST-26JUL04PARFRA,,Lucas Digne: 1+ assists?,,,finalized,2026-07-04T23:34:34Z,,,,,,,,,,,,,,2026-07-29T11:46:28Z
KXWCAST-26JUL04PARFRA-FRADUPAME2-1,KXWCAST-26JUL04PARFRA,,Dayot Upamecano: 1+ assists?,,,finalized,2026-07-04T23:34:34Z,,,,,,,,,,,,,,2026-07-29T11:46:28Z
KXWCAST-26JUL04PARFRA-FRABBARCO29-2,KXWCAST-26JUL04PARFRA,,Bradley Barcola: 2+ assists?,,,finalized,2026-07-04T22:25:19Z,,,,,,,,,,,,,,2026-07-29T11:46:28Z
KXWCAST-26JUL04PARFRA-FRABBARCO29-1,KXWCAST-26JUL04PARFRA,,Bradley Barcola: 1+ assists?,,,finalized,2026-07-04T22:25:19Z,,,,,,,,,,,,,,2026-07-29T11:46:28Z
KXWCAST-26JUL04PARFRA-FRAARABIO12-2,KXWCAST-26JUL04PARFRA,,Adrien Rabiot: 2+ assists?,,,finalized,2026-07-04T23:34:34Z,,,,,,,,,,,,,,2026-07-29T11:46:28Z
KXWCAST-26JUL04PARFRA-FRAARABIO12-1,KXWCAST-26JUL04PARFRA,,Adrien Rabiot: 1+ assists?,,,finalized,2026-07-04T23:34:34Z,,,,,,,,,,,,,,2026-07-29T11:46:28Z
KXWCAST-26JUL04PARFRA-PAROALDER15-1,KXWCAST-26JUL04PARFRA,,Omar Alderete: 1+ assists?,,,finalized,2026-07-04T22:21:20Z,,,,,,,,,,,,,,2026-07-29T11:46:28Z
KXWCAST-26JUL04PARFRA-PARMGALAR88-1,KXWCAST-26JUL04PARFRA,,Matias Galarza: 1+ assists?,,,finalized,2026-07-04T23:34:33Z,,,,,,,,,,,,,,2026-07-29T11:46:28Z
KXWCAST-26JUL04PARFRA-PARJALONS6-1,KXWCAST-26JUL04PARFRA,,Junior Alonso: 1+ assists?,,,finalized,2026-07-04T23:34:33Z,,,,,,,,,,,,,,2026-07-29T11:46:28Z
KXWCAST-26JUL04PARFRA-PARJCACER4-1,KXWCAST-26JUL04PARFRA,,Juan Jose Caceres: 1+ assists?,,,finalized,2026-07-04T23:34:33Z,,,,,,,,,,,,,,2026-07-29T11:46:28Z
KXWCAST-26JUL04PARFRA-PARGVELAZ2-1,KXWCAST-26JUL04PARFRA,,Gustavo Velazquez: 1+ assists?,,,finalized,2026-07-04T23:34:33Z,,,,,,,,,,,,,,2026-07-29T11:46:28Z
KXWCAST-26JUL04PARFRA-PARGGOMEZ15-1,KXWCAST-26JUL04PARFRA,,Gustavo Gomez: 1+ assists?,,,finalized,2026-07-04T22:35:17Z,,,,,,,,,,,,,,2026-07-29T11:46:28Z
KXWCAST-26JUL04PARFRA-PARDGOMEZ25-1,KXWCAST-26JUL04PARFRA,,Diego Gomez: 1+ assists?,,,finalized,2026-07-04T23:34:33Z,,,,,,,,,,,,,,2026-07-29T11:46:28Z
KXWCAST-26JUL04CANMAR-MARRHALHA25-1,KXWCAST-26JUL04CANMAR,,Redouane Halhal: 1+ assists?,,,finalized,2026-07-04T19:09:58Z,,,,,,,,,,,,,,2026-07-29T11:46:28Z
KXWCAST-26JUL04CANMAR-MARNMAZRA3-1,KXWCAST-26JUL04CANMAR,,Noussair Mazraoui: 1+ assists?,,,finalized,2026-07-04T19:09:58Z,,,,,,,,,,,,,,2026-07-29T11:46:28Z
KXWCAST-26JUL04CANMAR-MARIDIOP31-1,KXWCAST-26JUL04CANMAR,,Issa Diop: 1+ assists?,,,finalized,2026-07-04T18:51:23Z,,,,,,,,,,,,,,2026-07-29T11:46:28Z
KXWCAST-26JUL04CANMAR-MARISAIBA34-2,KXWCAST-26JUL04CANMAR,,Ismael Saibari: 2+ assists?,,,finalized,2026-07-04T17:23:21Z,,,,,,,,,,,,,,2026-07-29T11:46:28Z
KXWCAST-26JUL04CANMAR-MARISAIBA34-1,KXWCAST-26JUL04CANMAR,,Ismael Saibari: 1+ assists?,,,finalized,2026-07-04T17:23:21Z,,,,,,,,,,,,,,2026-07-29T11:46:28Z
KXWCAST-26JUL04CANMAR-MARAOUNAH18-2,KXWCAST-26JUL04CANMAR,,Azzedine Ounahi: 2+ assists?,,,finalized,2026-07-04T18:51:24Z,,,,,,,,,,,,,,2026-07-29T11:46:28Z
KXWCAST-26JUL04CANMAR-MARAOUNAH18-1,KXWCAST-26JUL04CANMAR,,Azzedine Ounahi: 1+ assists?,,,finalized,2026-07-04T18:51:24Z,,,,,,,,,,,,,,2026-07-29T11:46:28Z
KXWCAST-26JUL04CANMAR-CANTOLUWA21-1,KXWCAST-26JUL04CANMAR,,Tani Oluwaseyi: 1+ assists?,,,finalized,2026-07-04T18:27:21Z,,,,,,,,,,,,,,2026-07-29T11:46:28Z
KXWCAST-26JUL04CANMAR-CANTBUCHA17-1,KXWCAST-26JUL04CANMAR,,Tajon Buchanan: 1+ assists?,,,finalized,2026-07-04T18:51:22Z,,,,,,,,,,,,,,2026-07-29T11:46:28Z
KXWCAST-26JUL04CANMAR-CANRLARYE22-1,KXWCAST-26JUL04CANMAR,,Richie Laryea: 1+ assists?,,,finalized,2026-07-04T18:43:20Z,,,,,,,,,,,,,,2026-07-29T11:46:28Z
KXWCAST-26JUL04CANMAR-CANNSIGUR23-1,KXWCAST-26JUL04CANMAR,,Niko Sigur: 1+ assists?,,,finalized,2026-07-04T18:51:23Z,,,,,,,,,,,,,,2026-07-29T11:46:28Z
KXWCAST-26JUL04CANMAR-CANMBOMBI64-1,KXWCAST-26JUL04CANMAR,,Moise Bombito: 1+ assists?,,,finalized,2026-07-04T19:09:57Z,,,,,,,,,,,,,,2026-07-29T11:46:28Z
KXWCAST-26JUL04CANMAR-CANLDEFO4-1,KXWCAST-26JUL04CANMAR,,Luc De Fougerolles: 1+ assists?,,,finalized,2026-07-04T19:09:57Z,,,,,,,,,,,,,,2026-07-29T11:46:28Z
KXWCAST-26JUL04CANMAR-CANAJOHNS2-1,KXWCAST-26JUL04CANMAR,,Alistair Johnston: 1+ assists?,,,finalized,2026-07-04T19:09:56Z,,,,,,,,,,,,,,2026-07-29T11:46:28Z
KXWCAST-26JUL04CANMAR-CANAAHMED20-2,KXWCAST-26JUL04CANMAR,,Ali Ahmed: 2+ assists?,,,finalized,2026-07-04T18:43:21Z,,,,,,,,,,,,,,2026-07-29T11:46:28Z
KXWCAST-26JUL04CANMAR-CANAAHMED20-1,KXWCAST-26JUL04CANMAR,,Ali Ahmed: 1+ assists?,,,finalized,2026-07-04T18:43:21Z,,,,,,,,,,,,,,2026-07-29T11:46:28Z
KXWCAST-26JUL07SUICOL-SUIRVARGA11-1,KXWCAST-26JUL07SUICOL,,Ruben Vargas: 1+ assists?,,,finalized,2026-07-07T23:09:41Z,,,,,,,,,,,,,,2026-07-29T11:46:28Z
KXWCAST-26JUL07SUICOL-SUIRFREUL8-1,KXWCAST-26JUL07SUICOL,,Remo Freuler: 1+ assists?,,,finalized,2026-07-07T23:09:40Z,,,,,,,,,,,,,,2026-07-29T11:46:28Z
KXWCAST-26JUL07SUICOL-SUIMAKANJ25-1,KXWCAST-26JUL07SUICOL,,Manuel Akanji: 1+ assists?,,,finalized,2026-07-07T23:09:40Z,,,,,,,,,,,,,,2026-07-29T11:46:28Z
KXWCAST-26JUL07SUICOL-SUIGXHAKA34-1,KXWCAST-26JUL07SUICOL,,Granit Xhaka: 1+ assists?,,,finalized,2026-07-07T23:09:40Z,,,,,,,,,,,,,,2026-07-29T11:46:28Z
KXWCAST-26JUL07SUICOL-SUIBEMBOL7-1,KXWCAST-26JUL07SUICOL,,Breel Embolo: 1+ assists?,,,finalized,2026-07-07T21:45:26Z,,,,,,,,,,,,,,2026-07-29T11:46:28Z
KXWCAST-26JUL07SUICOL-COLLSUARE97-1,KXWCAST-26JUL07SUICOL,,Luis Suarez: 1+ assists?,,,finalized,2026-07-07T21:41:35Z,,,,,,,,,,,,,,2026-07-29T11:46:28Z
KXWCAST-26JUL07SUICOL-COLLDIAZ14-1,KXWCAST-26JUL07SUICOL,,Luis Diaz: 1+ assists?,,,finalized,2026-07-07T23:09:41Z,,,,,,,,,,,,,,2026-07-29T11:46:28Z
KXWCAST-26JUL07SUICOL-COLJRODRI10-2,KXWCAST-26JUL07SUICOL,,James Rodriguez: 2+ assists?,,,finalized,2026-07-07T21:25:18Z,,,,,,,,,,,,,,2026-07-29T11:46:28Z
KXWCAST-26JUL07SUICOL-COLJRODRI10-1,KXWCAST-26JUL07SUICOL,,James Rodriguez: 1+ assists?,,,finalized,2026-07-07T21:25:18Z,,,,,,,,,,,,,,2026-07-29T11:46:28Z
KXWCAST-26JUL07SUICOL-COLJLERMA8-1,KXWCAST-26JUL07SUICOL,,Jefferson Lerma: 1+ assists?,,,finalized,2026-07-07T21:41:34Z,,,,,,,,,,,,,,2026-07-29T11:46:28Z
KXWCAST-26JUL07SUICOL-COLDMUNOZ2-1,KXWCAST-26JUL07SUICOL,,Daniel Munoz: 1+ assists?,,,finalized,2026-07-07T23:09:41Z,,,,,,,,,,,,,,2026-07-29T11:46:28Z
KXWCAST-26JUL07ARGEGY-EGYOMARMO7-1,KXWCAST-26JUL07ARGEGY,,Omar Marmoush: 1+ assists?,,,finalized,2026-07-07T18:34:33Z,,,,,,,,,,,,,,2026-07-29T11:46:28Z
KXWCAST-26JUL07ARGEGY-EGYMSALAH11-1,KXWCAST-26JUL07ARGEGY,,Mohamed Salah: 1+ assists?,,,finalized,2026-07-07T18:34:32Z,,,,,,,,,,,,,,2026-07-29T11:46:28Z
KXWCAST-26JUL07ARGEGY-ARGLMESSI10-2,KXWCAST-26JUL07ARGEGY,,Lionel Messi: 2+ assists?,,,finalized,2026-07-07T18:34:32Z,,,,,,,,,,,,,,2026-07-29T11:46:28Z
KXWCAST-26JUL07ARGEGY-ARGLMESSI10-1,KXWCAST-26JUL07ARGEGY,,Lionel Messi: 1+ assists?,,,finalized,2026-07-07T18:34:32Z,,,,,,,,,,,,,,2026-07-29T11:46:28Z
KXWCAST-26JUL07ARGEGY-ARGLMARTI10-2,KXWCAST-26JUL07ARGEGY,,Lautaro Martinez: 2+ assists?,,,finalized,2026-07-07T18:34:32Z,,,,,,,,,,,,,,2026-07-29T11:46:28Z
KXWCAST-26JUL07ARGEGY-ARGLMARTI10-1,KXWCAST-26JUL07ARGEGY,,Lautaro Martinez: 1+ assists?,,,finalized,2026-07-07T18:34:32Z,,,,,,,,,,,,,,2026-07-29T11:46:28Z
KXWCAST-26JUL07ARGEGY-ARGJALVAR19-2,KXWCAST-26JUL07ARGEGY,,Julian Alvarez: 2+ assists?,,,finalized,2026-07-07T18:00:05Z,,,,,,,,,,,,,,2026-07-29T11:46:28Z
KXWCAST-26JUL07ARGEGY-ARGJALVAR19-1,KXWCAST-26JUL07ARGEGY,,Julian Alvarez: 1+ assists?,,,finalized,2026-07-07T18:00:05Z,,,,,,,,,,,,,,2026-07-29T11:46:28Z
KXWCAST-26JUL07ARGEGY-ARGEFERNA8-2,KXWCAST-26JUL07ARGEGY,,Enzo Fernandez: 2+ assists?,,,finalized,2026-07-07T18:34:32Z,,,,,,,,,,,,,,2026-07-29T11:46:28Z
KXWCAST-26JUL07ARGEGY-ARGEFERNA8-1,KXWCAST-26JUL07ARGEGY,,Enzo Fernandez: 1+ assists?,,,finalized,2026-07-07T18:34:31Z,,,,,,,,,,,,,,2026-07-29T11:46:28Z
KXWCAST-26JUL07ARGEGY-ARGAMACA10-1,KXWCAST-26JUL07ARGEGY,,Alexis Mac Allister: 1+ assists?,,,finalized,2026-07-07T18:34:31Z,,,,,,,,,,,,,,2026-07-29T11:46:28Z
KXWCAST-26JUL03COLGHA-GHATPARTE16-1,KXWCAST-26JUL03COLGHA,,Thomas Partey: 1+ assists?,,,finalized,2026-07-04T03:39:47Z,,,,,,,,,,,,,,2026-07-29T11:46:28Z
KXWCAST-26JUL03COLGHA-GHAMSENAY29-1,KXWCAST-26JUL03COLGHA,,Marvin Senaya: 1+ assists?,,,finalized,2026-07-04T01:43:25Z,,,,,,,,,,,,,,2026-07-29T11:46:28Z
KXWCAST-26JUL03COLGHA-GHAKSIBO6-1,KXWCAST-26JUL03COLGHA,,Kwasi Sibo: 1+ assists?,,,finalized,2026-07-04T02:55:22Z,,,,,,,,,,,,,,2026-07-29T11:46:28Z
KXWCAST-26JUL03COLGHA-GHAJOPOKU3-1,KXWCAST-26JUL03COLGHA,,Jerome Opoku: 1+ assists?,,,finalized,2026-07-04T03:39:47Z,,,,,,,,,,,,,,2026-07-29T11:46:28Z
KXWCAST-26JUL03COLGHA-GHAIWILLI9-1,KXWCAST-26JUL03COLGHA,,Inaki Williams: 1+ assists?,,,finalized,2026-07-04T02:55:21Z,,,,,,,,,,,,,,2026-07-29T11:46:28Z
KXWCAST-26JUL03COLGHA-GHAGMENSA14-1,KXWCAST-26JUL03COLGHA,,Gideon Mensah: 1+ assists?,,,finalized,2026-07-04T03:39:47Z,,,,,,,,,,,,,,2026-07-29T11:46:28Z
KXWCAST-26JUL03COLGHA-GHADLUCKA23-1,KXWCAST-26JUL03COLGHA,,Derrick Luckassen: 1+ assists?,,,finalized,2026-07-04T03:39:47Z,,,,,,,,,,,,,,2026-07-29T11:46:28Z
KXWCAST-26JUL03COLGHA-COLJMOJIC22-2,KXWCAST-26JUL03COLGHA,,Johan Mojica: 2+ assists?,,,finalized,2026-07-04T03:39:46Z,,,,,,,,,,,,,,2026-07-29T11:46:28Z
KXWCAST-26JUL03COLGHA-COLJMOJIC22-1,KXWCAST-26JUL03COLGHA,,Johan Mojica: 1+ assists?,,,finalized,2026-07-04T03:39:46Z,,,,,,,,,,,,,,2026-07-29T11:46:28Z
KXWCAST-26JUL03COLGHA-COLJLUCUM26-1,KXWCAST-26JUL03COLGHA,,Jhon Lucumi: 1+ assists?,,,finalized,2026-07-04T03:39:46Z,,,,,,,,,,,,,,2026-07-29T11:46:28Z
KXWCAST-26JUL03COLGHA-COLJCORDO9-2,KXWCAST-26JUL03COLGHA,,Jhon Cordoba: 2+ assists?,,,finalized,2026-07-04T01:37:20Z,,,,,,,,,,,,,,2026-07-29T11:46:28Z
KXWCAST-26JUL03COLGHA-COLJCORDO9-1,KXWCAST-26JUL03COLGHA,,Jhon Cordoba: 1+ assists?,,,finalized,2026-07-04T01:37:20Z,,,,,,,,,,,,,,2026-07-29T11:46:28Z
KXWCAST-26JUL03COLGHA-COLJARIAS11-2,KXWCAST-26JUL03COLGHA,,Jhon Arias: 2+ assists?,,,finalized,2026-07-04T03:07:21Z,,,,,,,,,,,,,,2026-07-29T11:46:28Z
KXWCAST-26JUL03COLGHA-COLJARIAS11-1,KXWCAST-26JUL03COLGHA,,Jhon Arias: 1+ assists?,,,finalized,2026-07-04T03:07:21Z,,,,,,,,,,,,,,2026-07-29T11:46:28Z
KXWCAST-26JUL03COLGHA-COLGPUERT14-2,KXWCAST-26JUL03COLGHA,,Gustavo Puerta: 2+ assists?,,,finalized,2026-07-04T03:39:46Z,,,,,,,,,,,,,,2026-07-29T11:46:28Z
KXWCAST-26JUL03COLGHA-COLGPUERT14-1,KXWCAST-26JUL03COLGHA,,Gustavo Puerta: 1+ assists?,,,finalized,2026-07-04T03:39:46Z,,,,,,,,,,,,,,2026-07-29T11:46:28Z
KXWCAST-26JUL03COLGHA-COLDSANCH6-1,KXWCAST-26JUL03COLGHA,,Davinson Sanchez: 1+ assists?,,,finalized,2026-07-04T03:39:45Z,,,,,,,,,,,,,,2026-07-29T11:46:28Z
KXWCAST-26JUL03ARGCPV-CPVSMOREI31-1,KXWCAST-26JUL03ARGCPV,,Steven Moreira: 1+ assists?,,,finalized,2026-07-04T01:00:09Z,,,,,,,,,,,,,,2026-07-29T11:46:28Z
KXWCAST-26JUL03ARGCPV-CPVSLOPES15-1,KXWCAST-26JUL03ARGCPV,,Sidny Lopes Cabral: 1+ assists?,,,finalized,2026-07-04T01:00:09Z,,,,,,,,,,,,,,2026-07-29T11:46:28Z
KXWCAST-26JUL03ARGCPV-CPVNDACO10-1,KXWCAST-26JUL03ARGCPV,,Nuno Da Costa: 1+ assists?,,,finalized,2026-07-03T23:27:19Z,,,,,,,,,,,,,,2026-07-29T11:46:28Z
KXWCAST-26JUL03ARGCPV-CPVJCABRA11-1,KXWCAST-26JUL03ARGCPV,,Jovane Cabral: 1+ assists?,,,finalized,2026-07-03T23:39:58Z,,,,,,,,,,,,,,2026-07-29T11:46:28Z
KXWCAST-26JUL03ARGCPV-CPVDDUART23-1,KXWCAST-26JUL03ARGCPV,,Deroy Duarte: 1+ assists?,,,finalized,2026-07-04T00:15:24Z,,,,,,,,,,,,,,2026-07-29T11:46:28Z
KXWCAST-26JUL03ARGCPV-ARGTALMAD11-2,KXWCAST-26JUL03ARGCPV,,Thiago Almada: 2+ assists?,,,finalized,2026-07-03T23:23:19Z,,,,,,,,,,,,,,2026-07-29T11:46:28Z
KXWC2HBTTS-26JUL18FRAENG-BTTS,KXWC2HBTTS-26JUL18FRAENG,,Will both teams score in the 2nd Half?,,,finalized,2026-07-18T23:04:55Z,,,,,,,,,,,,,,2026-07-29T11:46:28Z
KXWC2HBTTS-26JUL19ESPARG-BTTS,KXWC2HBTTS-26JUL19ESPARG,,Will both teams score in the 2nd Half?,,,finalized,2026-07-19T21:15:25Z,,,,,,,,,,,,,,2026-07-29T11:46:28Z
KXWC2HBTTS-26JUL15ENGARG-BTTS,KXWC2HBTTS-26JUL15ENGARG,,Will both teams score in the 2nd Half?,,,finalized,2026-07-15T21:04:33Z,,,,,,,,,,,,,,2026-07-29T11:46:28Z
KXWC2HBTTS-26JUL14FRAESP-BTTS,KXWC2HBTTS-26JUL14FRAESP,,Will both teams score in the 2nd Half?,,,finalized,2026-07-14T20:59:58Z,,,,,,,,,,,,,,2026-07-29T11:46:28Z
KXWC2HBTTS-26JUL11ARGSUI-BTTS,KXWC2HBTTS-26JUL11ARGSUI,,Will both teams score in the 2nd Half?,,,finalized,2026-07-12T03:04:32Z,,,,,,,,,,,,,,2026-07-29T11:46:28Z
KXWC2HBTTS-26JUL10ESPBEL-BTTS,KXWC2HBTTS-26JUL10ESPBEL,,Will both teams score in the 2nd Half?,,,finalized,2026-07-10T20:59:49Z,,,,,,,,,,,,,,2026-07-29T11:46:28Z
KXWC2HBTTS-26JUL11NORENG-BTTS,KXWC2HBTTS-26JUL11NORENG,,Will both teams score in the 2nd Half?,,,finalized,2026-07-11T23:04:36Z,,,,,,,,,,,,,,2026-07-29T11:46:28Z
KXWC2HBTTS-26JUL09FRAMAR-BTTS,KXWC2HBTTS-26JUL09FRAMAR,,Will both teams score in the 2nd Half?,,,finalized,2026-07-09T21:59:54Z,,,,,,,,,,,,,,2026-07-29T11:46:28Z
KXWC2HBTTS-26JUL07SUICOL-BTTS,KXWC2HBTTS-26JUL07SUICOL,,Will both teams score in the 2nd Half?,,,finalized,2026-07-07T21:54:32Z,,,,,,,,,,,,,,2026-07-29T11:46:28Z
KXWC2HBTTS-26JUL07ARGEGY-BTTS,KXWC2HBTTS-26JUL07ARGEGY,,Will both teams score in the 2nd Half?,,,finalized,2026-07-07T18:04:37Z,,,,,,,,,,,,,,2026-07-29T11:46:28Z
KXWC2HBTTS-26JUL06PORESP-BTTS,KXWC2HBTTS-26JUL06PORESP,,Will both teams score in the 2nd Half?,,,finalized,2026-07-06T21:04:45Z,,,,,,,,,,,,,,2026-07-29T11:46:28Z
KXWC2HBTTS-26JUL06USABEL-BTTS,KXWC2HBTTS-26JUL06USABEL,,Will both teams score in the 2nd Half?,,,finalized,2026-07-07T01:59:52Z,,,,,,,,,,,,,,2026-07-29T11:46:28Z
KXWC2HBTTS-26JUL05MEXENG-BTTS,KXWC2HBTTS-26JUL05MEXENG,,Will both teams score in the 2nd Half?,,,finalized,2026-07-06T03:04:36Z,,,,,,,,,,,,,,2026-07-29T11:46:28Z
KXWC2HBTTS-26JUL04PARFRA-BTTS,KXWC2HBTTS-26JUL04PARFRA,,Will both teams score in the 2nd Half?,,,finalized,2026-07-04T23:04:31Z,,,,,,,,,,,,,,2026-07-29T11:46:28Z
KXWC2HBTTS-26JUL05BRANOR-BTTS,KXWC2HBTTS-26JUL05BRANOR,,Will both teams score in the 2nd Half?,,,finalized,2026-07-05T22:04:53Z,,,,,,,,,,,,,,2026-07-29T11:46:28Z
KXWC2HBTTS-26JUL04CANMAR-BTTS,KXWC2HBTTS-26JUL04CANMAR,,Will both teams score in the 2nd Half?,,,finalized,2026-07-04T19:04:46Z,,,,,,,,,,,,,,2026-07-29T11:46:28Z
KXWC2HBTTS-26JUL02ESPAUT-BTTS,KXWC2HBTTS-26JUL02ESPAUT,,Will both teams score in the 2nd Half?,,,finalized,2026-07-02T20:59:55Z,,,,,,,,,,,,,,2026-07-29T11:46:28Z
KXWC2HBTTS-26JUL02SUIDZA-BTTS,KXWC2HBTTS-26JUL02SUIDZA,,Will both teams score in the 2nd Half?,,,finalized,2026-07-03T04:59:52Z,,,,,,,,,,,,,,2026-07-29T11:46:28Z
KXWC2HBTTS-26JUL01ENGCOD-BTTS,KXWC2HBTTS-26JUL01ENGCOD,,Will both teams score in the 2nd Half?,,,finalized,2026-07-01T18:00:08Z,,,,,,,,,,,,,,2026-07-29T11:46:28Z
KXWC2HBTTS-26JUL01BELSEN-BTTS,KXWC2HBTTS-26JUL01BELSEN,,Will both teams score in the 2nd Half?,,,finalized,2026-07-01T21:59:59Z,,,,,,,,,,,,,,2026-07-29T11:46:28Z
KXWC2HBTTS-26JUL02PORCRO-BTTS,KXWC2HBTTS-26JUL02PORCRO,,Will both teams score in the 2nd Half?,,,finalized,2026-07-03T01:09:46Z,,,,,,,,,,,,,,2026-07-29T11:46:28Z
KXWC2HBTTS-26JUL03COLGHA-BTTS,KXWC2HBTTS-26JUL03COLGHA,,Will both teams score in the 2nd Half?,,,finalized,2026-07-04T03:34:34Z,,,,,,,,,,,,,,2026-07-29T11:46:28Z
KXWC2HBTTS-26JUN30MEXECU-BTTS,KXWC2HBTTS-26JUN30MEXECU,,Will both teams score in the 2nd Half?,,,finalized,2026-07-01T04:04:34Z,,,,,,,,,,,,,,2026-07-29T11:46:28Z
KXWC2HBTTS-26JUL03AUSEGY-BTTS,KXWC2HBTTS-26JUL03AUSEGY,,Will both teams score in the 2nd Half?,,,finalized,2026-07-03T20:00:03Z,,,,,,,,,,,,,,2026-07-29T11:46:28Z
KXWC2HBTTS-26JUN29GERPAR-BTTS,KXWC2HBTTS-26JUN29GERPAR,,Will both teams score in the 2nd Half?,,,finalized,2026-06-29T22:29:56Z,,,,,,,,,,,,,,2026-07-29T11:46:28Z
KXWC2HBTTS-26JUN30FRASWE-BTTS,KXWC2HBTTS-26JUN30FRASWE,,Will both teams score in the 2nd Half?,,,finalized,2026-06-30T22:54:41Z,,,,,,,,,,,,,,2026-07-29T11:46:28Z
KXWC2HBTTS-26JUL03ARGCPV-BTTS,KXWC2HBTTS-26JUL03ARGCPV,,Will both teams score in the 2nd Half?,,,finalized,2026-07-04T00:00:02Z,,,,,,,,,,,,,,2026-07-29T11:46:28Z
KXWC2HBTTS-26JUN30CIVNOR-BTTS,KXWC2HBTTS-26JUN30CIVNOR,,Will both teams score in the 2nd Half?,,,finalized,2026-06-30T18:59:59Z,,,,,,,,,,,,,,2026-07-29T11:46:28Z
KXWC2HBTTS-26JUN29BRAJPN-BTTS,KXWC2HBTTS-26JUN29BRAJPN,,Will both teams score in the 2nd Half?,,,finalized,2026-06-29T19:04:40Z,,,,,,,,,,,,,,2026-07-29T11:46:28Z
KXWC2HBTTS-26JUN29NEDMAR-BTTS,KXWC2HBTTS-26JUN29NEDMAR,,Will both teams score in the 2nd Half?,,,finalized,2026-06-30T02:59:54Z,,,,,,,,,,,,,,2026-07-29T11:46:28Z
KXWC2HBTTS-26JUL01USABIH-BTTS,KXWC2HBTTS-26JUL01USABIH,,Will both teams score in the 2nd Half?,,,finalized,2026-07-02T02:09:49Z,,,,,,,,,,,,,,2026-07-29T11:46:28Z
KXWC2HBTTS-26JUN28RSACAN-BTTS,KXWC2HBTTS-26JUN28RSACAN,,Will both teams score in the 2nd Half?,2nd Half - Both Teams To Score,,finalized,2026-06-28T20:59:56Z,,,,,,,,,,,,,,2026-07-29T11:46:28Z
KXWC2HBTTS-26JUN16FRASEN-BTTS,KXWC2HBTTS-26JUN16FRASEN,,Will both teams score in the 2nd Half?,,,finalized,2026-06-16T21:30:37Z,,,,,,,,,,,,,,2026-07-29T11:46:28Z
KXWC2HBTTS-26JUN16IRQNOR-BTTS,KXWC2HBTTS-26JUN16IRQNOR,,Will both teams score in the 2nd Half?,,,finalized,2026-06-17T00:15:20Z,,,,,,,,,,,,,,2026-07-29T11:46:28Z
KXWC2HBTTS-26JUN16ARGDZA-BTTS,KXWC2HBTTS-26JUN16ARGDZA,,Will both teams score in the 2nd Half?,,,finalized,2026-06-17T03:04:51Z,,,,,,,,,,,,,,2026-07-29T11:46:28Z
KXWC2HBTTS-26JUN17AUTJOR-BTTS,KXWC2HBTTS-26JUN17AUTJOR,,Will both teams score in the 2nd Half?,,,finalized,2026-06-17T06:14:46Z,,,,,,,,,,,,,,2026-07-29T11:46:28Z
KXWC2HBTTS-26JUN17PORCOD-BTTS,KXWC2HBTTS-26JUN17PORCOD,,Will both teams score in the 2nd Half?,,,finalized,2026-06-17T19:26:01Z,,,,,,,,,,,,,,2026-07-29T11:46:28Z
KXWC2HBTTS-26JUN17ENGCRO-BTTS,KXWC2HBTTS-26JUN17ENGCRO,,Will both teams score in the 2nd Half?,,,finalized,2026-06-17T22:20:29Z,,,,,,,,,,,,,,2026-07-29T11:46:28Z
KXWC2HBTTS-26JUN17GHAPAN-BTTS,KXWC2HBTTS-26JUN17GHAPAN,,Will both teams score in the 2nd Half?,,,finalized,2026-06-18T01:05:42Z,,,,,,,,,,,,,,2026-07-29T11:46:28Z
KXWC2HBTTS-26JUN17UZBCOL-BTTS,KXWC2HBTTS-26JUN17UZBCOL,,Will both teams score in the 2nd Half?,,,finalized,2026-06-18T04:04:58Z,,,,,,,,,,,,,,2026-07-29T11:46:28Z
KXWC2HBTTS-26JUN18CZERSA-BTTS,KXWC2HBTTS-26JUN18CZERSA,,Will both teams score in the 2nd Half?,,,finalized,2026-06-18T18:00:43Z,,,,,,,,,,,,,,2026-07-29T11:46:28Z
KXWC2HBTTS-26JUN18SUIBIH-BTTS,KXWC2HBTTS-26JUN18SUIBIH,,Will both teams score in the 2nd Half?,,,finalized,2026-06-18T21:00:41Z,,,,,,,,,,,,,,2026-07-29T11:46:28Z
KXWC2HBTTS-26JUN18CANQAT-BTTS,KXWC2HBTTS-26JUN18CANQAT,,Will both teams score in the 2nd Half?,,,finalized,2026-06-19T00:00:48Z,,,,,,,,,,,,,,2026-07-29T11:46:28Z
KXWC2HBTTS-26JUN18MEXKOR-BTTS,KXWC2HBTTS-26JUN18MEXKOR,,Will both teams score in the 2nd Half?,,,finalized,2026-06-19T03:00:33Z,,,,,,,,,,,,,,2026-07-29T11:46:28Z
KXWC2HBTTS-26JUN19USAAUS-BTTS,KXWC2HBTTS-26JUN19USAAUS,,Will both teams score in the 2nd Half?,,,finalized,2026-06-19T21:04:52Z,,,,,,,,,,,,,,2026-07-29T11:46:28Z
KXWC2HBTTS-26JUN19SCOMAR-BTTS,KXWC2HBTTS-26JUN19SCOMAR,,Will both teams score in the 2nd Half?,,,finalized,2026-06-20T00:00:44Z,,,,,,,,,,,,,,2026-07-29T11:46:28Z
KXWC2HBTTS-26JUN19BRAHTI-BTTS,KXWC2HBTTS-26JUN19BRAHTI,,Will both teams score in the 2nd Half?,,,finalized,2026-06-20T02:30:50Z,,,,,,,,,,,,,,2026-07-29T11:46:28Z
KXWC2HBTTS-26JUN19TURPAR-BTTS,KXWC2HBTTS-26JUN19TURPAR,,Will both teams score in the 2nd Half?,,,finalized,2026-06-20T05:04:52Z,,,,,,,,,,,,,,2026-07-29T11:46:28Z
KXWC2HBTTS-26JUN20NEDSWE-BTTS,KXWC2HBTTS-26JUN20NEDSWE,,Will both teams score in the 2nd Half?,,,finalized,2026-06-20T19:00:22Z,,,,,,,,,,,,,,2026-07-29T11:46:28Z
KXWC2HBTTS-26JUN20GERCIV-BTTS,KXWC2HBTTS-26JUN20GERCIV,,Will both teams score in the 2nd Half?,,,finalized,2026-06-20T22:01:15Z,,,,,,,,,,,,,,2026-07-29T11:46:28Z
KXWC2HBTTS-26JUN20ECUCUW-BTTS,KXWC2HBTTS-26JUN20ECUCUW,,Will both teams score in the 2nd Half?,,,finalized,2026-06-21T01:54:48Z,,,,,,,,,,,,,,2026-07-29T11:46:28Z
KXWC2HBTTS-26JUN21TUNJPN-BTTS,KXWC2HBTTS-26JUN21TUNJPN,,Will both teams score in the 2nd Half?,,,finalized,2026-06-21T06:00:47Z,,,,,,,,,,,,,,2026-07-29T11:46:28Z
KXWC2HBTTS-26JUN21ESPKSA-BTTS,KXWC2HBTTS-26JUN21ESPKSA,,Will both teams score in the 2nd Half?,,,finalized,2026-06-21T18:00:49Z,,,,,,,,,,,,,,2026-07-29T11:46:28Z
KXWC2HBTTS-26JUN21BELIRI-BTTS,KXWC2HBTTS-26JUN21BELIRI,,Will both teams score in the 2nd Half?,,,finalized,2026-06-21T21:00:42Z,,,,,,,,,,,,,,2026-07-29T11:46:28Z
KXWC2HBTTS-26JUN21URUCPV-BTTS,KXWC2HBTTS-26JUN21URUCPV,,Will both teams score in the 2nd Half?,,,finalized,2026-06-22T00:05:25Z,,,,,,,,,,,,,,2026-07-29T11:46:28Z
KXWC2HBTTS-26JUN21NZLEGY-BTTS,KXWC2HBTTS-26JUN21NZLEGY,,Will both teams score in the 2nd Half?,,,finalized,2026-06-22T03:00:00Z,,,,,,,,,,,,,,2026-07-29T11:46:28Z
KXWC2HBTTS-26JUN22ARGAUT-BTTS,KXWC2HBTTS-26JUN22ARGAUT,,Will both teams score in the 2nd Half?,,,finalized,2026-06-22T19:14:45Z,,,,,,,,,,,,,,2026-07-29T11:46:28Z
KXWC2HBTTS-26JUN22FRAIRQ-BTTS,KXWC2HBTTS-26JUN22FRAIRQ,,Will both teams score in the 2nd Half?,,,finalized,2026-06-23T00:49:57Z,,,,,,,,,,,,,,2026-07-29T11:46:28Z
KXWC2HBTTS-26JUN22NORSEN-BTTS,KXWC2HBTTS-26JUN22NORSEN,,Will both teams score in the 2nd Half?,,,finalized,2026-06-23T02:00:02Z,,,,,,,,,,,,,,2026-07-29T11:46:28Z
KXWC2HBTTS-26JUN22JORDZA-BTTS,KXWC2HBTTS-26JUN22JORDZA,,Will both teams score in the 2nd Half?,,,finalized,2026-06-23T04:59:57Z,,,,,,,,,,,,,,2026-07-29T11:46:28Z
KXWC2HBTTS-26JUN23PORUZB-BTTS,KXWC2HBTTS-26JUN23PORUZB,,Will both teams score in the 2nd Half?,,,finalized,2026-06-23T19:00:08Z,,,,,,,,,,,,,,2026-07-29T11:46:28Z
KXWC2HBTTS-26JUN23ENGGHA-BTTS,KXWC2HBTTS-26JUN23ENGGHA,,Will both teams score in the 2nd Half?,,,finalized,2026-06-23T22:00:06Z,,,,,,,,,,,,,,2026-07-29T11:46:28Z
KXWC2HBTTS-26JUN23PANCRO-BTTS,KXWC2HBTTS-26JUN23PANCRO,,Will both teams score in the 2nd Half?,,,finalized,2026-06-24T00:54:41Z,,,,,,,,,,,,,,2026-07-29T11:46:28Z
KXWC2HBTTS-26JUN23COLCOD-BTTS,KXWC2HBTTS-26JUN23COLCOD,,Will both teams score in the 2nd Half?,,,finalized,2026-06-24T03:59:54Z,,,,,,,,,,,,,,2026-07-29T11:46:28Z
KXWC2HBTTS-26JUN24BIHQAT-BTTS,KXWC2HBTTS-26JUN24BIHQAT,,Will both teams score in the 2nd Half?,,,finalized,2026-06-24T21:00:09Z,,,,,,,,,,,,,,2026-07-29T11:46:28Z
KXWC2HBTTS-26JUN24SUICAN-BTTS,KXWC2HBTTS-26JUN24SUICAN,,Will both teams score in the 2nd Half?,,,finalized,2026-06-24T21:00:08Z,,,,,,,,,,,,,,2026-07-29T11:46:28Z
KXWC2HBTTS-26JUN24MARHTI-BTTS,KXWC2HBTTS-26JUN24MARHTI,,Will both teams score in the 2nd Half?,,,finalized,2026-06-25T00:00:29Z,,,,,,,,,,,,,,2026-07-29T11:46:28Z
KXWC2HBTTS-26JUN24SCOBRA-BTTS,KXWC2HBTTS-26JUN24SCOBRA,,Will both teams score in the 2nd Half?,,,finalized,2026-06-25T00:04:45Z,,,,,,,,,,,,,,2026-07-29T11:46:28Z
KXWC2HBTTS-26JUN24CZEMEX-BTTS,KXWC2HBTTS-26JUN24CZEMEX,,Will both teams score in the 2nd Half?,,,finalized,2026-06-25T02:59:54Z,,,,,,,,,,,,,,2026-07-29T11:46:28Z
KXWC2HBTTS-26JUN24RSAKOR-BTTS,KXWC2HBTTS-26JUN24RSAKOR,,Will both teams score in the 2nd Half?,,,finalized,2026-06-25T02:59:53Z,,,,,,,,,,,,,,2026-07-29T11:46:28Z
KXWC2HBTTS-26JUN25CUWCIV-BTTS,KXWC2HBTTS-26JUN25CUWCIV,,Will both teams score in the 2nd Half?,,,finalized,2026-06-25T22:00:16Z,,,,,,,,,,,,,,2026-07-29T11:46:28Z
KXWC2HBTTS-26JUN25ECUGER-BTTS,KXWC2HBTTS-26JUN25ECUGER,,Will both teams score in the 2nd Half?,,,finalized,2026-06-25T22:00:16Z,,,,,,,,,,,,,,2026-07-29T11:46:28Z
KXWC2HBTTS-26JUN25JPNSWE-BTTS,KXWC2HBTTS-26JUN25JPNSWE,,Will both teams score in the 2nd Half?,,,finalized,2026-06-26T01:00:08Z,,,,,,,,,,,,,,2026-07-29T11:46:28Z
KXWC2HBTTS-26JUN25TUNNED-BTTS,KXWC2HBTTS-26JUN25TUNNED,,Will both teams score in the 2nd Half?,,,finalized,2026-06-26T00:54:47Z,,,,,,,,,,,,,,2026-07-29T11:46:28Z
KXWC2HBTTS-26JUN25PARAUS-BTTS,KXWC2HBTTS-26JUN25PARAUS,,Will both teams score in the 2nd Half?,,,finalized,2026-06-26T04:00:02Z,,,,,,,,,,,,,,2026-07-29T11:46:28Z
KXWC2HBTTS-26JUN25TURUSA-BTTS,KXWC2HBTTS-26JUN25TURUSA,,Will both teams score in the 2nd Half?,,,finalized,2026-06-26T04:04:37Z,,,,,,,,,,,,,,2026-07-29T11:46:28Z
KXWC2HBTTS-26JUN26NORFRA-BTTS,KXWC2HBTTS-26JUN26NORFRA,,Will both teams score in the 2nd Half?,,,finalized,2026-06-26T21:00:01Z,,,,,,,,,,,,,,2026-07-29T11:46:28Z
KXWC2HBTTS-26JUN26SENIRQ-BTTS,KXWC2HBTTS-26JUN26SENIRQ,,Will both teams score in the 2nd Half?,,,finalized,2026-06-26T21:04:44Z,,,,,,,,,,,,,,2026-07-29T11:46:28Z
KXWC2HBTTS-26JUN26CPVKSA-BTTS,KXWC2HBTTS-26JUN26CPVKSA,,Will both teams score in the 2nd Half?,,,finalized,2026-06-27T02:00:03Z,,,,,,,,,,,,,,2026-07-29T11:46:28Z
KXWC2HBTTS-26JUN26URUESP-BTTS,KXWC2HBTTS-26JUN26URUESP,,Will both teams score in the 2nd Half?,,,finalized,2026-06-27T02:04:42Z,,,,,,,,,,,,,,2026-07-29T11:46:28Z
KXWC2HBTTS-26JUN26EGYIRI-BTTS,KXWC2HBTTS-26JUN26EGYIRI,,Will both teams score in the 2nd Half?,,,finalized,2026-06-27T05:04:33Z,,,,,,,,,,,,,,2026-07-29T11:46:28Z
KXWC2HBTTS-26JUN26NZLBEL-BTTS,KXWC2HBTTS-26JUN26NZLBEL,,Will both teams score in the 2nd Half?,,,finalized,2026-06-27T05:00:02Z,,,,,,,,,,,,,,2026-07-29T11:46:28Z
KXWC2HBTTS-26JUN27CROGHA-BTTS,KXWC2HBTTS-26JUN27CROGHA,,Will both teams score in the 2nd Half?,,,finalized,2026-06-27T23:00:18Z,,,,,,,,,,,,,,2026-07-29T11:46:28Z
KXWC2HBTTS-26JUN27PANENG-BTTS,KXWC2HBTTS-26JUN27PANENG,,Will both teams score in the 2nd Half?,,,finalized,2026-06-27T22:54:52Z,,,,,,,,,,,,,,2026-07-29T11:46:28Z
KXWC2HBTTS-26JUN27CODUZB-BTTS,KXWC2HBTTS-26JUN27CODUZB,,Will both teams score in the 2nd Half?,,,finalized,2026-06-28T01:34:43Z,,,,,,,,,,,,,,2026-07-29T11:46:28Z
KXWC2HBTTS-26JUN27COLPOR-BTTS,KXWC2HBTTS-26JUN27COLPOR,,Will both teams score in the 2nd Half?,,,finalized,2026-06-28T01:30:06Z,,,,,,,,,,,,,,2026-07-29T11:46:28Z
KXWC2HBTTS-26JUN27DZAAUT-BTTS,KXWC2HBTTS-26JUN27DZAAUT,,Will both teams score in the 2nd Half?,,,finalized,2026-06-28T04:00:07Z,,,,,,,,,,,,,,2026-07-29T11:46:28Z
KXWC2HBTTS-26JUN27JORARG-BTTS,KXWC2HBTTS-26JUN27JORARG,,Will both teams score in the 2nd Half?,,,finalized,2026-06-28T04:00:06Z,,,,,,,,,,,,,,2026-07-29T11:46:28Z
KXWCTEAMTOTAL-26JUL18FRAENG-ENG8,KXWCTEAMTOTAL-26JUL18FRAENG,,Will England score over 7.5 goals?,,,finalized,2026-07-18T23:05:13Z,,,,,,,,,,,,,,2026-07-29T11:46:28Z
KXWCTEAMTOTAL-26JUL18FRAENG-FRA6,KXWCTEAMTOTAL-26JUL18FRAENG,,Will France score over 5.5 goals?,,,finalized,2026-07-18T23:05:13Z,,,,,,,,,,,,,,2026-07-29T11:46:28Z
KXWCTEAMTOTAL-26JUL18FRAENG-FRA5,KXWCTEAMTOTAL-26JUL18FRAENG,,Will France score over 4.5 goals?,,,finalized,2026-07-18T23:05:13Z,,,,,,,,,,,,,,2026-07-29T11:46:28Z
KXWCTEAMTOTAL-26JUL18FRAENG-ENG7,KXWCTEAMTOTAL-26JUL18FRAENG,,Will England score over 6.5 goals?,,,finalized,2026-07-18T23:05:12Z,,,,,,,,,,,,,,2026-07-29T11:46:28Z
KXWCTEAMTOTAL-26JUL18FRAENG-ENG6,KXWCTEAMTOTAL-26JUL18FRAENG,,Will England score over 5.5 goals?,,,finalized,2026-07-18T23:05:12Z,,,,,,,,,,,,,,2026-07-29T11:46:28Z
KXWCTEAMTOTAL-26JUL18FRAENG-ENG5,KXWCTEAMTOTAL-26JUL18FRAENG,,Will England score over 4.5 goals?,,,finalized,2026-07-18T23:05:12Z,,,,,,,,,,,,,,2026-07-29T11:46:28Z
KXWCTEAMTOTAL-26JUL18FRAENG-FRA4,KXWCTEAMTOTAL-26JUL18FRAENG,,Will France score over 3.5 goals?,,,finalized,2026-07-18T23:05:13Z,,,,,,,,,,,,,,2026-07-29T11:46:28Z
KXWCTEAMTOTAL-26JUL18FRAENG-FRA3,KXWCTEAMTOTAL-26JUL18FRAENG,,Will France score over 2.5 goals?,,,finalized,2026-07-18T23:05:13Z,,,,,,,,,,,,,,2026-07-29T11:46:28Z
KXWCTEAMTOTAL-26JUL18FRAENG-FRA2,KXWCTEAMTOTAL-26JUL18FRAENG,,Will France score over 1.5 goals?,,,finalized,2026-07-18T22:30:48Z,,,,,,,,,,,,,,2026-07-29T11:46:28Z
KXWCTEAMTOTAL-26JUL18FRAENG-FRA1,KXWCTEAMTOTAL-26JUL18FRAENG,,Will France score over 0.5 goals?,,,finalized,2026-07-18T22:20:27Z,,,,,,,,,,,,,,2026-07-29T11:46:28Z
KXWCTEAMTOTAL-26JUL18FRAENG-ENG4,KXWCTEAMTOTAL-26JUL18FRAENG,,Will England score over 3.5 goals?,,,finalized,2026-07-18T22:50:26Z,,,,,,,,,,,,,,2026-07-29T11:46:28Z
KXWCTEAMTOTAL-26JUL18FRAENG-ENG3,KXWCTEAMTOTAL-26JUL18FRAENG,,Will England score over 2.5 goals?,,,finalized,2026-07-18T21:50:17Z,,,,,,,,,,,,,,2026-07-29T11:46:28Z
KXWCTEAMTOTAL-26JUL18FRAENG-ENG2,KXWCTEAMTOTAL-26JUL18FRAENG,,Will England score over 1.5 goals?,,,finalized,2026-07-18T21:40:20Z,,,,,,,,,,,,,,2026-07-29T11:46:28Z
KXWCTEAMTOTAL-26JUL18FRAENG-ENG1,KXWCTEAMTOTAL-26JUL18FRAENG,,Will England score over 0.5 goals?,,,finalized,2026-07-18T21:20:21Z,,,,,,,,,,,,,,2026-07-29T11:46:28Z
KXWCTEAMTOTAL-26JUL19ESPARG-ESP4,KXWCTEAMTOTAL-26JUL19ESPARG,,Will Spain score over 3.5 goals?,,,finalized,2026-07-19T21:16:40Z,,,,,,,,,,,,,,2026-07-29T11:46:28Z
KXWCTEAMTOTAL-26JUL19ESPARG-ESP3,KXWCTEAMTOTAL-26JUL19ESPARG,,Will Spain score over 2.5 goals?,,,finalized,2026-07-19T21:16:40Z,,,,,,,,,,,,,,2026-07-29T11:46:28Z
KXWCTEAMTOTAL-26JUL19ESPARG-ESP2,KXWCTEAMTOTAL-26JUL19ESPARG,,Will Spain score over 1.5 goals?,,,finalized,2026-07-19T21:16:39Z,,,,,,,,,,,,,,2026-07-29T11:46:28Z
KXWCTEAMTOTAL-26JUL19ESPARG-ESP1,KXWCTEAMTOTAL-26JUL19ESPARG,,Will Spain score over 0.5 goals?,,,finalized,2026-07-19T21:16:39Z,,,,,,,,,,,,,,2026-07-29T11:46:28Z
KXWCTEAMTOTAL-26JUL19ESPARG-ARG3,KXWCTEAMTOTAL-26JUL19ESPARG,,Will Argentina score over 2.5 goals?,,,finalized,2026-07-19T21:16:41Z,,,,,,,,,,,,,,2026-07-29T11:46:28Z
KXWCTEAMTOTAL-26JUL19ESPARG-ARG2,KXWCTEAMTOTAL-26JUL19ESPARG,,Will Argentina score over 1.5 goals?,,,finalized,2026-07-19T21:16:41Z,,,,,,,,,,,,,,2026-07-29T11:46:28Z
KXWCTEAMTOTAL-26JUL19ESPARG-ARG1,KXWCTEAMTOTAL-26JUL19ESPARG,,Will Argentina score over 0.5 goals?,,,finalized,2026-07-19T21:16:41Z,,,,,,,,,,,,,,2026-07-29T11:46:28Z
KXWCTEAMTOTAL-26JUL15ENGARG-ARG4,KXWCTEAMTOTAL-26JUL15ENGARG,,Will Argentina score over 3.5 goals?,,,finalized,2026-07-15T21:04:26Z,,,,,,,,,,,,,,2026-07-29T11:46:28Z
KXWCTEAMTOTAL-26JUL15ENGARG-ENG4,KXWCTEAMTOTAL-26JUL15ENGARG,,Will England score over 3.5 goals?,,,finalized,2026-07-15T21:04:27Z,,,,,,,,,,,,,,2026-07-29T11:46:28Z
KXWCTEAMTOTAL-26JUL15ENGARG-ENG3,KXWCTEAMTOTAL-26JUL15ENGARG,,Will England score over 2.5 goals?,,,finalized,2026-07-15T21:04:27Z,,,,,,,,,,,,,,2026-07-29T11:46:28Z
KXWCTEAMTOTAL-26JUL15ENGARG-ENG2,KXWCTEAMTOTAL-26JUL15ENGARG,,Will England score over 1.5 goals?,,,finalized,2026-07-15T21:04:27Z,,,,,,,,,,,,,,2026-07-29T11:46:28Z
KXWCTEAMTOTAL-26JUL15ENGARG-ENG1,KXWCTEAMTOTAL-26JUL15ENGARG,,Will England score over 0.5 goals?,,,finalized,2026-07-15T21:04:26Z,,,,,,,,,,,,,,2026-07-29T11:46:28Z
KXWCTEAMTOTAL-26JUL15ENGARG-ARG3,KXWCTEAMTOTAL-26JUL15ENGARG,,Will Argentina score over 2.5 goals?,,,finalized,2026-07-15T21:04:26Z,,,,,,,,,,,,,,2026-07-29T11:46:28Z
KXWCTEAMTOTAL-26JUL15ENGARG-ARG2,KXWCTEAMTOTAL-26JUL15ENGARG,,Will Argentina score over 1.5 goals?,,,finalized,2026-07-15T21:04:26Z,,,,,,,,,,,,,,2026-07-29T11:46:28Z
KXWCTEAMTOTAL-26JUL15ENGARG-ARG1,KXWCTEAMTOTAL-26JUL15ENGARG,,Will Argentina score over 0.5 goals?,,,finalized,2026-07-15T20:54:35Z,,,,,,,,,,,,,,2026-07-29T11:46:28Z
KXWCTEAMTOTAL-26JUL14FRAESP-FRA4,KXWCTEAMTOTAL-26JUL14FRAESP,,Will France score over 3.5 goals?,,,finalized,2026-07-14T20:59:53Z,,,,,,,,,,,,,,2026-07-29T11:46:28Z
KXWCTEAMTOTAL-26JUL14FRAESP-FRA3,KXWCTEAMTOTAL-26JUL14FRAESP,,Will France score over 2.5 goals?,,,finalized,2026-07-14T20:59:53Z,,,,,,,,,,,,,,2026-07-29T11:46:28Z
KXWCTEAMTOTAL-26JUL14FRAESP-FRA2,KXWCTEAMTOTAL-26JUL14FRAESP,,Will France score over 1.5 goals?,,,finalized,2026-07-14T20:59:52Z,,,,,,,,,,,,,,2026-07-29T11:46:28Z
KXWCTEAMTOTAL-26JUL14FRAESP-FRA1,KXWCTEAMTOTAL-26JUL14FRAESP,,Will France score over 0.5 goals?,,,finalized,2026-07-14T20:59:52Z,,,,,,,,,,,,,,2026-07-29T11:46:28Z
KXWCTEAMTOTAL-26JUL14FRAESP-ESP4,KXWCTEAMTOTAL-26JUL14FRAESP,,Will Spain score over 3.5 goals?,,,finalized,2026-07-14T20:59:53Z,,,,,,,,,,,,,,2026-07-29T11:46:28Z
KXWCTEAMTOTAL-26JUL14FRAESP-ESP3,KXWCTEAMTOTAL-26JUL14FRAESP,,Will Spain score over 2.5 goals?,,,finalized,2026-07-14T20:59:53Z,,,,,,,,,,,,,,2026-07-29T11:46:28Z
KXWCTEAMTOTAL-26JUL14FRAESP-ESP2,KXWCTEAMTOTAL-26JUL14FRAESP,,Will Spain score over 1.5 goals?,,,finalized,2026-07-14T20:59:53Z,,,,,,,,,,,,,,2026-07-29T11:46:28Z
KXWCTEAMTOTAL-26JUL14FRAESP-ESP1,KXWCTEAMTOTAL-26JUL14FRAESP,,Will Spain score over 0.5 goals?,,,finalized,2026-07-14T20:20:41Z,,,,,,,,,,,,,,2026-07-29T11:46:28Z
KXWCTEAMTOTAL-26JUL09FRAMAR-FRA5,KXWCTEAMTOTAL-26JUL09FRAMAR,,Will France score over 4.5 goals?,,,finalized,2026-07-09T21:59:50Z,,,,,,,,,,,,,,2026-07-29T11:46:28Z
KXWCTEAMTOTAL-26JUL11ARGSUI-SUI3,KXWCTEAMTOTAL-26JUL11ARGSUI,,Will Switzerland score over 2.5 goals?,,,finalized,2026-07-12T03:04:28Z,,,,,,,,,,,,,,2026-07-29T11:46:28Z
KXWCTEAMTOTAL-26JUL11ARGSUI-SUI2,KXWCTEAMTOTAL-26JUL11ARGSUI,,Will Switzerland score over 1.5 goals?,,,finalized,2026-07-12T03:04:28Z,,,,,,,,,,,,,,2026-07-29T11:46:28Z
KXWCTEAMTOTAL-26JUL11ARGSUI-SUI1,KXWCTEAMTOTAL-26JUL11ARGSUI,,Will Switzerland score over 0.5 goals?,,,finalized,2026-07-12T03:04:28Z,,,,,,,,,,,,,,2026-07-29T11:46:28Z
KXWCTEAMTOTAL-26JUL11ARGSUI-ARG4,KXWCTEAMTOTAL-26JUL11ARGSUI,,Will Argentina score over 3.5 goals?,,,finalized,2026-07-12T03:04:28Z,,,,,,,,,,,,,,2026-07-29T11:46:28Z
KXWCTEAMTOTAL-26JUL11ARGSUI-ARG3,KXWCTEAMTOTAL-26JUL11ARGSUI,,Will Argentina score over 2.5 goals?,,,finalized,2026-07-12T03:04:28Z,,,,,,,,,,,,,,2026-07-29T11:46:28Z
KXWCTEAMTOTAL-26JUL11ARGSUI-ARG2,KXWCTEAMTOTAL-26JUL11ARGSUI,,Will Argentina score over 1.5 goals?,,,finalized,2026-07-12T03:04:28Z,,,,,,,,,,,,,,2026-07-29T11:46:28Z
KXWCTEAMTOTAL-26JUL11ARGSUI-ARG1,KXWCTEAMTOTAL-26JUL11ARGSUI,,Will Argentina score over 0.5 goals?,,,finalized,2026-07-12T03:04:27Z,,,,,,,,,,,,,,2026-07-29T11:46:28Z
KXWCTEAMTOTAL-26JUL07ARGEGY-ARG5,KXWCTEAMTOTAL-26JUL07ARGEGY,,Will Argentina score over 4.5 goals?,,,finalized,2026-07-07T18:04:29Z,,,,,,,,,,,,,,2026-07-29T11:46:28Z
KXWCTEAMTOTAL-26JUL07ARGEGY-EGY4,KXWCTEAMTOTAL-26JUL07ARGEGY,,Will Egypt score over 3.5 goals?,,,finalized,2026-07-07T18:04:30Z,,,,,,,,,,,,,,2026-07-29T11:46:28Z
KXWCTEAMTOTAL-26JUL10ESPBEL-ESP4,KXWCTEAMTOTAL-26JUL10ESPBEL,,Will Spain score over 3.5 goals?,,,finalized,2026-07-10T20:59:46Z,,,,,,,,,,,,,,2026-07-29T11:46:28Z
KXWCTEAMTOTAL-26JUL10ESPBEL-ESP3,KXWCTEAMTOTAL-26JUL10ESPBEL,,Will Spain score over 2.5 goals?,,,finalized,2026-07-10T20:59:46Z,,,,,,,,,,,,,,2026-07-29T11:46:28Z
KXWCTEAMTOTAL-26JUL10ESPBEL-ESP2,KXWCTEAMTOTAL-26JUL10ESPBEL,,Will Spain score over 1.5 goals?,,,finalized,2026-07-10T20:59:46Z,,,,,,,,,,,,,,2026-07-29T11:46:28Z
KXWCTEAMTOTAL-26JUL10ESPBEL-ESP1,KXWCTEAMTOTAL-26JUL10ESPBEL,,Will Spain score over 0.5 goals?,,,finalized,2026-07-10T20:49:39Z,,,,,,,,,,,,,,2026-07-29T11:46:28Z
KXWCTEAMTOTAL-26JUL10ESPBEL-BEL3,KXWCTEAMTOTAL-26JUL10ESPBEL,,Will Belgium score over 2.5 goals?,,,finalized,2026-07-10T20:59:47Z,,,,,,,,,,,,,,2026-07-29T11:46:28Z
KXWCTEAMTOTAL-26JUL10ESPBEL-BEL2,KXWCTEAMTOTAL-26JUL10ESPBEL,,Will Belgium score over 1.5 goals?,,,finalized,2026-07-10T20:59:46Z,,,,,,,,,,,,,,2026-07-29T11:46:28Z
KXWCTEAMTOTAL-26JUL10ESPBEL-BEL1,KXWCTEAMTOTAL-26JUL10ESPBEL,,Will Belgium score over 0.5 goals?,,,finalized,2026-07-10T20:59:46Z,,,,,,,,,,,,,,2026-07-29T11:46:28Z
KXWCTEAMTOTAL-26JUL06USABEL-BEL6,KXWCTEAMTOTAL-26JUL06USABEL,,Will Belgium score over 5.5 goals?,,,finalized,2026-07-07T02:04:29Z,,,,,,,,,,,,,,2026-07-29T11:46:28Z
KXWCTEAMTOTAL-26JUL06USABEL-BEL5,KXWCTEAMTOTAL-26JUL06USABEL,,Will Belgium score over 4.5 goals?,,,finalized,2026-07-07T02:04:29Z,,,,,,,,,,,,,,2026-07-29T11:46:28Z
KXWCTEAMTOTAL-26JUL11NORENG-NOR3,KXWCTEAMTOTAL-26JUL11NORENG,,Will Norway score over 2.5 goals?,,,finalized,2026-07-11T23:04:32Z,,,,,,,,,,,,,,2026-07-29T11:46:28Z
KXWCTEAMTOTAL-26JUL11NORENG-NOR2,KXWCTEAMTOTAL-26JUL11NORENG,,Will Norway score over 1.5 goals?,,,finalized,2026-07-11T23:04:31Z,,,,,,,,,,,,,,2026-07-29T11:46:28Z
KXWCTEAMTOTAL-26JUL11NORENG-NOR1,KXWCTEAMTOTAL-26JUL11NORENG,,Will Norway score over 0.5 goals?,,,finalized,2026-07-11T23:04:31Z,,,,,,,,,,,,,,2026-07-29T11:46:28Z
KXWCTEAMTOTAL-26JUL11NORENG-ENG4,KXWCTEAMTOTAL-26JUL11NORENG,,Will England score over 3.5 goals?,,,finalized,2026-07-11T23:04:32Z,,,,,,,,,,,,,,2026-07-29T11:46:28Z
KXWCTEAMTOTAL-26JUL11NORENG-ENG3,KXWCTEAMTOTAL-26JUL11NORENG,,Will England score over 2.5 goals?,,,finalized,2026-07-11T23:04:32Z,,,,,,,,,,,,,,2026-07-29T11:46:28Z
KXWCTEAMTOTAL-26JUL11NORENG-ENG2,KXWCTEAMTOTAL-26JUL11NORENG,,Will England score over 1.5 goals?,,,finalized,2026-07-11T23:04:32Z,,,,,,,,,,,,,,2026-07-29T11:46:28Z
KXWCTEAMTOTAL-26JUL11NORENG-ENG1,KXWCTEAMTOTAL-26JUL11NORENG,,Will England score over 0.5 goals?,,,finalized,2026-07-11T23:04:32Z,,,,,,,,,,,,,,2026-07-29T11:46:28Z
KXWCTEAMTOTAL-26JUL05MEXENG-MEX5,KXWCTEAMTOTAL-26JUL05MEXENG,,Will Mexico score over 4.5 goals?,,,finalized,2026-07-06T03:04:30Z,,,,,,,,,,,,,,2026-07-29T11:46:28Z
KXWCTEAMTOTAL-26JUL05MEXENG-MEX4,KXWCTEAMTOTAL-26JUL05MEXENG,,Will Mexico score over 3.5 goals?,,,finalized,2026-07-06T03:04:30Z,,,,,,,,,,,,,,2026-07-29T11:46:28Z
KXWCTEAMTOTAL-26JUL05MEXENG-ENG5,KXWCTEAMTOTAL-26JUL05MEXENG,,Will England score over 4.5 goals?,,,finalized,2026-07-06T03:04:29Z,,,,,,,,,,,,,,2026-07-29T11:46:28Z
KXWCTEAMTOTAL-26JUL05BRANOR-NOR4,KXWCTEAMTOTAL-26JUL05BRANOR,,Will Norway score over 3.5 goals?,,,finalized,2026-07-05T22:04:42Z,,,,,,,,,,,,,,2026-07-29T11:46:28Z
KXWCTEAMTOTAL-26JUL09FRAMAR-MAR3,KXWCTEAMTOTAL-26JUL09FRAMAR,,Will Morocco score over 2.5 goals?,,,finalized,2026-07-09T21:59:51Z,,,,,,,,,,,,,,2026-07-29T11:46:28Z
KXWCTEAMTOTAL-26JUL09FRAMAR-MAR2,KXWCTEAMTOTAL-26JUL09FRAMAR,,Will Morocco score over 1.5 goals?,,,finalized,2026-07-09T21:59:51Z,,,,,,,,,,,,,,2026-07-29T11:46:28Z
KXWCTEAMTOTAL-26JUL09FRAMAR-MAR1,KXWCTEAMTOTAL-26JUL09FRAMAR,,Will Morocco score over 0.5 goals?,,,finalized,2026-07-09T21:59:50Z,,,,,,,,,,,,,,2026-07-29T11:46:28Z
KXWCTEAMTOTAL-26JUL09FRAMAR-FRA4,KXWCTEAMTOTAL-26JUL09FRAMAR,,Will France score over 3.5 goals?,,,finalized,2026-07-09T21:59:50Z,,,,,,,,,,,,,,2026-07-29T11:46:28Z
KXWCTEAMTOTAL-26JUL09FRAMAR-FRA3,KXWCTEAMTOTAL-26JUL09FRAMAR,,Will France score over 2.5 goals?,,,finalized,2026-07-09T21:59:50Z,,,,,,,,,,,,,,2026-07-29T11:46:28Z
KXWCTEAMTOTAL-26JUL09FRAMAR-FRA2,KXWCTEAMTOTAL-26JUL09FRAMAR,,Will France score over 1.5 goals?,,,finalized,2026-07-09T21:59:50Z,,,,,,,,,,,,,,2026-07-29T11:46:28Z
KXWCTEAMTOTAL-26JUL09FRAMAR-FRA1,KXWCTEAMTOTAL-26JUL09FRAMAR,,Will France score over 0.5 goals?,,,finalized,2026-07-09T21:29:51Z,,,,,,,,,,,,,,2026-07-29T11:46:28Z
KXWCTEAMTOTAL-26JUL04CANMAR-MAR5,KXWCTEAMTOTAL-26JUL04CANMAR,,Will Morocco score over 4.5 goals?,,,finalized,2026-07-04T19:04:34Z,,,,,,,,,,,,,,2026-07-29T11:46:28Z
KXWCTEAMTOTAL-26JUL07SUICOL-SUI3,KXWCTEAMTOTAL-26JUL07SUICOL,,Will Switzerland score over 2.5 goals?,,,finalized,2026-07-07T21:54:27Z,,,,,,,,,,,,,,2026-07-29T11:46:28Z
KXWCTEAMTOTAL-26JUL07SUICOL-SUI2,KXWCTEAMTOTAL-26JUL07SUICOL,,Will Switzerland score over 1.5 goals?,,,finalized,2026-07-07T21:54:27Z,,,,,,,,,,,,,,2026-07-29T11:46:28Z
KXWCTEAMTOTAL-26JUL07SUICOL-SUI1,KXWCTEAMTOTAL-26JUL07SUICOL,,Will Switzerland score over 0.5 goals?,,,finalized,2026-07-07T21:54:27Z,,,,,,,,,,,,,,2026-07-29T11:46:28Z
KXWCTEAMTOTAL-26JUL07SUICOL-COL4,KXWCTEAMTOTAL-26JUL07SUICOL,,Will Colombia score over 3.5 goals?,,,finalized,2026-07-07T21:54:28Z,,,,,,,,,,,,,,2026-07-29T11:46:28Z
KXWCTEAMTOTAL-26JUL07SUICOL-COL3,KXWCTEAMTOTAL-26JUL07SUICOL,,Will Colombia score over 2.5 goals?,,,finalized,2026-07-07T21:54:28Z,,,,,,,,,,,,,,2026-07-29T11:46:28Z
KXWCTEAMTOTAL-26JUL07SUICOL-COL2,KXWCTEAMTOTAL-26JUL07SUICOL,,Will Colombia score over 1.5 goals?,,,finalized,2026-07-07T21:54:28Z,,,,,,,,,,,,,,2026-07-29T11:46:28Z
KXWCTEAMTOTAL-26JUL07SUICOL-COL1,KXWCTEAMTOTAL-26JUL07SUICOL,,Will Colombia score over 0.5 goals?,,,finalized,2026-07-07T21:54:28Z,,,,,,,,,,,,,,2026-07-29T11:46:28Z
KXWCTEAMTOTAL-26JUL07ARGEGY-EGY3,KXWCTEAMTOTAL-26JUL07ARGEGY,,Will Egypt score over 2.5 goals?,,,finalized,2026-07-07T18:04:30Z,,,,,,,,,,,,,,2026-07-29T11:46:28Z
KXWCTEAMTOTAL-26JUL07ARGEGY-EGY2,KXWCTEAMTOTAL-26JUL07ARGEGY,,Will Egypt score over 1.5 goals?,,,finalized,2026-07-07T18:04:29Z,,,,,,,,,,,,,,2026-07-29T11:46:28Z
KXWCTEAMTOTAL-26JUL07ARGEGY-EGY1,KXWCTEAMTOTAL-26JUL07ARGEGY,,Will Egypt score over 0.5 goals?,,,finalized,2026-07-07T17:34:28Z,,,,,,,,,,,,,,2026-07-29T11:46:28Z
KXWCTEAMTOTAL-26JUL07ARGEGY-ARG4,KXWCTEAMTOTAL-26JUL07ARGEGY,,Will Argentina score over 3.5 goals?,,,finalized,2026-07-07T18:04:29Z,,,,,,,,,,,,,,2026-07-29T11:46:28Z
KXWCTEAMTOTAL-26JUL07ARGEGY-ARG3,KXWCTEAMTOTAL-26JUL07ARGEGY,,Will Argentina score over 2.5 goals?,,,finalized,2026-07-07T18:04:29Z,,,,,,,,,,,,,,2026-07-29T11:46:28Z
KXWCTEAMTOTAL-26JUL07ARGEGY-ARG2,KXWCTEAMTOTAL-26JUL07ARGEGY,,Will Argentina score over 1.5 goals?,,,finalized,2026-07-07T17:59:59Z,,,,,,,,,,,,,,2026-07-29T11:46:28Z
KXWCTEAMTOTAL-26JUL07ARGEGY-ARG1,KXWCTEAMTOTAL-26JUL07ARGEGY,,Will Argentina score over 0.5 goals?,,,finalized,2026-07-07T17:49:44Z,,,,,,,,,,,,,,2026-07-29T11:46:28Z
KXWCTEAMTOTAL-26JUL03AUSEGY-EGY4,KXWCTEAMTOTAL-26JUL03AUSEGY,,Will Egypt score over 3.5 goals?,,,finalized,2026-07-03T19:59:55Z,,,,,,,,,,,,,,2026-07-29T11:46:28Z
KXWCTEAMTOTAL-26JUL02SUIDZA-SUI5,KXWCTEAMTOTAL-26JUL02SUIDZA,,Will Switzerland score over 4.5 goals?,,,finalized,2026-07-03T04:59:48Z,,,,,,,,,,,,,,2026-07-29T11:46:28Z
KXWCTEAMTOTAL-26JUL06PORESP-POR3,KXWCTEAMTOTAL-26JUL06PORESP,,Will Portugal score over 2.5 goals?,,,finalized,2026-07-06T21:04:32Z,,,,,,,,,,,,,,2026-07-29T11:46:28Z
KXWCTEAMTOTAL-26JUL06PORESP-POR2,KXWCTEAMTOTAL-26JUL06PORESP,,Will Portugal score over 1.5 goals?,,,finalized,2026-07-06T21:04:32Z,,,,,,,,,,,,,,2026-07-29T11:46:28Z
KXWCTEAMTOTAL-26JUL06PORESP-POR1,KXWCTEAMTOTAL-26JUL06PORESP,,Will Portugal score over 0.5 goals?,,,finalized,2026-07-06T21:04:32Z,,,,,,,,,,,,,,2026-07-29T11:46:28Z
KXWCTEAMTOTAL-26JUL06PORESP-ESP4,KXWCTEAMTOTAL-26JUL06PORESP,,Will Spain score over 3.5 goals?,,,finalized,2026-07-06T21:04:33Z,,,,,,,,,,,,,,2026-07-29T11:46:28Z
KXWCTEAMTOTAL-26JUL06PORESP-ESP3,KXWCTEAMTOTAL-26JUL06PORESP,,Will Spain score over 2.5 goals?,,,finalized,2026-07-06T21:04:33Z,,,,,,,,,,,,,,2026-07-29T11:46:28Z
KXWCTEAMTOTAL-26JUL06PORESP-ESP2,KXWCTEAMTOTAL-26JUL06PORESP,,Will Spain score over 1.5 goals?,,,finalized,2026-07-06T21:04:33Z,,,,,,,,,,,,,,2026-07-29T11:46:28Z
KXWCTEAMTOTAL-26JUL06PORESP-ESP1,KXWCTEAMTOTAL-26JUL06PORESP,,Will Spain score over 0.5 goals?,,,finalized,2026-07-06T21:04:33Z,,,,,,,,,,,,,,2026-07-29T11:46:28Z
KXWCTEAMTOTAL-26JUL02PORCRO-CRO4,KXWCTEAMTOTAL-26JUL02PORCRO,,Will Croatia score over 3.5 goals?,,,finalized,2026-07-03T01:09:39Z,,,,,,,,,,,,,,2026-07-29T11:46:28Z
KXWCTEAMTOTAL-26JUL02ESPAUT-ESP5,KXWCTEAMTOTAL-26JUL02ESPAUT,,Will Spain score over 4.5 goals?,,,finalized,2026-07-02T20:59:51Z,,,,,,,,,,,,,,2026-07-29T11:46:28Z
KXWCTEAMTOTAL-26JUL06USABEL-USA4,KXWCTEAMTOTAL-26JUL06USABEL,,Will USA score over 3.5 goals?,,,finalized,2026-07-07T02:04:29Z,,,,,,,,,,,,,,2026-07-29T11:46:28Z
KXWCTEAMTOTAL-26JUL06USABEL-USA3,KXWCTEAMTOTAL-26JUL06USABEL,,Will USA score over 2.5 goals?,,,finalized,2026-07-07T02:04:29Z,,,,,,,,,,,,,,2026-07-29T11:46:28Z
KXWCTEAMTOTAL-26JUL06USABEL-USA2,KXWCTEAMTOTAL-26JUL06USABEL,,Will USA score over 1.5 goals?,,,finalized,2026-07-07T02:04:29Z,,,,,,,,,,,,,,2026-07-29T11:46:28Z
KXWCTEAMTOTAL-26JUL06USABEL-USA1,KXWCTEAMTOTAL-26JUL06USABEL,,Will USA score over 0.5 goals?,,,finalized,2026-07-07T02:04:29Z,,,,,,,,,,,,,,2026-07-29T11:46:28Z
KXWCTEAMTOTAL-26JUL06USABEL-BEL4,KXWCTEAMTOTAL-26JUL06USABEL,,Will Belgium score over 3.5 goals?,,,finalized,2026-07-07T02:04:29Z,,,,,,,,,,,,,,2026-07-29T11:46:28Z
KXWCTEAMTOTAL-26JUL06USABEL-BEL3,KXWCTEAMTOTAL-26JUL06USABEL,,Will Belgium score over 2.5 goals?,,,finalized,2026-07-07T02:04:28Z,,,,,,,,,,,,,,2026-07-29T11:46:28Z
KXWCTEAMTOTAL-26JUL06USABEL-BEL2,KXWCTEAMTOTAL-26JUL06USABEL,,Will Belgium score over 1.5 goals?,,,finalized,2026-07-07T01:24:30Z,,,,,,,,,,,,,,2026-07-29T11:46:28Z
KXWCTEAMTOTAL-26JUL06USABEL-BEL1,KXWCTEAMTOTAL-26JUL06USABEL,,Will Belgium score over 0.5 goals?,,,finalized,2026-07-07T00:34:29Z,,,,,,,,,,,,,,2026-07-29T11:46:28Z
KXWCTEAMTOTAL-26JUL01BELSEN-SEN4,KXWCTEAMTOTAL-26JUL01BELSEN,,Will Senegal score over 3.5 goals?,,,finalized,2026-07-01T21:59:54Z,,,,,,,,,,,,,,2026-07-29T11:46:28Z
KXWCTEAMTOTAL-26JUL05MEXENG-MEX3,KXWCTEAMTOTAL-26JUL05MEXENG,,Will Mexico score over 2.5 goals?,,,finalized,2026-07-06T03:04:29Z,,,,,,,,,,,,,,2026-07-29T11:46:28Z
KXWCTEAMTOTAL-26JUL05MEXENG-MEX2,KXWCTEAMTOTAL-26JUL05MEXENG,,Will Mexico score over 1.5 goals?,,,finalized,2026-07-06T03:04:29Z,,,,,,,,,,,,,,2026-07-29T11:46:28Z
KXWCTEAMTOTAL-26JUL05MEXENG-MEX1,KXWCTEAMTOTAL-26JUL05MEXENG,,Will Mexico score over 0.5 goals?,,,finalized,2026-07-06T02:34:33Z,,,,,,,,,,,,,,2026-07-29T11:46:28Z
KXWCTEAMTOTAL-26JUL05MEXENG-ENG4,KXWCTEAMTOTAL-26JUL05MEXENG,,Will England score over 3.5 goals?,,,finalized,2026-07-06T03:04:29Z,,,,,,,,,,,,,,2026-07-29T11:46:28Z
KXWCTEAMTOTAL-26JUL05MEXENG-ENG3,KXWCTEAMTOTAL-26JUL05MEXENG,,Will England score over 2.5 goals?,,,finalized,2026-07-06T03:04:29Z,,,,,,,,,,,,,,2026-07-29T11:46:28Z
KXWCTEAMTOTAL-26JUL05MEXENG-ENG2,KXWCTEAMTOTAL-26JUL05MEXENG,,Will England score over 1.5 goals?,,,finalized,2026-07-06T02:24:28Z,,,,,,,,,,,,,,2026-07-29T11:46:28Z
KXWCTEAMTOTAL-26JUL05MEXENG-ENG1,KXWCTEAMTOTAL-26JUL05MEXENG,,Will England score over 0.5 goals?,,,finalized,2026-07-06T01:39:47Z,,,,,,,,,,,,,,2026-07-29T11:46:28Z
KXWCTEAMTOTAL-26JUN30MEXECU-MEX5,KXWCTEAMTOTAL-26JUN30MEXECU,,Will Mexico score over 4.5 goals?,,,finalized,2026-07-01T04:04:29Z,,,,,,,,,,,,,,2026-07-29T11:46:28Z
KXWCTEAMTOTAL-26JUL04PARFRA-PAR3,KXWCTEAMTOTAL-26JUL04PARFRA,,Will Paraguay score over 2.5 goals?,,,finalized,2026-07-04T23:04:28Z,,,,,,,,,,,,,,2026-07-29T11:46:28Z
KXWCTEAMTOTAL-26JUL04PARFRA-PAR2,KXWCTEAMTOTAL-26JUL04PARFRA,,Will Paraguay score over 1.5 goals?,,,finalized,2026-07-04T23:04:27Z,,,,,,,,,,,,,,2026-07-29T11:46:28Z
KXWCTEAMTOTAL-26JUL04PARFRA-PAR1,KXWCTEAMTOTAL-26JUL04PARFRA,,Will Paraguay score over 0.5 goals?,,,finalized,2026-07-04T23:04:27Z,,,,,,,,,,,,,,2026-07-29T11:46:28Z
KXWCTEAMTOTAL-26JUL04PARFRA-FRA6,KXWCTEAMTOTAL-26JUL04PARFRA,,Will France score over 5.5 goals?,,,finalized,2026-07-04T23:04:28Z,,,,,,,,,,,,,,2026-07-29T11:46:28Z
KXWCTEAMTOTAL-26JUL04PARFRA-FRA5,KXWCTEAMTOTAL-26JUL04PARFRA,,Will France score over 4.5 goals?,,,finalized,2026-07-04T23:04:28Z,,,,,,,,,,,,,,2026-07-29T11:46:28Z
KXWCTEAMTOTAL-26JUL04PARFRA-FRA4,KXWCTEAMTOTAL-26JUL04PARFRA,,Will France score over 3.5 goals?,,,finalized,2026-07-04T23:04:28Z,,,,,,,,,,,,,,2026-07-29T11:46:28Z
KXWCTEAMTOTAL-26JUL04PARFRA-FRA3,KXWCTEAMTOTAL-26JUL04PARFRA,,Will France score over 2.5 goals?,,,finalized,2026-07-04T23:04:28Z,,,,,,,,,,,,,,2026-07-29T11:46:28Z
KXWCTEAMTOTAL-26JUL04PARFRA-FRA2,KXWCTEAMTOTAL-26JUL04PARFRA,,Will France score over 1.5 goals?,,,finalized,2026-07-04T23:04:28Z,,,,,,,,,,,,,,2026-07-29T11:46:28Z
KXWCTEAMTOTAL-26JUL04PARFRA-FRA1,KXWCTEAMTOTAL-26JUL04PARFRA,,Will France score over 0.5 goals?,,,finalized,2026-07-04T23:04:28Z,,,,,,,,,,,,,,2026-07-29T11:46:28Z
KXWCTEAMTOTAL-26JUL05BRANOR-NOR3,KXWCTEAMTOTAL-26JUL05BRANOR,,Will Norway score over 2.5 goals?,,,finalized,2026-07-05T22:04:42Z,,,,,,,,,,,,,,2026-07-29T11:46:28Z
KXWCTEAMTOTAL-26JUL05BRANOR-NOR2,KXWCTEAMTOTAL-26JUL05BRANOR,,Will Norway score over 1.5 goals?,,,finalized,2026-07-05T22:04:42Z,,,,,,,,,,,,,,2026-07-29T11:46:28Z
KXWCTEAMTOTAL-26JUL05BRANOR-NOR1,KXWCTEAMTOTAL-26JUL05BRANOR,,Will Norway score over 0.5 goals?,,,finalized,2026-07-05T21:54:31Z,,,,,,,,,,,,,,2026-07-29T11:46:28Z
KXWCTEAMTOTAL-26JUL05BRANOR-BRA4,KXWCTEAMTOTAL-26JUL05BRANOR,,Will Brazil score over 3.5 goals?,,,finalized,2026-07-05T22:04:42Z,,,,,,,,,,,,,,2026-07-29T11:46:28Z
KXWCTEAMTOTAL-26JUL05BRANOR-BRA3,KXWCTEAMTOTAL-26JUL05BRANOR,,Will Brazil score over 2.5 goals?,,,finalized,2026-07-05T22:04:41Z,,,,,,,,,,,,,,2026-07-29T11:46:28Z
KXWCTEAMTOTAL-26JUL05BRANOR-BRA2,KXWCTEAMTOTAL-26JUL05BRANOR,,Will Brazil score over 1.5 goals?,,,finalized,2026-07-05T22:04:41Z,,,,,,,,,,,,,,2026-07-29T11:46:28Z
KXWCTEAMTOTAL-26JUL05BRANOR-BRA1,KXWCTEAMTOTAL-26JUL05BRANOR,,Will Brazil score over 0.5 goals?,,,finalized,2026-07-05T22:04:41Z,,,,,,,,,,,,,,2026-07-29T11:46:28Z
KXWCTEAMTOTAL-26JUL04CANMAR-MAR4,KXWCTEAMTOTAL-26JUL04CANMAR,,Will Morocco score over 3.5 goals?,,,finalized,2026-07-04T19:04:34Z,,,,,,,,,,,,,,2026-07-29T11:46:28Z
KXWCTEAMTOTAL-26JUL04CANMAR-MAR3,KXWCTEAMTOTAL-26JUL04CANMAR,,Will Morocco score over 2.5 goals?,,,finalized,2026-07-04T19:04:34Z,,,,,,,,,,,,,,2026-07-29T11:46:28Z
KXWCTEAMTOTAL-26JUL04CANMAR-MAR2,KXWCTEAMTOTAL-26JUL04CANMAR,,Will Morocco score over 1.5 goals?,,,finalized,2026-07-04T19:04:34Z,,,,,,,,,,,,,,2026-07-29T11:46:28Z
KXWCTEAMTOTAL-26JUL04CANMAR-MAR1,KXWCTEAMTOTAL-26JUL04CANMAR,,Will Morocco score over 0.5 goals?,,,finalized,2026-07-04T18:49:42Z,,,,,,,,,,,,,,2026-07-29T11:46:28Z
KXWCTEAMTOTAL-26JUL04CANMAR-CAN3,KXWCTEAMTOTAL-26JUL04CANMAR,,Will Canada score over 2.5 goals?,,,finalized,2026-07-04T19:04:34Z,,,,,,,,,,,,,,2026-07-29T11:46:28Z
KXWCTEAMTOTAL-26JUL04CANMAR-CAN2,KXWCTEAMTOTAL-26JUL04CANMAR,,Will Canada score over 1.5 goals?,,,finalized,2026-07-04T19:04:34Z,,,,,,,,,,,,,,2026-07-29T11:46:28Z
KXWCTEAMTOTAL-26JUL04CANMAR-CAN1,KXWCTEAMTOTAL-26JUL04CANMAR,,Will Canada score over 0.5 goals?,,,finalized,2026-07-04T19:04:33Z,,,,,,,,,,,,,,2026-07-29T11:46:28Z
KXWCTEAMTOTAL-26JUL02ESPAUT-ESP4,KXWCTEAMTOTAL-26JUL02ESPAUT,,Will Spain score over 3.5 goals?,,,finalized,2026-07-02T20:59:51Z,,,,,,,,,,,,,,2026-07-29T11:46:28Z
KXWCTEAMTOTAL-26JUL02ESPAUT-ESP3,KXWCTEAMTOTAL-26JUL02ESPAUT,,Will Spain score over 2.5 goals?,,,finalized,2026-07-02T20:59:51Z,,,,,,,,,,,,,,2026-07-29T11:46:28Z
KXWCTEAMTOTAL-26JUL02ESPAUT-ESP2,KXWCTEAMTOTAL-26JUL02ESPAUT,,Will Spain score over 1.5 goals?,,,finalized,2026-07-02T20:54:34Z,,,,,,,,,,,,,,2026-07-29T11:46:28Z
KXWCTEAMTOTAL-26JUL02ESPAUT-ESP1,KXWCTEAMTOTAL-26JUL02ESPAUT,,Will Spain score over 0.5 goals?,,,finalized,2026-07-02T20:29:51Z,,,,,,,,,,,,,,2026-07-29T11:46:28Z
KXWCTEAMTOTAL-26JUL02ESPAUT-AUT3,KXWCTEAMTOTAL-26JUL02ESPAUT,,Will Austria score over 2.5 goals?,,,finalized,2026-07-02T20:59:51Z,,,,,,,,,,,,,,2026-07-29T11:46:28Z
KXWCTEAMTOTAL-26JUL02ESPAUT-AUT2,KXWCTEAMTOTAL-26JUL02ESPAUT,,Will Austria score over 1.5 goals?,,,finalized,2026-07-02T20:59:50Z,,,,,,,,,,,,,,2026-07-29T11:46:28Z
KXWCTEAMTOTAL-26JUL02ESPAUT-AUT1,KXWCTEAMTOTAL-26JUL02ESPAUT,,Will Austria score over 0.5 goals?,,,finalized,2026-07-02T20:59:50Z,,,,,,,,,,,,,,2026-07-29T11:46:28Z
KXWCTEAMTOTAL-26JUL02SUIDZA-SUI4,KXWCTEAMTOTAL-26JUL02SUIDZA,,Will Switzerland score over 3.5 goals?,,,finalized,2026-07-03T04:59:47Z,,,,,,,,,,,,,,2026-07-29T11:46:28Z
KXWCTEAMTOTAL-26JUL02SUIDZA-SUI3,KXWCTEAMTOTAL-26JUL02SUIDZA,,Will Switzerland score over 2.5 goals?,,,finalized,2026-07-03T04:59:47Z,,,,,,,,,,,,,,2026-07-29T11:46:28Z
KXWCTEAMTOTAL-26JUL02SUIDZA-SUI2,KXWCTEAMTOTAL-26JUL02SUIDZA,,Will Switzerland score over 1.5 goals?,,,finalized,2026-07-03T04:59:47Z,,,,,,,,,,,,,,2026-07-29T11:46:28Z
KXWCTEAMTOTAL-26JUL02SUIDZA-SUI1,KXWCTEAMTOTAL-26JUL02SUIDZA,,Will Switzerland score over 0.5 goals?,,,finalized,2026-07-03T04:09:41Z,,,,,,,,,,,,,,2026-07-29T11:46:28Z
KXWCTEAMTOTAL-26JUL02SUIDZA-DZA3,KXWCTEAMTOTAL-26JUL02SUIDZA,,Will Algeria score over 2.5 goals?,,,finalized,2026-07-03T04:59:47Z,,,,,,,,,,,,,,2026-07-29T11:46:28Z
KXWCTEAMTOTAL-26JUL02SUIDZA-DZA2,KXWCTEAMTOTAL-26JUL02SUIDZA,,Will Algeria score over 1.5 goals?,,,finalized,2026-07-03T04:59:47Z,,,,,,,,,,,,,,2026-07-29T11:46:28Z
KXWCTEAMTOTAL-26JUL02SUIDZA-DZA1,KXWCTEAMTOTAL-26JUL02SUIDZA,,Will Algeria score over 0.5 goals?,,,finalized,2026-07-03T04:59:46Z,,,,,,,,,,,,,,2026-07-29T11:46:28Z
KXWCTEAMTOTAL-26JUN30MEXECU-MEX4,KXWCTEAMTOTAL-26JUN30MEXECU,,Will Mexico score over 3.5 goals?,,,finalized,2026-07-01T04:04:29Z,,,,,,,,,,,,,,2026-07-29T11:46:28Z
KXWCTEAMTOTAL-26JUN30MEXECU-MEX3,KXWCTEAMTOTAL-26JUN30MEXECU,,Will Mexico score over 2.5 goals?,,,finalized,2026-07-01T04:04:28Z,,,,,,,,,,,,,,2026-07-29T11:46:28Z
KXWCTEAMTOTAL-26JUN30MEXECU-MEX2,KXWCTEAMTOTAL-26JUN30MEXECU,,Will Mexico score over 1.5 goals?,,,finalized,2026-07-01T04:04:28Z,,,,,,,,,,,,,,2026-07-29T11:46:28Z
KXWCTEAMTOTAL-26JUN30MEXECU-MEX1,KXWCTEAMTOTAL-26JUN30MEXECU,,Will Mexico score over 0.5 goals?,,,finalized,2026-07-01T02:34:27Z,,,,,,,,,,,,,,2026-07-29T11:46:28Z
KXWCTEAMTOTAL-26JUN30MEXECU-ECU3,KXWCTEAMTOTAL-26JUN30MEXECU,,Will Ecuador score over 2.5 goals?,,,finalized,2026-07-01T04:04:28Z,,,,,,,,,,,,,,2026-07-29T11:46:28Z
KXWCTEAMTOTAL-26JUN30MEXECU-ECU2,KXWCTEAMTOTAL-26JUN30MEXECU,,Will Ecuador score over 1.5 goals?,,,finalized,2026-07-01T04:04:28Z,,,,,,,,,,,,,,2026-07-29T11:46:28Z
KXWCTEAMTOTAL-26JUN30MEXECU-ECU1,KXWCTEAMTOTAL-26JUN30MEXECU,,Will Ecuador score over 0.5 goals?,,,finalized,2026-07-01T04:04:28Z,,,,,,,,,,,,,,2026-07-29T11:46:28Z
KXWCTEAMTOTAL-26JUL01ENGCOD-ENG6,KXWCTEAMTOTAL-26JUL01ENGCOD,,Will England score over 5.5 goals?,,,finalized,2026-07-01T17:59:57Z,,,,,,,,,,,,,,2026-07-29T11:46:28Z
KXWCTEAMTOTAL-26JUL01ENGCOD-ENG5,KXWCTEAMTOTAL-26JUL01ENGCOD,,Will England score over 4.5 goals?,,,finalized,2026-07-01T17:59:57Z,,,,,,,,,,,,,,2026-07-29T11:46:28Z
KXWCTEAMTOTAL-26JUL01ENGCOD-ENG4,KXWCTEAMTOTAL-26JUL01ENGCOD,,Will England score over 3.5 goals?,,,finalized,2026-07-01T17:59:57Z,,,,,,,,,,,,,,2026-07-29T11:46:28Z
KXWCTEAMTOTAL-26JUL01ENGCOD-ENG3,KXWCTEAMTOTAL-26JUL01ENGCOD,,Will England score over 2.5 goals?,,,finalized,2026-07-01T17:59:57Z,,,,,,,,,,,,,,2026-07-29T11:46:28Z
KXWCTEAMTOTAL-26JUL01ENGCOD-ENG2,KXWCTEAMTOTAL-26JUL01ENGCOD,,Will England score over 1.5 goals?,,,finalized,2026-07-01T17:59:56Z,,,,,,,,,,,,,,2026-07-29T11:46:28Z
KXWCTEAMTOTAL-26JUL01ENGCOD-ENG1,KXWCTEAMTOTAL-26JUL01ENGCOD,,Will England score over 0.5 goals?,,,finalized,2026-07-01T17:50:24Z,,,,,,,,,,,,,,2026-07-29T11:46:28Z
KXWCTEAMTOTAL-26JUL01ENGCOD-COD3,KXWCTEAMTOTAL-26JUL01ENGCOD,,Will Congo DR score over 2.5 goals?,,,finalized,2026-07-01T17:59:58Z,,,,,,,,,,,,,,2026-07-29T11:46:28Z
KXWCTEAMTOTAL-26JUL01ENGCOD-COD2,KXWCTEAMTOTAL-26JUL01ENGCOD,,Will Congo DR score over 1.5 goals?,,,finalized,2026-07-01T17:59:57Z,,,,,,,,,,,,,,2026-07-29T11:46:28Z
KXWCTEAMTOTAL-26JUL01ENGCOD-COD1,KXWCTEAMTOTAL-26JUL01ENGCOD,,Will Congo DR score over 0.5 goals?,,,finalized,2026-07-01T17:59:57Z,,,,,,,,,,,,,,2026-07-29T11:46:28Z
KXWCTEAMTOTAL-26JUL01BELSEN-SEN3,KXWCTEAMTOTAL-26JUL01BELSEN,,Will Senegal score over 2.5 goals?,,,finalized,2026-07-01T21:59:54Z,,,,,,,,,,,,,,2026-07-29T11:46:28Z
KXWCTEAMTOTAL-26JUL01BELSEN-SEN2,KXWCTEAMTOTAL-26JUL01BELSEN,,Will Senegal score over 1.5 goals?,,,finalized,2026-07-01T21:59:54Z,,,,,,,,,,,,,,2026-07-29T11:46:28Z
KXWCTEAMTOTAL-26JUL01BELSEN-SEN1,KXWCTEAMTOTAL-26JUL01BELSEN,,Will Senegal score over 0.5 goals?,,,finalized,2026-07-01T21:14:43Z,,,,,,,,,,,,,,2026-07-29T11:46:28Z
KXWCTEAMTOTAL-26JUL01BELSEN-BEL4,KXWCTEAMTOTAL-26JUL01BELSEN,,Will Belgium score over 3.5 goals?,,,finalized,2026-07-01T21:59:54Z,,,,,,,,,,,,,,2026-07-29T11:46:28Z
KXWCTEAMTOTAL-26JUL01BELSEN-BEL3,KXWCTEAMTOTAL-26JUL01BELSEN,,Will Belgium score over 2.5 goals?,,,finalized,2026-07-01T21:59:54Z,,,,,,,,,,,,,,2026-07-29T11:46:28Z
KXWCTEAMTOTAL-26JUL01BELSEN-BEL2,KXWCTEAMTOTAL-26JUL01BELSEN,,Will Belgium score over 1.5 goals?,,,finalized,2026-07-01T21:59:54Z,,,,,,,,,,,,,,2026-07-29T11:46:28Z
KXWCTEAMTOTAL-26JUL01BELSEN-BEL1,KXWCTEAMTOTAL-26JUL01BELSEN,,Will Belgium score over 0.5 goals?,,,finalized,2026-07-01T21:54:28Z,,,,,,,,,,,,,,2026-07-29T11:46:28Z
KXWCTEAMTOTAL-26JUL02PORCRO-POR4,KXWCTEAMTOTAL-26JUL02PORCRO,,Will Portugal score over 3.5 goals?,,,finalized,2026-07-03T01:09:39Z,,,,,,,,,,,,,,2026-07-29T11:46:28Z
KXWCTEAMTOTAL-26JUL02PORCRO-POR3,KXWCTEAMTOTAL-26JUL02PORCRO,,Will Portugal score over 2.5 goals?,,,finalized,2026-07-03T01:09:39Z,,,,,,,,,,,,,,2026-07-29T11:46:28Z
KXWCTEAMTOTAL-26JUL02PORCRO-POR2,KXWCTEAMTOTAL-26JUL02PORCRO,,Will Portugal score over 1.5 goals?,,,finalized,2026-07-03T01:09:39Z,,,,,,,,,,,,,,2026-07-29T11:46:28Z
KXWCTEAMTOTAL-26JUL02PORCRO-POR1,KXWCTEAMTOTAL-26JUL02PORCRO,,Will Portugal score over 0.5 goals?,,,finalized,2026-07-03T00:54:30Z,,,,,,,,,,,,,,2026-07-29T11:46:28Z
KXWCTEAMTOTAL-26JUL02PORCRO-CRO3,KXWCTEAMTOTAL-26JUL02PORCRO,,Will Croatia score over 2.5 goals?,,,finalized,2026-07-03T01:09:38Z,,,,,,,,,,,,,,2026-07-29T11:46:28Z
KXWCTEAMTOTAL-26JUL02PORCRO-CRO2,KXWCTEAMTOTAL-26JUL02PORCRO,,Will Croatia score over 1.5 goals?,,,finalized,2026-07-03T01:09:38Z,,,,,,,,,,,,,,2026-07-29T11:46:28Z
KXWCTEAMTOTAL-26JUL02PORCRO-CRO1,KXWCTEAMTOTAL-26JUL02PORCRO,,Will Croatia score over 0.5 goals?,,,finalized,2026-07-03T01:09:38Z,,,,,,,,,,,,,,2026-07-29T11:46:28Z
KXWCTEAMTOTAL-26JUL03COLGHA-GHA3,KXWCTEAMTOTAL-26JUL03COLGHA,,Will Ghana score over 2.5 goals?,,,finalized,2026-07-04T03:34:29Z,,,,,,,,,,,,,,2026-07-29T11:46:28Z
KXWCTEAMTOTAL-26JUL03COLGHA-GHA2,KXWCTEAMTOTAL-26JUL03COLGHA,,Will Ghana score over 1.5 goals?,,,finalized,2026-07-04T03:34:28Z,,,,,,,,,,,,,,2026-07-29T11:46:28Z
KXWCTEAMTOTAL-26JUL03COLGHA-GHA1,KXWCTEAMTOTAL-26JUL03COLGHA,,Will Ghana score over 0.5 goals?,,,finalized,2026-07-04T03:34:28Z,,,,,,,,,,,,,,2026-07-29T11:46:28Z
KXWCTEAMTOTAL-26JUL03COLGHA-COL4,KXWCTEAMTOTAL-26JUL03COLGHA,,Will Colombia score over 3.5 goals?,,,finalized,2026-07-04T03:34:28Z,,,,,,,,,,,,,,2026-07-29T11:46:28Z
KXWCTEAMTOTAL-26JUL03COLGHA-COL3,KXWCTEAMTOTAL-26JUL03COLGHA,,Will Colombia score over 2.5 goals?,,,finalized,2026-07-04T03:34:28Z,,,,,,,,,,,,,,2026-07-29T11:46:28Z
KXWCTEAMTOTAL-26JUL03COLGHA-COL2,KXWCTEAMTOTAL-26JUL03COLGHA,,Will Colombia score over 1.5 goals?,,,finalized,2026-07-04T03:34:28Z,,,,,,,,,,,,,,2026-07-29T11:46:28Z
KXWCTEAMTOTAL-26JUL03COLGHA-COL1,KXWCTEAMTOTAL-26JUL03COLGHA,,Will Colombia score over 0.5 goals?,,,finalized,2026-07-04T03:34:28Z,,,,,,,,,,,,,,2026-07-29T11:46:28Z
KXWCTEAMTOTAL-26JUN27DZAAUT-DZA5,KXWCTEAMTOTAL-26JUN27DZAAUT,,Will Algeria score over 4.5 goals?,,,finalized,2026-06-28T04:00:00Z,,,,,,,,,,,,,,2026-07-29T11:46:28Z
KXWCTEAMTOTAL-26JUN27DZAAUT-AUT5,KXWCTEAMTOTAL-26JUN27DZAAUT,,Will Austria score over 4.5 goals?,,,finalized,2026-06-28T04:00:00Z,,,,,,,,,,,,,,2026-07-29T11:46:28Z
KXWCTEAMTOTAL-26JUN27DZAAUT-DZA4,KXWCTEAMTOTAL-26JUN27DZAAUT,,Will Algeria score over 3.5 goals?,,,finalized,2026-06-28T04:00:00Z,,,,,,,,,,,,,,2026-07-29T11:46:28Z
KXWCTEAMTOTAL-26JUN27CODUZB-COD5,KXWCTEAMTOTAL-26JUN27CODUZB,,Will Congo DR score over 4.5 goals?,,,finalized,2026-06-28T01:34:29Z,,,,,,,,,,,,,,2026-07-29T11:46:28Z
KXWCTEAMTOTAL-26JUN27CODUZB-UZB4,KXWCTEAMTOTAL-26JUN27CODUZB,,Will Uzbekistan score over 3.5 goals?,,,finalized,2026-06-28T01:34:29Z,,,,,,,,,,,,,,2026-07-29T11:46:28Z
KXWCTEAMTOTAL-26JUN29GERPAR-PAR3,KXWCTEAMTOTAL-26JUN29GERPAR,,Will Paraguay score over 2.5 goals?,,,finalized,2026-06-29T22:50:38Z,,,,,,,,,,,,,,2026-07-29T11:46:28Z
KXWCTEAMTOTAL-26JUN29GERPAR-PAR2,KXWCTEAMTOTAL-26JUN29GERPAR,,Will Paraguay score over 1.5 goals?,,,finalized,2026-06-29T22:50:38Z,,,,,,,,,,,,,,2026-07-29T11:46:28Z
KXWCTEAMTOTAL-26JUN29GERPAR-PAR1,KXWCTEAMTOTAL-26JUN29GERPAR,,Will Paraguay score over 0.5 goals?,,,finalized,2026-06-29T22:50:38Z,,,,,,,,,,,,,,2026-07-29T11:46:28Z
KXWCTEAMTOTAL-26JUN29GERPAR-GER4,KXWCTEAMTOTAL-26JUN29GERPAR,,Will Germany score over 3.5 goals?,,,finalized,2026-06-29T22:50:37Z,,,,,,,,,,,,,,2026-07-29T11:46:28Z
KXWCTOTAL-26JUL18FRAENG-12,KXWCTOTAL-26JUL18FRAENG,,Will over 11.5 goals be scored?,,,finalized,2026-07-18T23:07:01Z,,,,,,,,,,,,,,2026-07-29T11:46:28Z
KXWCTOTAL-26JUL18FRAENG-11,KXWCTOTAL-26JUL18FRAENG,,Will over 10.5 goals be scored?,,,finalized,2026-07-18T23:07:00Z,,,,,,,,,,,,,,2026-07-29T11:46:28Z
KXWCTOTAL-26JUL18FRAENG-10,KXWCTOTAL-26JUL18FRAENG,,Will over 9.5 goals be scored?,,,finalized,2026-07-18T23:07:00Z,,,,,,,,,,,,,,2026-07-29T11:46:28Z
KXWCTOTAL-26JUL18FRAENG-9,KXWCTOTAL-26JUL18FRAENG,,Will over 8.5 goals be scored?,,,finalized,2026-07-18T23:07:00Z,,,,,,,,,,,,,,2026-07-29T11:46:28Z
KXWCTOTAL-26JUL18FRAENG-8,KXWCTOTAL-26JUL18FRAENG,,Will over 7.5 goals be scored?,,,finalized,2026-07-18T23:07:00Z,,,,,,,,,,,,,,2026-07-29T11:46:28Z
KXWCTOTAL-26JUL18FRAENG-7,KXWCTOTAL-26JUL18FRAENG,,Will over 6.5 goals be scored?,,,finalized,2026-07-18T22:52:17Z,,,,,,,,,,,,,,2026-07-29T11:46:28Z
KXWCTOTAL-26JUL18FRAENG-6,KXWCTOTAL-26JUL18FRAENG,,Will over 5.5 goals be scored?,,,finalized,2026-07-18T22:32:45Z,,,,,,,,,,,,,,2026-07-29T11:46:28Z
KXWCTOTAL-26JUL18FRAENG-5,KXWCTOTAL-26JUL18FRAENG,,Will over 4.5 goals be scored?,,,finalized,2026-07-18T22:17:02Z,,,,,,,,,,,,,,2026-07-29T11:46:28Z
KXWCTOTAL-26JUL18FRAENG-4,KXWCTOTAL-26JUL18FRAENG,,Will over 3.5 goals be scored?,,,finalized,2026-07-18T22:12:19Z,,,,,,,,,,,,,,2026-07-29T11:46:28Z
KXWCTOTAL-26JUL18FRAENG-3,KXWCTOTAL-26JUL18FRAENG,,Will over 2.5 goals be scored?,,,finalized,2026-07-18T21:47:04Z,,,,,,,,,,,,,,2026-07-29T11:46:28Z
KXWCTOTAL-26JUL18FRAENG-2,KXWCTOTAL-26JUL18FRAENG,,Will over 1.5 goals be scored?,,,finalized,2026-07-18T21:36:56Z,,,,,,,,,,,,,,2026-07-29T11:46:28Z
KXWCTOTAL-26JUL18FRAENG-1,KXWCTOTAL-26JUL18FRAENG,,Will over 0.5 goals be scored?,,,finalized,2026-07-18T21:23:19Z,,,,,,,,,,,,,,2026-07-29T11:46:28Z
KXWCTOTAL-26JUL19ESPARG-6,KXWCTOTAL-26JUL19ESPARG,,Will over 5.5 goals be scored?,,,finalized,2026-07-19T21:20:46Z,,,,,,,,,,,,,,2026-07-29T11:46:28Z
KXWCTOTAL-26JUL19ESPARG-5,KXWCTOTAL-26JUL19ESPARG,,Will over 4.5 goals be scored?,,,finalized,2026-07-19T21:20:46Z,,,,,,,,,,,,,,2026-07-29T11:46:28Z
KXWCTOTAL-26JUL19ESPARG-4,KXWCTOTAL-26JUL19ESPARG,,Will over 3.5 goals be scored?,,,finalized,2026-07-19T21:20:46Z,,,,,,,,,,,,,,2026-07-29T11:46:28Z
KXWCTOTAL-26JUL19ESPARG-3,KXWCTOTAL-26JUL19ESPARG,,Will over 2.5 goals be scored?,,,finalized,2026-07-19T21:20:46Z,,,,,,,,,,,,,,2026-07-29T11:46:28Z
KXWCTOTAL-26JUL19ESPARG-2,KXWCTOTAL-26JUL19ESPARG,,Will over 1.5 goals be scored?,,,finalized,2026-07-19T21:20:46Z,,,,,,,,,,,,,,2026-07-29T11:46:28Z
KXWCTOTAL-26JUL19ESPARG-1,KXWCTOTAL-26JUL19ESPARG,,Will over 0.5 goals be scored?,,,finalized,2026-07-19T21:20:46Z,,,,,,,,,,,,,,2026-07-29T11:46:28Z
KXWCTOTAL-26JUL15ENGARG-6,KXWCTOTAL-26JUL15ENGARG,,Will over 5.5 goals be scored?,,,finalized,2026-07-15T21:05:18Z,,,,,,,,,,,,,,2026-07-29T11:46:28Z
KXWCTOTAL-26JUL15ENGARG-5,KXWCTOTAL-26JUL15ENGARG,,Will over 4.5 goals be scored?,,,finalized,2026-07-15T21:05:18Z,,,,,,,,,,,,,,2026-07-29T11:46:28Z
KXWCTOTAL-26JUL15ENGARG-4,KXWCTOTAL-26JUL15ENGARG,,Will over 3.5 goals be scored?,,,finalized,2026-07-15T21:05:17Z,,,,,,,,,,,,,,2026-07-29T11:46:28Z
KXWCTOTAL-26JUL15ENGARG-3,KXWCTOTAL-26JUL15ENGARG,,Will over 2.5 goals be scored?,,,finalized,2026-07-15T21:05:17Z,,,,,,,,,,,,,,2026-07-29T11:46:28Z
KXWCTOTAL-26JUL15ENGARG-2,KXWCTOTAL-26JUL15ENGARG,,Will over 1.5 goals be scored?,,,finalized,2026-07-15T20:55:44Z,,,,,,,,,,,,,,2026-07-29T11:46:28Z
KXWCTOTAL-26JUL15ENGARG-1,KXWCTOTAL-26JUL15ENGARG,,Will over 0.5 goals be scored?,,,finalized,2026-07-15T20:50:33Z,,,,,,,,,,,,,,2026-07-29T11:46:28Z
KXWCTOTAL-26JUL11NORENG-7,KXWCTOTAL-26JUL11NORENG,,Will over 6.5 goals be scored?,,,finalized,2026-07-11T23:00:34Z,,,,,,,,,,,,,,2026-07-29T11:46:28Z
KXWCTOTAL-26JUL14FRAESP-6,KXWCTOTAL-26JUL14FRAESP,,Will over 5.5 goals be scored?,,,finalized,2026-07-14T21:00:36Z,,,,,,,,,,,,,,2026-07-29T11:46:28Z
KXWCTOTAL-26JUL14FRAESP-5,KXWCTOTAL-26JUL14FRAESP,,Will over 4.5 goals be scored?,,,finalized,2026-07-14T21:00:36Z,,,,,,,,,,,,,,2026-07-29T11:46:28Z
KXWCTOTAL-26JUL14FRAESP-4,KXWCTOTAL-26JUL14FRAESP,,Will over 3.5 goals be scored?,,,finalized,2026-07-14T21:00:36Z,,,,,,,,,,,,,,2026-07-29T11:46:28Z
KXWCTOTAL-26JUL14FRAESP-3,KXWCTOTAL-26JUL14FRAESP,,Will over 2.5 goals be scored?,,,finalized,2026-07-14T21:00:36Z,,,,,,,,,,,,,,2026-07-29T11:46:28Z
KXWCTOTAL-26JUL14FRAESP-2,KXWCTOTAL-26JUL14FRAESP,,Will over 1.5 goals be scored?,,,finalized,2026-07-14T21:00:35Z,,,,,,,,,,,,,,2026-07-29T11:46:28Z
KXWCTOTAL-26JUL14FRAESP-1,KXWCTOTAL-26JUL14FRAESP,,Will over 0.5 goals be scored?,,,finalized,2026-07-14T20:21:34Z,,,,,,,,,,,,,,2026-07-29T11:46:28Z
KXWCTOTAL-26JUL10ESPBEL-7,KXWCTOTAL-26JUL10ESPBEL,,Will over 6.5 goals be scored?,,,finalized,2026-07-10T21:00:25Z,,,,,,,,,,,,,,2026-07-29T11:46:28Z
KXWCTOTAL-26JUL11ARGSUI-6,KXWCTOTAL-26JUL11ARGSUI,,Will over 5.5 goals be scored?,,,finalized,2026-07-12T03:00:40Z,,,,,,,,,,,,,,2026-07-29T11:46:28Z
KXWCTOTAL-26JUL11ARGSUI-5,KXWCTOTAL-26JUL11ARGSUI,,Will over 4.5 goals be scored?,,,finalized,2026-07-12T03:00:39Z,,,,,,,,,,,,,,2026-07-29T11:46:28Z
KXWCTOTAL-26JUL11ARGSUI-4,KXWCTOTAL-26JUL11ARGSUI,,Will over 3.5 goals be scored?,,,finalized,2026-07-12T03:00:39Z,,,,,,,,,,,,,,2026-07-29T11:46:28Z
KXWCTOTAL-26JUL11ARGSUI-3,KXWCTOTAL-26JUL11ARGSUI,,Will over 2.5 goals be scored?,,,finalized,2026-07-12T03:00:39Z,,,,,,,,,,,,,,2026-07-29T11:46:28Z
KXWCTOTAL-26JUL11ARGSUI-2,KXWCTOTAL-26JUL11ARGSUI,,Will over 1.5 goals be scored?,,,finalized,2026-07-12T03:00:39Z,,,,,,,,,,,,,,2026-07-29T11:46:28Z
KXWCTOTAL-26JUL11ARGSUI-1,KXWCTOTAL-26JUL11ARGSUI,,Will over 0.5 goals be scored?,,,finalized,2026-07-12T02:30:33Z,,,,,,,,,,,,,,2026-07-29T11:46:28Z
KXWCTOTAL-26JUL07ARGEGY-7,KXWCTOTAL-26JUL07ARGEGY,,Will over 6.5 goals be scored?,,,finalized,2026-07-07T18:05:26Z,,,,,,,,,,,,,,2026-07-29T11:46:28Z
KXWCTOTAL-26JUL10ESPBEL-6,KXWCTOTAL-26JUL10ESPBEL,,Will over 5.5 goals be scored?,,,finalized,2026-07-10T21:00:25Z,,,,,,,,,,,,,,2026-07-29T11:46:28Z
KXWCTOTAL-26JUL10ESPBEL-5,KXWCTOTAL-26JUL10ESPBEL,,Will over 4.5 goals be scored?,,,finalized,2026-07-10T21:00:24Z,,,,,,,,,,,,,,2026-07-29T11:46:28Z
KXWCTOTAL-26JUL10ESPBEL-4,KXWCTOTAL-26JUL10ESPBEL,,Will over 3.5 goals be scored?,,,finalized,2026-07-10T21:00:24Z,,,,,,,,,,,,,,2026-07-29T11:46:28Z
KXWCTOTAL-26JUL10ESPBEL-3,KXWCTOTAL-26JUL10ESPBEL,,Will over 2.5 goals be scored?,,,finalized,2026-07-10T21:00:24Z,,,,,,,,,,,,,,2026-07-29T11:46:28Z
KXWCTOTAL-26JUL10ESPBEL-2,KXWCTOTAL-26JUL10ESPBEL,,Will over 1.5 goals be scored?,,,finalized,2026-07-10T20:50:18Z,,,,,,,,,,,,,,2026-07-29T11:46:28Z
KXWCTOTAL-26JUL10ESPBEL-1,KXWCTOTAL-26JUL10ESPBEL,,Will over 0.5 goals be scored?,,,finalized,2026-07-10T19:40:22Z,,,,,,,,,,,,,,2026-07-29T11:46:28Z
KXWCTOTAL-26JUL06USABEL-8,KXWCTOTAL-26JUL06USABEL,,Will over 7.5 goals be scored?,,,finalized,2026-07-07T02:00:38Z,,,,,,,,,,,,,,2026-07-29T11:46:28Z
KXWCTOTAL-26JUL06USABEL-7,KXWCTOTAL-26JUL06USABEL,,Will over 6.5 goals be scored?,,,finalized,2026-07-07T02:00:38Z,,,,,,,,,,,,,,2026-07-29T11:46:28Z
KXWCTOTAL-26JUL11NORENG-6,KXWCTOTAL-26JUL11NORENG,,Will over 5.5 goals be scored?,,,finalized,2026-07-11T23:00:34Z,,,,,,,,,,,,,,2026-07-29T11:46:28Z
KXWCTOTAL-26JUL11NORENG-5,KXWCTOTAL-26JUL11NORENG,,Will over 4.5 goals be scored?,,,finalized,2026-07-11T23:00:34Z,,,,,,,,,,,,,,2026-07-29T11:46:28Z
KXWCTOTAL-26JUL11NORENG-4,KXWCTOTAL-26JUL11NORENG,,Will over 3.5 goals be scored?,,,finalized,2026-07-11T23:00:34Z,,,,,,,,,,,,,,2026-07-29T11:46:28Z
KXWCTOTAL-26JUL11NORENG-3,KXWCTOTAL-26JUL11NORENG,,Will over 2.5 goals be scored?,,,finalized,2026-07-11T23:00:33Z,,,,,,,,,,,,,,2026-07-29T11:46:28Z
KXWCTOTAL-26JUL11NORENG-2,KXWCTOTAL-26JUL11NORENG,,Will over 1.5 goals be scored?,,,finalized,2026-07-11T23:00:33Z,,,,,,,,,,,,,,2026-07-29T11:46:28Z
KXWCTOTAL-26JUL11NORENG-1,KXWCTOTAL-26JUL11NORENG,,Will over 0.5 goals be scored?,,,finalized,2026-07-11T21:50:35Z,,,,,,,,,,,,,,2026-07-29T11:46:28Z
KXWCTOTAL-26JUL05MEXENG-9,KXWCTOTAL-26JUL05MEXENG,,Will over 8.5 goals be scored?,,,finalized,2026-07-06T03:05:19Z,,,,,,,,,,,,,,2026-07-29T11:46:28Z
KXWCTOTAL-26JUL05MEXENG-8,KXWCTOTAL-26JUL05MEXENG,,Will over 7.5 goals be scored?,,,finalized,2026-07-06T03:05:19Z,,,,,,,,,,,,,,2026-07-29T11:46:28Z
KXWCTOTAL-26JUL05MEXENG-7,KXWCTOTAL-26JUL05MEXENG,,Will over 6.5 goals be scored?,,,finalized,2026-07-06T03:05:18Z,,,,,,,,,,,,,,2026-07-29T11:46:28Z
KXWCTOTAL-26JUL09FRAMAR-6,KXWCTOTAL-26JUL09FRAMAR,,Will over 5.5 goals be scored?,,,finalized,2026-07-09T22:00:30Z,,,,,,,,,,,,,,2026-07-29T11:46:28Z
KXWCTOTAL-26JUL09FRAMAR-5,KXWCTOTAL-26JUL09FRAMAR,,Will over 4.5 goals be scored?,,,finalized,2026-07-09T22:00:30Z,,,,,,,,,,,,,,2026-07-29T11:46:28Z
KXWCTOTAL-26JUL09FRAMAR-4,KXWCTOTAL-26JUL09FRAMAR,,Will over 3.5 goals be scored?,,,finalized,2026-07-09T22:00:30Z,,,,,,,,,,,,,,2026-07-29T11:46:28Z
KXWCTOTAL-26JUL09FRAMAR-3,KXWCTOTAL-26JUL09FRAMAR,,Will over 2.5 goals be scored?,,,finalized,2026-07-09T22:00:30Z,,,,,,,,,,,,,,2026-07-29T11:46:28Z
KXWCTOTAL-26JUL09FRAMAR-2,KXWCTOTAL-26JUL09FRAMAR,,Will over 1.5 goals be scored?,,,finalized,2026-07-09T22:00:30Z,,,,,,,,,,,,,,2026-07-29T11:46:28Z
KXWCTOTAL-26JUL09FRAMAR-1,KXWCTOTAL-26JUL09FRAMAR,,Will over 0.5 goals be scored?,,,finalized,2026-07-09T21:30:32Z,,,,,,,,,,,,,,2026-07-29T11:46:28Z
KXWCTOTAL-26JUL07SUICOL-6,KXWCTOTAL-26JUL07SUICOL,,Will over 5.5 goals be scored?,,,finalized,2026-07-07T21:55:09Z,,,,,,,,,,,,,,2026-07-29T11:46:28Z
KXWCTOTAL-26JUL07SUICOL-5,KXWCTOTAL-26JUL07SUICOL,,Will over 4.5 goals be scored?,,,finalized,2026-07-07T21:55:09Z,,,,,,,,,,,,,,2026-07-29T11:46:28Z
KXWCTOTAL-26JUL07SUICOL-4,KXWCTOTAL-26JUL07SUICOL,,Will over 3.5 goals be scored?,,,finalized,2026-07-07T21:55:08Z,,,,,,,,,,,,,,2026-07-29T11:46:28Z
KXWCTOTAL-26JUL07SUICOL-3,KXWCTOTAL-26JUL07SUICOL,,Will over 2.5 goals be scored?,,,finalized,2026-07-07T21:55:08Z,,,,,,,,,,,,,,2026-07-29T11:46:28Z
KXWCTOTAL-26JUL07SUICOL-2,KXWCTOTAL-26JUL07SUICOL,,Will over 1.5 goals be scored?,,,finalized,2026-07-07T21:55:08Z,,,,,,,,,,,,,,2026-07-29T11:46:28Z
KXWCTOTAL-26JUL07SUICOL-1,KXWCTOTAL-26JUL07SUICOL,,Will over 0.5 goals be scored?,,,finalized,2026-07-07T21:55:08Z,,,,,,,,,,,,,,2026-07-29T11:46:28Z
KXWCTOTAL-26JUL07ARGEGY-6,KXWCTOTAL-26JUL07ARGEGY,,Will over 5.5 goals be scored?,,,finalized,2026-07-07T18:05:26Z,,,,,,,,,,,,,,2026-07-29T11:46:28Z
KXWCTOTAL-26JUL07ARGEGY-5,KXWCTOTAL-26JUL07ARGEGY,,Will over 4.5 goals be scored?,,,finalized,2026-07-07T18:05:26Z,,,,,,,,,,,,,,2026-07-29T11:46:28Z
KXWCTOTAL-26JUL07ARGEGY-4,KXWCTOTAL-26JUL07ARGEGY,,Will over 3.5 goals be scored?,,,finalized,2026-07-07T17:55:33Z,,,,,,,,,,,,,,2026-07-29T11:46:28Z
KXWCTOTAL-26JUL07ARGEGY-3,KXWCTOTAL-26JUL07ARGEGY,,Will over 2.5 goals be scored?,,,finalized,2026-07-07T17:51:14Z,,,,,,,,,,,,,,2026-07-29T11:46:28Z
KXWCTOTAL-26JUL07ARGEGY-2,KXWCTOTAL-26JUL07ARGEGY,,Will over 1.5 goals be scored?,,,finalized,2026-07-07T17:46:00Z,,,,,,,,,,,,,,2026-07-29T11:46:28Z
KXWCTOTAL-26JUL07ARGEGY-1,KXWCTOTAL-26JUL07ARGEGY,,Will over 0.5 goals be scored?,,,finalized,2026-07-07T17:30:45Z,,,,,,,,,,,,,,2026-07-29T11:46:28Z
KXWCTOTAL-26JUL06PORESP-6,KXWCTOTAL-26JUL06PORESP,,Will over 5.5 goals be scored?,,,finalized,2026-07-06T21:05:23Z,,,,,,,,,,,,,,2026-07-29T11:46:28Z
KXWCTOTAL-26JUL06PORESP-5,KXWCTOTAL-26JUL06PORESP,,Will over 4.5 goals be scored?,,,finalized,2026-07-06T21:05:23Z,,,,,,,,,,,,,,2026-07-29T11:46:28Z
KXWCTOTAL-26JUL06PORESP-4,KXWCTOTAL-26JUL06PORESP,,Will over 3.5 goals be scored?,,,finalized,2026-07-06T21:05:22Z,,,,,,,,,,,,,,2026-07-29T11:46:28Z
KXWCTOTAL-26JUL06PORESP-3,KXWCTOTAL-26JUL06PORESP,,Will over 2.5 goals be scored?,,,finalized,2026-07-06T21:05:22Z,,,,,,,,,,,,,,2026-07-29T11:46:28Z
KXWCTOTAL-26JUL06PORESP-2,KXWCTOTAL-26JUL06PORESP,,Will over 1.5 goals be scored?,,,finalized,2026-07-06T21:05:22Z,,,,,,,,,,,,,,2026-07-29T11:46:28Z
KXWCTOTAL-26JUL06PORESP-1,KXWCTOTAL-26JUL06PORESP,,Will over 0.5 goals be scored?,,,finalized,2026-07-06T21:05:22Z,,,,,,,,,,,,,,2026-07-29T11:46:28Z
KXWCTOTAL-26JUL06USABEL-6,KXWCTOTAL-26JUL06USABEL,,Will over 5.5 goals be scored?,,,finalized,2026-07-07T02:00:38Z,,,,,,,,,,,,,,2026-07-29T11:46:28Z
KXWCTOTAL-26JUL06USABEL-5,KXWCTOTAL-26JUL06USABEL,,Will over 4.5 goals be scored?,,,finalized,2026-07-07T02:00:37Z,,,,,,,,,,,,,,2026-07-29T11:46:28Z
KXWCTOTAL-26JUL06USABEL-4,KXWCTOTAL-26JUL06USABEL,,Will over 3.5 goals be scored?,,,finalized,2026-07-07T02:00:37Z,,,,,,,,,,,,,,2026-07-29T11:46:28Z
KXWCTOTAL-26JUL06USABEL-3,KXWCTOTAL-26JUL06USABEL,,Will over 2.5 goals be scored?,,,finalized,2026-07-07T01:20:25Z,,,,,,,,,,,,,,2026-07-29T11:46:28Z
KXWCTOTAL-26JUL06USABEL-2,KXWCTOTAL-26JUL06USABEL,,Will over 1.5 goals be scored?,,,finalized,2026-07-07T00:35:23Z,,,,,,,,,,,,,,2026-07-29T11:46:28Z
KXWCTOTAL-26JUL06USABEL-1,KXWCTOTAL-26JUL06USABEL,,Will over 0.5 goals be scored?,,,finalized,2026-07-07T00:30:27Z,,,,,,,,,,,,,,2026-07-29T11:46:28Z
KXWCTOTAL-26JUL01BELSEN-7,KXWCTOTAL-26JUL01BELSEN,,Will over 6.5 goals be scored?,,,finalized,2026-07-01T22:00:43Z,,,,,,,,,,,,,,2026-07-29T11:46:28Z
KXWCTOTAL-26JUL05MEXENG-6,KXWCTOTAL-26JUL05MEXENG,,Will over 5.5 goals be scored?,,,finalized,2026-07-06T03:05:18Z,,,,,,,,,,,,,,2026-07-29T11:46:28Z
KXWCTOTAL-26JUL05MEXENG-5,KXWCTOTAL-26JUL05MEXENG,,Will over 4.5 goals be scored?,,,finalized,2026-07-06T03:05:18Z,,,,,,,,,,,,,,2026-07-29T11:46:28Z
KXWCTOTAL-26JUL05MEXENG-4,KXWCTOTAL-26JUL05MEXENG,,Will over 3.5 goals be scored?,,,finalized,2026-07-06T02:30:36Z,,,,,,,,,,,,,,2026-07-29T11:46:28Z
KXWCTOTAL-26JUL05MEXENG-3,KXWCTOTAL-26JUL05MEXENG,,Will over 2.5 goals be scored?,,,finalized,2026-07-06T02:25:18Z,,,,,,,,,,,,,,2026-07-29T11:46:28Z
KXWCTOTAL-26JUL05MEXENG-2,KXWCTOTAL-26JUL05MEXENG,,Will over 1.5 goals be scored?,,,finalized,2026-07-06T01:45:34Z,,,,,,,,,,,,,,2026-07-29T11:46:28Z
KXWCTOTAL-26JUL05MEXENG-1,KXWCTOTAL-26JUL05MEXENG,,Will over 0.5 goals be scored?,,,finalized,2026-07-06T01:40:43Z,,,,,,,,,,,,,,2026-07-29T11:46:28Z
KXWCTOTAL-26JUL01ENGCOD-7,KXWCTOTAL-26JUL01ENGCOD,,Will over 6.5 goals be scored?,,,finalized,2026-07-01T18:00:54Z,,,,,,,,,,,,,,2026-07-29T11:46:28Z
KXWCTOTAL-26JUN30MEXECU-7,KXWCTOTAL-26JUN30MEXECU,,Will over 6.5 goals be scored?,,,finalized,2026-07-01T04:00:34Z,,,,,,,,,,,,,,2026-07-29T11:46:28Z
KXWCTOTAL-26JUL04PARFRA-6,KXWCTOTAL-26JUL04PARFRA,,Will over 5.5 goals be scored?,,,finalized,2026-07-04T23:05:13Z,,,,,,,,,,,,,,2026-07-29T11:46:28Z
KXWCTOTAL-26JUL04PARFRA-5,KXWCTOTAL-26JUL04PARFRA,,Will over 4.5 goals be scored?,,,finalized,2026-07-04T23:05:12Z,,,,,,,,,,,,,,2026-07-29T11:46:28Z
KXWCTOTAL-26JUL04PARFRA-4,KXWCTOTAL-26JUL04PARFRA,,Will over 3.5 goals be scored?,,,finalized,2026-07-04T23:05:12Z,,,,,,,,,,,,,,2026-07-29T11:46:28Z
KXWCTOTAL-26JUL04PARFRA-3,KXWCTOTAL-26JUL04PARFRA,,Will over 2.5 goals be scored?,,,finalized,2026-07-04T23:05:12Z,,,,,,,,,,,,,,2026-07-29T11:46:28Z
KXWCTOTAL-26JUL04PARFRA-2,KXWCTOTAL-26JUL04PARFRA,,Will over 1.5 goals be scored?,,,finalized,2026-07-04T23:05:12Z,,,,,,,,,,,,,,2026-07-29T11:46:28Z
KXWCTOTAL-26JUL04PARFRA-1,KXWCTOTAL-26JUL04PARFRA,,Will over 0.5 goals be scored?,,,finalized,2026-07-04T23:05:12Z,,,,,,,,,,,,,,2026-07-29T11:46:28Z
KXWCTOTAL-26JUN30FRASWE-7,KXWCTOTAL-26JUN30FRASWE,,Will over 6.5 goals be scored?,,,finalized,2026-06-30T22:55:20Z,,,,,,,,,,,,,,2026-07-29T11:46:28Z
KXWCTOTAL-26JUL05BRANOR-6,KXWCTOTAL-26JUL05BRANOR,,Will over 5.5 goals be scored?,,,finalized,2026-07-05T22:06:09Z,,,,,,,,,,,,,,2026-07-29T11:46:28Z
KXWCTOTAL-26JUL05BRANOR-5,KXWCTOTAL-26JUL05BRANOR,,Will over 4.5 goals be scored?,,,finalized,2026-07-05T22:06:09Z,,,,,,,,,,,,,,2026-07-29T11:46:28Z
KXWCTOTAL-26JUL05BRANOR-4,KXWCTOTAL-26JUL05BRANOR,,Will over 3.5 goals be scored?,,,finalized,2026-07-05T22:06:09Z,,,,,,,,,,,,,,2026-07-29T11:46:28Z
KXWCTOTAL-26JUL05BRANOR-3,KXWCTOTAL-26JUL05BRANOR,,Will over 2.5 goals be scored?,,,finalized,2026-07-05T22:06:09Z,,,,,,,,,,,,,,2026-07-29T11:46:28Z
KXWCTOTAL-26JUL05BRANOR-2,KXWCTOTAL-26JUL05BRANOR,,Will over 1.5 goals be scored?,,,finalized,2026-07-05T22:06:09Z,,,,,,,,,,,,,,2026-07-29T11:46:28Z
KXWCTOTAL-26JUL05BRANOR-1,KXWCTOTAL-26JUL05BRANOR,,Will over 0.5 goals be scored?,,,finalized,2026-07-05T21:55:43Z,,,,,,,,,,,,,,2026-07-29T11:46:28Z
KXWCTOTAL-26JUL04CANMAR-6,KXWCTOTAL-26JUL04CANMAR,,Will over 5.5 goals be scored?,,,finalized,2026-07-04T19:05:16Z,,,,,,,,,,,,,,2026-07-29T11:46:28Z
KXWCTOTAL-26JUL04CANMAR-5,KXWCTOTAL-26JUL04CANMAR,,Will over 4.5 goals be scored?,,,finalized,2026-07-04T19:05:15Z,,,,,,,,,,,,,,2026-07-29T11:46:28Z
KXWCTOTAL-26JUL04CANMAR-4,KXWCTOTAL-26JUL04CANMAR,,Will over 3.5 goals be scored?,,,finalized,2026-07-04T19:05:15Z,,,,,,,,,,,,,,2026-07-29T11:46:28Z
KXWCTOTAL-26JUL04CANMAR-3,KXWCTOTAL-26JUL04CANMAR,,Will over 2.5 goals be scored?,,,finalized,2026-07-04T19:05:15Z,,,,,,,,,,,,,,2026-07-29T11:46:28Z
KXWCTOTAL-26JUL04CANMAR-2,KXWCTOTAL-26JUL04CANMAR,,Will over 1.5 goals be scored?,,,finalized,2026-07-04T19:05:15Z,,,,,,,,,,,,,,2026-07-29T11:46:28Z
KXWCTOTAL-26JUL04CANMAR-1,KXWCTOTAL-26JUL04CANMAR,,Will over 0.5 goals be scored?,,,finalized,2026-07-04T18:45:15Z,,,,,,,,,,,,,,2026-07-29T11:46:28Z
KXWCTOTAL-26JUL02ESPAUT-6,KXWCTOTAL-26JUL02ESPAUT,,Will over 5.5 goals be scored?,,,finalized,2026-07-02T21:00:36Z,,,,,,,,,,,,,,2026-07-29T11:46:28Z
KXWCTOTAL-26JUL02ESPAUT-5,KXWCTOTAL-26JUL02ESPAUT,,Will over 4.5 goals be scored?,,,finalized,2026-07-02T21:00:36Z,,,,,,,,,,,,,,2026-07-29T11:46:28Z
KXWCTOTAL-26JUL02ESPAUT-4,KXWCTOTAL-26JUL02ESPAUT,,Will over 3.5 goals be scored?,,,finalized,2026-07-02T21:00:36Z,,,,,,,,,,,,,,2026-07-29T11:46:28Z
KXWCTOTAL-26JUL02ESPAUT-3,KXWCTOTAL-26JUL02ESPAUT,,Will over 2.5 goals be scored?,,,finalized,2026-07-02T21:00:35Z,,,,,,,,,,,,,,2026-07-29T11:46:28Z
KXWCTOTAL-26JUL02ESPAUT-2,KXWCTOTAL-26JUL02ESPAUT,,Will over 1.5 goals be scored?,,,finalized,2026-07-02T20:50:29Z,,,,,,,,,,,,,,2026-07-29T11:46:28Z
KXWCTOTAL-26JUL02ESPAUT-1,KXWCTOTAL-26JUL02ESPAUT,,Will over 0.5 goals be scored?,,,finalized,2026-07-02T20:30:37Z,,,,,,,,,,,,,,2026-07-29T11:46:28Z
KXWCTOTAL-26JUL02SUIDZA-6,KXWCTOTAL-26JUL02SUIDZA,,Will over 5.5 goals be scored?,,,finalized,2026-07-03T05:00:33Z,,,,,,,,,,,,,,2026-07-29T11:46:28Z
KXWCTOTAL-26JUL02SUIDZA-5,KXWCTOTAL-26JUL02SUIDZA,,Will over 4.5 goals be scored?,,,finalized,2026-07-03T05:00:33Z,,,,,,,,,,,,,,2026-07-29T11:46:28Z
KXWCTOTAL-26JUL02SUIDZA-4,KXWCTOTAL-26JUL02SUIDZA,,Will over 3.5 goals be scored?,,,finalized,2026-07-03T05:00:32Z,,,,,,,,,,,,,,2026-07-29T11:46:28Z
KXWCTOTAL-26JUL02SUIDZA-3,KXWCTOTAL-26JUL02SUIDZA,,Will over 2.5 goals be scored?,,,finalized,2026-07-03T05:00:32Z,,,,,,,,,,,,,,2026-07-29T11:46:28Z
KXWCTOTAL-26JUL02SUIDZA-2,KXWCTOTAL-26JUL02SUIDZA,,Will over 1.5 goals be scored?,,,finalized,2026-07-03T05:00:32Z,,,,,,,,,,,,,,2026-07-29T11:46:28Z
KXWCTOTAL-26JUL02SUIDZA-1,KXWCTOTAL-26JUL02SUIDZA,,Will over 0.5 goals be scored?,,,finalized,2026-07-03T04:05:14Z,,,,,,,,,,,,,,2026-07-29T11:46:28Z
KXWCTOTAL-26JUN27DZAAUT-8,KXWCTOTAL-26JUN27DZAAUT,,Will over 7.5 goals be scored?,,,finalized,2026-06-28T04:00:46Z,,,,,,,,,,,,,,2026-07-29T11:46:28Z
KXWCTOTAL-26JUN27DZAAUT-7,KXWCTOTAL-26JUN27DZAAUT,,Will over 6.5 goals be scored?,,,finalized,2026-06-28T04:00:46Z,,,,,,,,,,,,,,2026-07-29T11:46:28Z
KXWCTOTAL-26JUN27JORARG-8,KXWCTOTAL-26JUN27JORARG,,Will over 7.5 goals be scored?,,,finalized,2026-06-28T04:00:45Z,,,,,,,,,,,,,,2026-07-29T11:46:28Z
KXWCTOTAL-26JUL01ENGCOD-6,KXWCTOTAL-26JUL01ENGCOD,,Will over 5.5 goals be scored?,,,finalized,2026-07-01T18:00:54Z,,,,,,,,,,,,,,2026-07-29T11:46:28Z
KXWCTOTAL-26JUL01ENGCOD-5,KXWCTOTAL-26JUL01ENGCOD,,Will over 4.5 goals be scored?,,,finalized,2026-07-01T18:00:54Z,,,,,,,,,,,,,,2026-07-29T11:46:28Z
KXWCTOTAL-26JUL01ENGCOD-4,KXWCTOTAL-26JUL01ENGCOD,,Will over 3.5 goals be scored?,,,finalized,2026-07-01T18:00:53Z,,,,,,,,,,,,,,2026-07-29T11:46:28Z
KXWCTOTAL-26JUL01ENGCOD-3,KXWCTOTAL-26JUL01ENGCOD,,Will over 2.5 goals be scored?,,,finalized,2026-07-01T18:00:53Z,,,,,,,,,,,,,,2026-07-29T11:46:28Z
KXWCTOTAL-26JUL01ENGCOD-2,KXWCTOTAL-26JUL01ENGCOD,,Will over 1.5 goals be scored?,,,finalized,2026-07-01T17:51:15Z,,,,,,,,,,,,,,2026-07-29T11:46:28Z
KXWCTOTAL-26JUL01ENGCOD-1,KXWCTOTAL-26JUL01ENGCOD,,Will over 0.5 goals be scored?,,,finalized,2026-07-01T17:40:30Z,,,,,,,,,,,,,,2026-07-29T11:46:28Z
KXWCTOTAL-26JUL01BELSEN-6,KXWCTOTAL-26JUL01BELSEN,,Will over 5.5 goals be scored?,,,finalized,2026-07-01T22:00:43Z,,,,,,,,,,,,,,2026-07-29T11:46:28Z
KXWCTOTAL-26JUL01BELSEN-5,KXWCTOTAL-26JUL01BELSEN,,Will over 4.5 goals be scored?,,,finalized,2026-07-01T22:00:42Z,,,,,,,,,,,,,,2026-07-29T11:46:28Z
KXWCTOTAL-26JUL01BELSEN-4,KXWCTOTAL-26JUL01BELSEN,,Will over 3.5 goals be scored?,,,finalized,2026-07-01T22:00:42Z,,,,,,,,,,,,,,2026-07-29T11:46:28Z
KXWCTOTAL-26JUL01BELSEN-3,KXWCTOTAL-26JUL01BELSEN,,Will over 2.5 goals be scored?,,,finalized,2026-07-01T21:50:22Z,,,,,,,,,,,,,,2026-07-29T11:46:28Z
KXWCTOTAL-26JUL01BELSEN-2,KXWCTOTAL-26JUL01BELSEN,,Will over 1.5 goals be scored?,,,finalized,2026-07-01T21:50:22Z,,,,,,,,,,,,,,2026-07-29T11:46:28Z
KXWCTOTAL-26JUL01BELSEN-1,KXWCTOTAL-26JUL01BELSEN,,Will over 0.5 goals be scored?,,,finalized,2026-07-01T21:16:01Z,,,,,,,,,,,,,,2026-07-29T11:46:28Z
KXWCTOTAL-26JUL02PORCRO-6,KXWCTOTAL-26JUL02PORCRO,,Will over 5.5 goals be scored?,,,finalized,2026-07-03T01:10:36Z,,,,,,,,,,,,,,2026-07-29T11:46:28Z
KXWCTOTAL-26JUL02PORCRO-5,KXWCTOTAL-26JUL02PORCRO,,Will over 4.5 goals be scored?,,,finalized,2026-07-03T01:10:35Z,,,,,,,,,,,,,,2026-07-29T11:46:28Z
KXWCTOTAL-26JUL02PORCRO-4,KXWCTOTAL-26JUL02PORCRO,,Will over 3.5 goals be scored?,,,finalized,2026-07-03T01:10:35Z,,,,,,,,,,,,,,2026-07-29T11:46:28Z
KXWCTOTAL-26JUL02PORCRO-3,KXWCTOTAL-26JUL02PORCRO,,Will over 2.5 goals be scored?,,,finalized,2026-07-03T01:10:35Z,,,,,,,,,,,,,,2026-07-29T11:46:28Z
KXWCTOTAL-26JUL02PORCRO-2,KXWCTOTAL-26JUL02PORCRO,,Will over 1.5 goals be scored?,,,finalized,2026-07-03T00:55:20Z,,,,,,,,,,,,,,2026-07-29T11:46:28Z
KXWCTOTAL-26JUL02PORCRO-1,KXWCTOTAL-26JUL02PORCRO,,Will over 0.5 goals be scored?,,,finalized,2026-07-03T00:30:37Z,,,,,,,,,,,,,,2026-07-29T11:46:28Z
KXWCTOTAL-26JUL03COLGHA-6,KXWCTOTAL-26JUL03COLGHA,,Will over 5.5 goals be scored?,,,finalized,2026-07-04T03:35:13Z,,,,,,,,,,,,,,2026-07-29T11:46:28Z
KXWCTOTAL-26JUL03COLGHA-5,KXWCTOTAL-26JUL03COLGHA,,Will over 4.5 goals be scored?,,,finalized,2026-07-04T03:35:13Z,,,,,,,,,,,,,,2026-07-29T11:46:28Z
KXWCTOTAL-26JUL03COLGHA-4,KXWCTOTAL-26JUL03COLGHA,,Will over 3.5 goals be scored?,,,finalized,2026-07-04T03:35:13Z,,,,,,,,,,,,,,2026-07-29T11:46:28Z
KXWCTOTAL-26JUL03COLGHA-3,KXWCTOTAL-26JUL03COLGHA,,Will over 2.5 goals be scored?,,,finalized,2026-07-04T03:35:13Z,,,,,,,,,,,,,,2026-07-29T11:46:28Z
KXWCTOTAL-26JUL03COLGHA-2,KXWCTOTAL-26JUL03COLGHA,,Will over 1.5 goals be scored?,,,finalized,2026-07-04T03:35:13Z,,,,,,,,,,,,,,2026-07-29T11:46:28Z
KXWCTOTAL-26JUL03COLGHA-1,KXWCTOTAL-26JUL03COLGHA,,Will over 0.5 goals be scored?,,,finalized,2026-07-04T03:35:13Z,,,,,,,,,,,,,,2026-07-29T11:46:28Z
KXWCTOTAL-26JUN27JORARG-7,KXWCTOTAL-26JUN27JORARG,,Will over 6.5 goals be scored?,,,finalized,2026-06-28T04:00:45Z,,,,,,,,,,,,,,2026-07-29T11:46:28Z
KXWCTOTAL-26JUN30MEXECU-6,KXWCTOTAL-26JUN30MEXECU,,Will over 5.5 goals be scored?,,,finalized,2026-07-01T04:00:34Z,,,,,,,,,,,,,,2026-07-29T11:46:28Z
KXWCTOTAL-26JUN30MEXECU-5,KXWCTOTAL-26JUN30MEXECU,,Will over 4.5 goals be scored?,,,finalized,2026-07-01T04:00:34Z,,,,,,,,,,,,,,2026-07-29T11:46:28Z
KXWCTOTAL-26JUN30MEXECU-4,KXWCTOTAL-26JUN30MEXECU,,Will over 3.5 goals be scored?,,,finalized,2026-07-01T04:00:34Z,,,,,,,,,,,,,,2026-07-29T11:46:28Z
KXWCTOTAL-26JUN30MEXECU-3,KXWCTOTAL-26JUN30MEXECU,,Will over 2.5 goals be scored?,,,finalized,2026-07-01T04:00:34Z,,,,,,,,,,,,,,2026-07-29T11:46:28Z
KXWCTOTAL-26JUN30MEXECU-2,KXWCTOTAL-26JUN30MEXECU,,Will over 1.5 goals be scored?,,,finalized,2026-07-01T04:00:34Z,,,,,,,,,,,,,,2026-07-29T11:46:28Z
KXWCTOTAL-26JUN30MEXECU-1,KXWCTOTAL-26JUN30MEXECU,,Will over 0.5 goals be scored?,,,finalized,2026-07-01T02:30:26Z,,,,,,,,,,,,,,2026-07-29T11:46:28Z
KXWCTOTAL-26JUN27CODUZB-7,KXWCTOTAL-26JUN27CODUZB,,Will over 6.5 goals be scored?,,,finalized,2026-06-28T01:35:12Z,,,,,,,,,,,,,,2026-07-29T11:46:28Z
KXWCTOTAL-26JUN27COLPOR-7,KXWCTOTAL-26JUN27COLPOR,,Will over 6.5 goals be scored?,,,finalized,2026-06-28T01:30:37Z,,,,,,,,,,,,,,2026-07-29T11:46:28Z
KXWCTOTAL-26JUN27PANENG-7,KXWCTOTAL-26JUN27PANENG,,Will over 6.5 goals be scored?,,,finalized,2026-06-27T22:55:23Z,,,,,,,,,,,,,,2026-07-29T11:46:28Z
KXWCTOTAL-26JUL03AUSEGY-6,KXWCTOTAL-26JUL03AUSEGY,,Will over 5.5 goals be scored?,,,finalized,2026-07-03T20:00:36Z,,,,,,,,,,,,,,2026-07-29T11:46:28Z
KXWCTOTAL-26JUL03AUSEGY-5,KXWCTOTAL-26JUL03AUSEGY,,Will over 4.5 goals be scored?,,,finalized,2026-07-03T20:00:35Z,,,,,,,,,,,,,,2026-07-29T11:46:28Z
KXWCTOTAL-26JUL03AUSEGY-4,KXWCTOTAL-26JUL03AUSEGY,,Will over 3.5 goals be scored?,,,finalized,2026-07-03T20:00:35Z,,,,,,,,,,,,,,2026-07-29T11:46:28Z
KXWCTOTAL-26JUL03AUSEGY-3,KXWCTOTAL-26JUL03AUSEGY,,Will over 2.5 goals be scored?,,,finalized,2026-07-03T20:00:35Z,,,,,,,,,,,,,,2026-07-29T11:46:28Z
KXWCTOTAL-26JUL03AUSEGY-2,KXWCTOTAL-26JUL03AUSEGY,,Will over 1.5 goals be scored?,,,finalized,2026-07-03T20:00:35Z,,,,,,,,,,,,,,2026-07-29T11:46:28Z
KXWCTOTAL-26JUL03AUSEGY-1,KXWCTOTAL-26JUL03AUSEGY,,Will over 0.5 goals be scored?,,,finalized,2026-07-03T19:20:24Z,,,,,,,,,,,,,,2026-07-29T11:46:28Z
KXWCTOTAL-26JUN26NZLBEL-8,KXWCTOTAL-26JUN26NZLBEL,,Will over 7.5 goals be scored?,,,finalized,2026-06-27T05:00:43Z,,,,,,,,,,,,,,2026-07-29T11:46:28Z
KXWCTOTAL-26JUN29GERPAR-6,KXWCTOTAL-26JUN29GERPAR,,Will over 5.5 goals be scored?,,,finalized,2026-06-29T22:48:09Z,,,,,,,,,,,,,,2026-07-29T11:46:28Z
KXWCTOTAL-26JUN29GERPAR-5,KXWCTOTAL-26JUN29GERPAR,,Will over 4.5 goals be scored?,,,finalized,2026-06-29T22:48:09Z,,,,,,,,,,,,,,2026-07-29T11:46:28Z
KXWCTOTAL-26JUN29GERPAR-4,KXWCTOTAL-26JUN29GERPAR,,Will over 3.5 goals be scored?,,,finalized,2026-06-29T22:48:08Z,,,,,,,,,,,,,,2026-07-29T11:46:28Z
KXWCTOTAL-26JUN29GERPAR-3,KXWCTOTAL-26JUN29GERPAR,,Will over 2.5 goals be scored?,,,finalized,2026-06-29T22:48:08Z,,,,,,,,,,,,,,2026-07-29T11:46:28Z
KXWCTOTAL-26JUN29GERPAR-2,KXWCTOTAL-26JUN29GERPAR,,Will over 1.5 goals be scored?,,,finalized,2026-06-29T22:48:07Z,,,,,,,,,,,,,,2026-07-29T11:46:28Z
KXWCTOTAL-26JUN29GERPAR-1,KXWCTOTAL-26JUN29GERPAR,,Will over 0.5 goals be scored?,,,finalized,2026-06-29T21:50:22Z,,,,,,,,,,,,,,2026-07-29T11:46:28Z
KXWCTOTAL-26JUN30FRASWE-6,KXWCTOTAL-26JUN30FRASWE,,Will over 5.5 goals be scored?,,,finalized,2026-06-30T22:55:20Z,,,,,,,,,,,,,,2026-07-29T11:46:28Z
KXWCTOTAL-26JUN30FRASWE-5,KXWCTOTAL-26JUN30FRASWE,,Will over 4.5 goals be scored?,,,finalized,2026-06-30T22:55:20Z,,,,,,,,,,,,,,2026-07-29T11:46:28Z
KXWCTOTAL-26JUN30FRASWE-4,KXWCTOTAL-26JUN30FRASWE,,Will over 3.5 goals be scored?,,,finalized,2026-06-30T22:55:20Z,,,,,,,,,,,,,,2026-07-29T11:46:28Z
KXWCTOTAL-26JUN30FRASWE-3,KXWCTOTAL-26JUN30FRASWE,,Will over 2.5 goals be scored?,,,finalized,2026-06-30T22:55:20Z,,,,,,,,,,,,,,2026-07-29T11:46:28Z
KXWCTOTAL-26JUN30FRASWE-2,KXWCTOTAL-26JUN30FRASWE,,Will over 1.5 goals be scored?,,,finalized,2026-06-30T22:35:14Z,,,,,,,,,,,,,,2026-07-29T11:46:28Z
KXWCTOTAL-26JUN30FRASWE-1,KXWCTOTAL-26JUN30FRASWE,,Will over 0.5 goals be scored?,,,finalized,2026-06-30T22:15:12Z,,,,,,,,,,,,,,2026-07-29T11:46:28Z
KXWCTOTAL-26JUL03ARGCPV-6,KXWCTOTAL-26JUL03ARGCPV,,Will over 5.5 goals be scored?,,,finalized,2026-07-04T00:00:43Z,,,,,,,,,,,,,,2026-07-29T11:46:28Z
KXWCTOTAL-26JUL03ARGCPV-5,KXWCTOTAL-26JUL03ARGCPV,,Will over 4.5 goals be scored?,,,finalized,2026-07-04T00:00:42Z,,,,,,,,,,,,,,2026-07-29T11:46:28Z
KXWCTOTAL-26JUL03ARGCPV-4,KXWCTOTAL-26JUL03ARGCPV,,Will over 3.5 goals be scored?,,,finalized,2026-07-04T00:00:42Z,,,,,,,,,,,,,,2026-07-29T11:46:28Z
KXWCTOTAL-26JUL03ARGCPV-3,KXWCTOTAL-26JUL03ARGCPV,,Will over 2.5 goals be scored?,,,finalized,2026-07-04T00:00:42Z,,,,,,,,,,,,,,2026-07-29T11:46:28Z
KXWCTOTAL-26JUL03ARGCPV-2,KXWCTOTAL-26JUL03ARGCPV,,Will over 1.5 goals be scored?,,,finalized,2026-07-04T00:00:42Z,,,,,,,,,,,,,,2026-07-29T11:46:28Z
KXWCTOTAL-26JUL03ARGCPV-1,KXWCTOTAL-26JUL03ARGCPV,,Will over 0.5 goals be scored?,,,finalized,2026-07-03T23:20:32Z,,,,,,,,,,,,,,2026-07-29T11:46:28Z
KXWCTOTAL-26JUN26EGYIRI-7,KXWCTOTAL-26JUN26EGYIRI,,Will over 6.5 goals be scored?,,,finalized,2026-06-27T05:05:14Z,,,,,,,,,,,,,,2026-07-29T11:46:28Z
KXWCTOTAL-26JUN26NZLBEL-7,KXWCTOTAL-26JUN26NZLBEL,,Will over 6.5 goals be scored?,,,finalized,2026-06-27T05:00:43Z,,,,,,,,,,,,,,2026-07-29T11:46:28Z
KXWCTOTAL-26JUN30CIVNOR-6,KXWCTOTAL-26JUN30CIVNOR,,Will over 5.5 goals be scored?,,,finalized,2026-06-30T19:00:36Z,,,,,,,,,,,,,,2026-07-29T11:46:28Z
KXWCTOTAL-26JUN30CIVNOR-5,KXWCTOTAL-26JUN30CIVNOR,,Will over 4.5 goals be scored?,,,finalized,2026-06-30T19:00:36Z,,,,,,,,,,,,,,2026-07-29T11:46:28Z
KXWCTOTAL-26JUN30CIVNOR-4,KXWCTOTAL-26JUN30CIVNOR,,Will over 3.5 goals be scored?,,,finalized,2026-06-30T19:00:36Z,,,,,,,,,,,,,,2026-07-29T11:46:28Z
KXWCTOTAL-26JUN30CIVNOR-3,KXWCTOTAL-26JUN30CIVNOR,,Will over 2.5 goals be scored?,,,finalized,2026-06-30T19:00:35Z,,,,,,,,,,,,,,2026-07-29T11:46:28Z
KXWCTOTAL-26JUN30CIVNOR-2,KXWCTOTAL-26JUN30CIVNOR,,Will over 1.5 goals be scored?,,,finalized,2026-06-30T18:45:14Z,,,,,,,,,,,,,,2026-07-29T11:46:28Z
KXWCTOTAL-26JUN30CIVNOR-1,KXWCTOTAL-26JUN30CIVNOR,,Will over 0.5 goals be scored?,,,finalized,2026-06-30T18:35:08Z,,,,,,,,,,,,,,2026-07-29T11:46:28Z
KXWCTOTAL-26JUN26NORFRA-10,KXWCTOTAL-26JUN26NORFRA,,Will over 9.5 goals be scored?,,,finalized,2026-06-26T21:00:42Z,,,,,,,,,,,,,,2026-07-29T11:46:28Z
KXWCTOTAL-26JUN26NORFRA-9,KXWCTOTAL-26JUN26NORFRA,,Will over 8.5 goals be scored?,,,finalized,2026-06-26T21:00:42Z,,,,,,,,,,,,,,2026-07-29T11:46:28Z
KXWCTOTAL-26JUN26SENIRQ-8,KXWCTOTAL-26JUN26SENIRQ,,Will over 7.5 goals be scored?,,,finalized,2026-06-26T21:05:20Z,,,,,,,,,,,,,,2026-07-29T11:46:28Z
KXWCTOTAL-26JUN26NORFRA-8,KXWCTOTAL-26JUN26NORFRA,,Will over 7.5 goals be scored?,,,finalized,2026-06-26T21:00:42Z,,,,,,,,,,,,,,2026-07-29T11:46:28Z
KXWCTOTAL-26JUN26NORFRA-7,KXWCTOTAL-26JUN26NORFRA,,Will over 6.5 goals be scored?,,,finalized,2026-06-26T21:00:42Z,,,,,,,,,,,,,,2026-07-29T11:46:28Z
KXWCTOTAL-26JUN26SENIRQ-7,KXWCTOTAL-26JUN26SENIRQ,,Will over 6.5 goals be scored?,,,finalized,2026-06-26T21:05:19Z,,,,,,,,,,,,,,2026-07-29T11:46:28Z
KXWCTOTAL-26JUN29BRAJPN-6,KXWCTOTAL-26JUN29BRAJPN,,Will over 5.5 goals be scored?,,,finalized,2026-06-29T19:05:14Z,,,,,,,,,,,,,,2026-07-29T11:46:28Z
KXWCTOTAL-26JUN29BRAJPN-5,KXWCTOTAL-26JUN29BRAJPN,,Will over 4.5 goals be scored?,,,finalized,2026-06-29T19:05:14Z,,,,,,,,,,,,,,2026-07-29T11:46:28Z
KXWCTOTAL-26JUN29BRAJPN-4,KXWCTOTAL-26JUN29BRAJPN,,Will over 3.5 goals be scored?,,,finalized,2026-06-29T19:05:14Z,,,,,,,,,,,,,,2026-07-29T11:46:28Z
KXWCTOTAL-26JUN29BRAJPN-3,KXWCTOTAL-26JUN29BRAJPN,,Will over 2.5 goals be scored?,,,finalized,2026-06-29T19:05:14Z,,,,,,,,,,,,,,2026-07-29T11:46:28Z
KXWCTOTAL-26JUN29BRAJPN-2,KXWCTOTAL-26JUN29BRAJPN,,Will over 1.5 goals be scored?,,,finalized,2026-06-29T19:00:28Z,,,,,,,,,,,,,,2026-07-29T11:46:28Z
KXWCTOTAL-26JUN29BRAJPN-1,KXWCTOTAL-26JUN29BRAJPN,,Will over 0.5 goals be scored?,,,finalized,2026-06-29T18:20:22Z,,,,,,,,,,,,,,2026-07-29T11:46:28Z
KXWCTOTAL-26JUN29NEDMAR-6,KXWCTOTAL-26JUN29NEDMAR,,Will over 5.5 goals be scored?,,,finalized,2026-06-30T03:01:15Z,,,,,,,,,,,,,,2026-07-29T11:46:28Z
KXWCTOTAL-26JUN29NEDMAR-5,KXWCTOTAL-26JUN29NEDMAR,,Will over 4.5 goals be scored?,,,finalized,2026-06-30T03:01:15Z,,,,,,,,,,,,,,2026-07-29T11:46:28Z
KXWCTOTAL-26JUN29NEDMAR-4,KXWCTOTAL-26JUN29NEDMAR,,Will over 3.5 goals be scored?,,,finalized,2026-06-30T03:01:15Z,,,,,,,,,,,,,,2026-07-29T11:46:28Z
KXWCTOTAL-26JUN29NEDMAR-3,KXWCTOTAL-26JUN29NEDMAR,,Will over 2.5 goals be scored?,,,finalized,2026-06-30T03:01:15Z,,,,,,,,,,,,,,2026-07-29T11:46:28Z
KXWCTOTAL-26JUN29NEDMAR-2,KXWCTOTAL-26JUN29NEDMAR,,Will over 1.5 goals be scored?,,,finalized,2026-06-30T03:01:15Z,,,,,,,,,,,,,,2026-07-29T11:46:28Z
KXWCTOTAL-26JUN29NEDMAR-1,KXWCTOTAL-26JUN29NEDMAR,,Will over 0.5 goals be scored?,,,finalized,2026-06-30T02:55:50Z,,,,,,,,,,,,,,2026-07-29T11:46:28Z
KXWCTOTAL-26JUL01USABIH-6,KXWCTOTAL-26JUL01USABIH,,Will over 5.5 goals be scored?,,,finalized,2026-07-02T02:10:30Z,,,,,,,,,,,,,,2026-07-29T11:46:28Z
KXWCTOTAL-26JUL01USABIH-5,KXWCTOTAL-26JUL01USABIH,,Will over 4.5 goals be scored?,,,finalized,2026-07-02T02:10:30Z,,,,,,,,,,,,,,2026-07-29T11:46:28Z
KXWCTOTAL-26JUL01USABIH-4,KXWCTOTAL-26JUL01USABIH,,Will over 3.5 goals be scored?,,,finalized,2026-07-02T02:10:30Z,,,,,,,,,,,,,,2026-07-29T11:46:28Z
KXWCTOTAL-26JUL01USABIH-3,KXWCTOTAL-26JUL01USABIH,,Will over 2.5 goals be scored?,,,finalized,2026-07-02T02:10:30Z,,,,,,,,,,,,,,2026-07-29T11:46:28Z
KXWCTOTAL-26JUL01USABIH-2,KXWCTOTAL-26JUL01USABIH,,Will over 1.5 goals be scored?,,,finalized,2026-07-02T02:10:30Z,,,,,,,,,,,,,,2026-07-29T11:46:28Z
KXWCTOTAL-26JUL01USABIH-1,KXWCTOTAL-26JUL01USABIH,,Will over 0.5 goals be scored?,,,finalized,2026-07-02T01:50:31Z,,,,,,,,,,,,,,2026-07-29T11:46:28Z
KXWCTOTAL-26JUN25TURUSA-9,KXWCTOTAL-26JUN25TURUSA,,Will over 8.5 goals be scored?,,,finalized,2026-06-26T04:05:16Z,,,,,,,,,,,,,,2026-07-29T11:46:28Z
KXWCTOTAL-26JUN25TURUSA-8,KXWCTOTAL-26JUN25TURUSA,,Will over 7.5 goals be scored?,,,finalized,2026-06-26T04:05:16Z,,,,,,,,,,,,,,2026-07-29T11:46:28Z
KXWCTOTAL-26JUN25TURUSA-7,KXWCTOTAL-26JUN25TURUSA,,Will over 6.5 goals be scored?,,,finalized,2026-06-26T04:05:16Z,,,,,,,,,,,,,,2026-07-29T11:46:28Z
KXWCTOTAL-26JUN25TUNNED-7,KXWCTOTAL-26JUN25TUNNED,,Will over 6.5 goals be scored?,,,finalized,2026-06-26T00:55:23Z,,,,,,,,,,,,,,2026-07-29T11:46:28Z
KXWCTOTAL-26JUN28RSACAN-6,KXWCTOTAL-26JUN28RSACAN,,Will over 5.5 goals be scored?,Reg Time - Over 5.5 goals scored,,finalized,2026-06-28T21:00:32Z,,,,,,,,,,,,,,2026-07-29T11:46:28Z
KXWCTOTAL-26JUN28RSACAN-5,KXWCTOTAL-26JUN28RSACAN,,Will over 4.5 goals be scored?,Reg Time - Over 4.5 goals scored,,finalized,2026-06-28T21:00:31Z,,,,,,,,,,,,,,2026-07-29T11:46:28Z
KXWCTOTAL-26JUN28RSACAN-4,KXWCTOTAL-26JUN28RSACAN,,Will over 3.5 goals be scored?,Reg Time - Over 3.5 goals scored,,finalized,2026-06-28T21:00:31Z,,,,,,,,,,,,,,2026-07-29T11:46:28Z
KXWCTOTAL-26JUN28RSACAN-3,KXWCTOTAL-26JUN28RSACAN,,Will over 2.5 goals be scored?,Reg Time - Over 2.5 goals scored,,finalized,2026-06-28T21:00:31Z,,,,,,,,,,,,,,2026-07-29T11:46:28Z
KXWCTOTAL-26JUN28RSACAN-2,KXWCTOTAL-26JUN28RSACAN,,Will over 1.5 goals be scored?,Reg Time - Over 1.5 goals scored,,finalized,2026-06-28T21:00:31Z,,,,,,,,,,,,,,2026-07-29T11:46:28Z
KXWCTOTAL-26JUN28RSACAN-1,KXWCTOTAL-26JUN28RSACAN,,Will over 0.5 goals be scored?,Reg Time - Over 0.5 goals scored,,finalized,2026-06-28T21:00:31Z,,,,,,,,,,,,,,2026-07-29T11:46:28Z
KXWCTOTAL-26JUN24MARHTI-9,KXWCTOTAL-26JUN24MARHTI,,Will over 8.5 goals be scored?,,,finalized,2026-06-25T00:00:48Z,,,,,,,,,,,,,,2026-07-29T11:46:28Z
KXWCTOTAL-26JUN24MARHTI-8,KXWCTOTAL-26JUN24MARHTI,,Will over 7.5 goals be scored?,,,finalized,2026-06-25T00:00:48Z,,,,,,,,,,,,,,2026-07-29T11:46:28Z
KXWCTOTAL-26JUN24MARHTI-7,KXWCTOTAL-26JUN24MARHTI,,Will over 6.5 goals be scored?,,,finalized,2026-06-25T00:00:48Z,,,,,,,,,,,,,,2026-07-29T11:46:28Z
KXWCTOTAL-26JUN23PORUZB-8,KXWCTOTAL-26JUN23PORUZB,,Will over 7.5 goals be scored?,,,finalized,2026-06-23T19:00:47Z,,,,,,,,,,,,,,2026-07-29T11:46:28Z
KXWCTOTAL-26JUN23PORUZB-7,KXWCTOTAL-26JUN23PORUZB,,Will over 6.5 goals be scored?,,,finalized,2026-06-23T19:00:47Z,,,,,,,,,,,,,,2026-07-29T11:46:28Z
KXWCTOTAL-26JUN22NORSEN-7,KXWCTOTAL-26JUN22NORSEN,,Will over 6.5 goals be scored?,,,finalized,2026-06-23T02:00:46Z,,,,,,,,,,,,,,2026-07-29T11:46:28Z
KXWCTOTAL-26JUN22FRAIRQ-9,KXWCTOTAL-26JUN22FRAIRQ,,Will over 8.5 goals be scored?,,,finalized,2026-06-23T00:50:33Z,,,,,,,,,,,,,,2026-07-29T11:46:28Z
KXWCTOTAL-26JUN22FRAIRQ-8,KXWCTOTAL-26JUN22FRAIRQ,,Will over 7.5 goals be scored?,,,finalized,2026-06-23T00:50:33Z,,,,,,,,,,,,,,2026-07-29T11:46:28Z
KXWCTOTAL-26JUN22FRAIRQ-7,KXWCTOTAL-26JUN22FRAIRQ,,Will over 6.5 goals be scored?,,,finalized,2026-06-23T00:50:33Z,,,,,,,,,,,,,,2026-07-29T11:46:28Z
KXWCTOTAL-26JUN21ESPKSA-9,KXWCTOTAL-26JUN21ESPKSA,,Will over 8.5 goals be scored?,,,finalized,2026-06-21T18:01:23Z,,,,,,,,,,,,,,2026-07-29T11:46:28Z
KXWCTOTAL-26JUN21ESPKSA-8,KXWCTOTAL-26JUN21ESPKSA,,Will over 7.5 goals be scored?,,,finalized,2026-06-21T18:01:23Z,,,,,,,,,,,,,,2026-07-29T11:46:28Z
KXWCTOTAL-26JUN21ESPKSA-7,KXWCTOTAL-26JUN21ESPKSA,,Will over 6.5 goals be scored?,,,finalized,2026-06-21T18:01:23Z,,,,,,,,,,,,,,2026-07-29T11:46:28Z
KXWCTOTAL-26JUN20NEDSWE-9,KXWCTOTAL-26JUN20NEDSWE,,Will over 8.5 goals be scored?,,,finalized,2026-06-20T19:01:00Z,,,,,,,,,,,,,,2026-07-29T11:46:28Z
KXWCTOTAL-26JUN20NEDSWE-8,KXWCTOTAL-26JUN20NEDSWE,,Will over 7.5 goals be scored?,,,finalized,2026-06-20T19:01:00Z,,,,,,,,,,,,,,2026-07-29T11:46:28Z
KXWCTOTAL-26JUN20NEDSWE-7,KXWCTOTAL-26JUN20NEDSWE,,Will over 6.5 goals be scored?,,,finalized,2026-06-20T19:01:00Z,,,,,,,,,,,,,,2026-07-29T11:46:28Z
KXWCTOTAL-26JUN18CANQAT-9,KXWCTOTAL-26JUN18CANQAT,,Will over 8.5 goals be scored?,,,finalized,2026-06-19T00:01:26Z,,,,,,,,,,,,,,2026-07-29T11:46:28Z
KXWCTOTAL-26JUN18CANQAT-8,KXWCTOTAL-26JUN18CANQAT,,Will over 7.5 goals be scored?,,,finalized,2026-06-19T00:01:26Z,,,,,,,,,,,,,,2026-07-29T11:46:28Z
KXWCTOTAL-26JUN18CANQAT-7,KXWCTOTAL-26JUN18CANQAT,,Will over 6.5 goals be scored?,,,finalized,2026-06-19T00:01:26Z,,,,,,,,,,,,,,2026-07-29T11:46:28Z
KXWCTOTAL-26JUN17ENGCRO-9,KXWCTOTAL-26JUN17ENGCRO,,Will over 8.5 goals be scored?,,,finalized,2026-06-17T22:01:19Z,,,,,,,,,,,,,,2026-07-29T11:46:28Z
KXWCTOTAL-26JUN17ENGCRO-8,KXWCTOTAL-26JUN17ENGCRO,,Will over 7.5 goals be scored?,,,finalized,2026-06-17T22:01:19Z,,,,,,,,,,,,,,2026-07-29T11:46:28Z
KXWCTOTAL-26JUN17ENGCRO-7,KXWCTOTAL-26JUN17ENGCRO,,Will over 6.5 goals be scored?,,,finalized,2026-06-17T22:01:19Z,,,,,,,,,,,,,,2026-07-29T11:46:28Z
KXWCTOTAL-26JUN16IRQNOR-8,KXWCTOTAL-26JUN16IRQNOR,,Will over 7.5 goals be scored?,,,finalized,2026-06-17T00:01:32Z,,,,,,,,,,,,,,2026-07-29T11:46:28Z
KXWCTOTAL-26JUN16IRQNOR-7,KXWCTOTAL-26JUN16IRQNOR,,Will over 6.5 goals be scored?,,,finalized,2026-06-17T00:01:32Z,,,,,,,,,,,,,,2026-07-29T11:46:28Z
KXWCTOTAL-26JUN14SWETUN-7,KXWCTOTAL-26JUN14SWETUN,,Will over 6.5 goals be scored?,,,finalized,2026-06-15T04:01:07Z,,,,,,,,,,,,,,2026-07-29T11:46:28Z
KXWCTOTAL-26JUN14GERCUW-10,KXWCTOTAL-26JUN14GERCUW,,Will over 9.5 goals be scored?,,,finalized,2026-06-14T19:01:14Z,,,,,,,,,,,,,,2026-07-29T11:46:28Z
KXWCTOTAL-26JUN14GERCUW-9,KXWCTOTAL-26JUN14GERCUW,,Will over 8.5 goals be scored?,,,finalized,2026-06-14T19:01:14Z,,,,,,,,,,,,,,2026-07-29T11:46:28Z
KXWCTOTAL-26JUN14GERCUW-8,KXWCTOTAL-26JUN14GERCUW,,Will over 7.5 goals be scored?,,,finalized,2026-06-14T19:01:13Z,,,,,,,,,,,,,,2026-07-29T11:46:28Z
KXWCTOTAL-26JUN14GERCUW-7,KXWCTOTAL-26JUN14GERCUW,,Will over 6.5 goals be scored?,,,finalized,2026-06-14T18:51:12Z,,,,,,,,,,,,,,2026-07-29T11:46:28Z
KXWCTOTAL-26JUN11MEXRSA-6,KXWCTOTAL-26JUN11MEXRSA,,Will over 5.5 goals be scored?,,,finalized,2026-06-11T21:05:33Z,,,,,,,,,,,,,,2026-07-29T11:46:28Z
KXWCTOTAL-26JUN11MEXRSA-5,KXWCTOTAL-26JUN11MEXRSA,,Will over 4.5 goals be scored?,,,finalized,2026-06-11T21:05:33Z,,,,,,,,,,,,,,2026-07-29T11:46:28Z
KXWCTOTAL-26JUN11MEXRSA-4,KXWCTOTAL-26JUN11MEXRSA,,Will over 3.5 goals be scored?,,,finalized,2026-06-11T21:05:33Z,,,,,,,,,,,,,,2026-07-29T11:46:28Z
KXWCTOTAL-26JUN11MEXRSA-3,KXWCTOTAL-26JUN11MEXRSA,,Will over 2.5 goals be scored?,,,finalized,2026-06-11T21:05:33Z,,,,,,,,,,,,,,2026-07-29T11:46:28Z
KXWCTOTAL-26JUN11MEXRSA-2,KXWCTOTAL-26JUN11MEXRSA,,Will over 1.5 goals be scored?,,,finalized,2026-06-11T21:05:33Z,,,,,,,,,,,,,,2026-07-29T11:46:28Z
KXWCTOTAL-26JUN11MEXRSA-1,KXWCTOTAL-26JUN11MEXRSA,,Will over 0.5 goals be scored?,,,finalized,2026-06-11T20:35:47Z,,,,,,,,,,,,,,2026-07-29T11:46:28Z
KXWCTOTAL-26JUN11KORCZE-6,KXWCTOTAL-26JUN11KORCZE,,Will over 5.5 goals be scored?,,,finalized,2026-06-12T03:55:40Z,,,,,,,,,,,,,,2026-07-29T11:46:28Z
KXWCTOTAL-26JUN11KORCZE-5,KXWCTOTAL-26JUN11KORCZE,,Will over 4.5 goals be scored?,,,finalized,2026-06-12T03:55:40Z,,,,,,,,,,,,,,2026-07-29T11:46:28Z
KXWCTOTAL-26JUN11KORCZE-4,KXWCTOTAL-26JUN11KORCZE,,Will over 3.5 goals be scored?,,,finalized,2026-06-12T03:55:39Z,,,,,,,,,,,,,,2026-07-29T11:46:28Z
KXWCTOTAL-26JUN11KORCZE-3,KXWCTOTAL-26JUN11KORCZE,,Will over 2.5 goals be scored?,,,finalized,2026-06-12T03:55:39Z,,,,,,,,,,,,,,2026-07-29T11:46:28Z
KXWCTOTAL-26JUN11KORCZE-2,KXWCTOTAL-26JUN11KORCZE,,Will over 1.5 goals be scored?,,,finalized,2026-06-12T03:40:55Z,,,,,,,,,,,,,,2026-07-29T11:46:28Z
KXWCTOTAL-26JUN11KORCZE-1,KXWCTOTAL-26JUN11KORCZE,,Will over 0.5 goals be scored?,,,finalized,2026-06-12T03:25:38Z,,,,,,,,,,,,,,2026-07-29T11:46:28Z
KXWCTOTAL-26JUN12CANBIH-6,KXWCTOTAL-26JUN12CANBIH,,Will over 5.5 goals be scored?,,,finalized,2026-06-12T21:01:10Z,,,,,,,,,,,,,,2026-07-29T11:46:28Z
KXWCTOTAL-26JUN12CANBIH-5,KXWCTOTAL-26JUN12CANBIH,,Will over 4.5 goals be scored?,,,finalized,2026-06-12T21:01:10Z,,,,,,,,,,,,,,2026-07-29T11:46:28Z
KXWCTOTAL-26JUN12CANBIH-4,KXWCTOTAL-26JUN12CANBIH,,Will over 3.5 goals be scored?,,,finalized,2026-06-12T21:01:10Z,,,,,,,,,,,,,,2026-07-29T11:46:28Z
KXWCTOTAL-26JUN12CANBIH-3,KXWCTOTAL-26JUN12CANBIH,,Will over 2.5 goals be scored?,,,finalized,2026-06-12T21:01:10Z,,,,,,,,,,,,,,2026-07-29T11:46:28Z
KXWCTOTAL-26JUN12CANBIH-2,KXWCTOTAL-26JUN12CANBIH,,Will over 1.5 goals be scored?,,,finalized,2026-06-12T21:01:10Z,,,,,,,,,,,,,,2026-07-29T11:46:28Z
KXWCTOTAL-26JUN12CANBIH-1,KXWCTOTAL-26JUN12CANBIH,,Will over 0.5 goals be scored?,,,finalized,2026-06-12T20:41:07Z,,,,,,,,,,,,,,2026-07-29T11:46:28Z
KXWCTOTAL-26JUN12USAPAR-6,KXWCTOTAL-26JUN12USAPAR,,Will over 5.5 goals be scored?,,,finalized,2026-06-13T03:05:36Z,,,,,,,,,,,,,,2026-07-29T11:46:28Z
KXWCTOTAL-26JUN12USAPAR-5,KXWCTOTAL-26JUN12USAPAR,,Will over 4.5 goals be scored?,,,finalized,2026-06-13T03:06:31Z,,,,,,,,,,,,,,2026-07-29T11:46:28Z
KXWCTOTAL-26JUN12USAPAR-4,KXWCTOTAL-26JUN12USAPAR,,Will over 3.5 goals be scored?,,,finalized,2026-06-13T03:01:07Z,,,,,,,,,,,,,,2026-07-29T11:46:28Z
KXWCTOTAL-26JUN12USAPAR-3,KXWCTOTAL-26JUN12USAPAR,,Will over 2.5 goals be scored?,,,finalized,2026-06-13T02:40:53Z,,,,,,,,,,,,,,2026-07-29T11:46:28Z
KXWCTOTAL-26JUN12USAPAR-2,KXWCTOTAL-26JUN12USAPAR,,Will over 1.5 goals be scored?,,,finalized,2026-06-13T01:50:45Z,,,,,,,,,,,,,,2026-07-29T11:46:28Z
KXWCTOTAL-26JUN12USAPAR-1,KXWCTOTAL-26JUN12USAPAR,,Will over 0.5 goals be scored?,,,finalized,2026-06-13T01:35:37Z,,,,,,,,,,,,,,2026-07-29T11:46:28Z
KXWCTOTAL-26JUN13QATSUI-6,KXWCTOTAL-26JUN13QATSUI,,Will over 5.5 goals be scored?,,,finalized,2026-06-13T21:05:26Z,,,,,,,,,,,,,,2026-07-29T11:46:28Z
KXWCTOTAL-26JUN13QATSUI-5,KXWCTOTAL-26JUN13QATSUI,,Will over 4.5 goals be scored?,,,finalized,2026-06-13T21:05:26Z,,,,,,,,,,,,,,2026-07-29T11:46:28Z
KXWCTOTAL-26JUN13QATSUI-4,KXWCTOTAL-26JUN13QATSUI,,Will over 3.5 goals be scored?,,,finalized,2026-06-13T21:05:25Z,,,,,,,,,,,,,,2026-07-29T11:46:28Z
KXWCTOTAL-26JUN13QATSUI-3,KXWCTOTAL-26JUN13QATSUI,,Will over 2.5 goals be scored?,,,finalized,2026-06-13T21:05:25Z,,,,,,,,,,,,,,2026-07-29T11:46:28Z
KXWCTOTAL-26JUN13QATSUI-2,KXWCTOTAL-26JUN13QATSUI,,Will over 1.5 goals be scored?,,,finalized,2026-06-13T21:05:25Z,,,,,,,,,,,,,,2026-07-29T11:46:28Z
KXWCTOTAL-26JUN13QATSUI-1,KXWCTOTAL-26JUN13QATSUI,,Will over 0.5 goals be scored?,,,finalized,2026-06-13T21:01:06Z,,,,,,,,,,,,,,2026-07-29T11:46:28Z
KXWCTOTAL-26JUN13BRAMAR-6,KXWCTOTAL-26JUN13BRAMAR,,Will over 5.5 goals be scored?,,,finalized,2026-06-14T00:05:45Z,,,,,,,,,,,,,,2026-07-29T11:46:28Z
KXWCTOTAL-26JUN13BRAMAR-5,KXWCTOTAL-26JUN13BRAMAR,,Will over 4.5 goals be scored?,,,finalized,2026-06-14T00:05:45Z,,,,,,,,,,,,,,2026-07-29T11:46:28Z
KXWCTOTAL-26JUN13BRAMAR-4,KXWCTOTAL-26JUN13BRAMAR,,Will over 3.5 goals be scored?,,,finalized,2026-06-14T00:05:45Z,,,,,,,,,,,,,,2026-07-29T11:46:28Z
KXWCTOTAL-26JUN13BRAMAR-3,KXWCTOTAL-26JUN13BRAMAR,,Will over 2.5 goals be scored?,,,finalized,2026-06-14T00:05:44Z,,,,,,,,,,,,,,2026-07-29T11:46:28Z
KXWCTOTAL-26JUN13BRAMAR-2,KXWCTOTAL-26JUN13BRAMAR,,Will over 1.5 goals be scored?,,,finalized,2026-06-14T00:05:44Z,,,,,,,,,,,,,,2026-07-29T11:46:28Z
KXWCTOTAL-26JUN13BRAMAR-1,KXWCTOTAL-26JUN13BRAMAR,,Will over 0.5 goals be scored?,,,finalized,2026-06-13T22:36:05Z,,,,,,,,,,,,,,2026-07-29T11:46:28Z
KXWCTOTAL-26JUN13HTISCO-6,KXWCTOTAL-26JUN13HTISCO,,Will over 5.5 goals be scored?,,,finalized,2026-06-14T03:05:44Z,,,,,,,,,,,,,,2026-07-29T11:46:28Z
KXWCTOTAL-26JUN13HTISCO-5,KXWCTOTAL-26JUN13HTISCO,,Will over 4.5 goals be scored?,,,finalized,2026-06-14T03:05:44Z,,,,,,,,,,,,,,2026-07-29T11:46:28Z
KXWCTOTAL-26JUN13HTISCO-4,KXWCTOTAL-26JUN13HTISCO,,Will over 3.5 goals be scored?,,,finalized,2026-06-14T03:05:44Z,,,,,,,,,,,,,,2026-07-29T11:46:28Z
KXWCTOTAL-26JUN13HTISCO-3,KXWCTOTAL-26JUN13HTISCO,,Will over 2.5 goals be scored?,,,finalized,2026-06-14T03:05:43Z,,,,,,,,,,,,,,2026-07-29T11:46:28Z
KXWCTOTAL-26JUN13HTISCO-2,KXWCTOTAL-26JUN13HTISCO,,Will over 1.5 goals be scored?,,,finalized,2026-06-14T03:05:43Z,,,,,,,,,,,,,,2026-07-29T11:46:28Z
KXWCTOTAL-26JUN13HTISCO-1,KXWCTOTAL-26JUN13HTISCO,,Will over 0.5 goals be scored?,,,finalized,2026-06-14T03:05:43Z,,,,,,,,,,,,,,2026-07-29T11:46:28Z
KXWCTOTAL-26JUN14AUSTUR-6,KXWCTOTAL-26JUN14AUSTUR,,Will over 5.5 goals be scored?,,,finalized,2026-06-14T06:01:26Z,,,,,,,,,,,,,,2026-07-29T11:46:28Z
KXWCTOTAL-26JUN14AUSTUR-5,KXWCTOTAL-26JUN14AUSTUR,,Will over 4.5 goals be scored?,,,finalized,2026-06-14T06:01:26Z,,,,,,,,,,,,,,2026-07-29T11:46:28Z
KXWCTOTAL-26JUN14AUSTUR-4,KXWCTOTAL-26JUN14AUSTUR,,Will over 3.5 goals be scored?,,,finalized,2026-06-14T06:01:26Z,,,,,,,,,,,,,,2026-07-29T11:46:28Z
KXWCTOTAL-26JUN14AUSTUR-3,KXWCTOTAL-26JUN14AUSTUR,,Will over 2.5 goals be scored?,,,finalized,2026-06-14T06:01:26Z,,,,,,,,,,,,,,2026-07-29T11:46:28Z
KXWCTOTAL-26JUN14AUSTUR-2,KXWCTOTAL-26JUN14AUSTUR,,Will over 1.5 goals be scored?,,,finalized,2026-06-14T06:01:26Z,,,,,,,,,,,,,,2026-07-29T11:46:28Z
KXWCTOTAL-26JUN14AUSTUR-1,KXWCTOTAL-26JUN14AUSTUR,,Will over 0.5 goals be scored?,,,finalized,2026-06-14T05:35:44Z,,,,,,,,,,,,,,2026-07-29T11:46:28Z
KXWCTOTAL-26JUN14GERCUW-6,KXWCTOTAL-26JUN14GERCUW,,Will over 5.5 goals be scored?,,,finalized,2026-06-14T18:41:04Z,,,,,,,,,,,,,,2026-07-29T11:46:28Z
KXWCTOTAL-26JUN14GERCUW-5,KXWCTOTAL-26JUN14GERCUW,,Will over 4.5 goals be scored?,,,finalized,2026-06-14T18:30:56Z,,,,,,,,,,,,,,2026-07-29T11:46:28Z
KXWCTOTAL-26JUN14GERCUW-4,KXWCTOTAL-26JUN14GERCUW,,Will over 3.5 goals be scored?,,,finalized,2026-06-14T18:10:56Z,,,,,,,,,,,,,,2026-07-29T11:46:28Z
KXWCTOTAL-26JUN14GERCUW-3,KXWCTOTAL-26JUN14GERCUW,,Will over 2.5 goals be scored?,,,finalized,2026-06-14T17:51:08Z,,,,,,,,,,,,,,2026-07-29T11:46:28Z
KXWCTOTAL-26JUN14GERCUW-2,KXWCTOTAL-26JUN14GERCUW,,Will over 1.5 goals be scored?,,,finalized,2026-06-14T17:40:46Z,,,,,,,,,,,,,,2026-07-29T11:46:28Z
KXWCTOTAL-26JUN14GERCUW-1,KXWCTOTAL-26JUN14GERCUW,,Will over 0.5 goals be scored?,,,finalized,2026-06-14T17:25:43Z,,,,,,,,,,,,,,2026-07-29T11:46:28Z
KXWCTOTAL-26JUN14NEDJPN-6,KXWCTOTAL-26JUN14NEDJPN,,Will over 5.5 goals be scored?,,,finalized,2026-06-14T21:55:55Z,,,,,,,,,,,,,,2026-07-29T11:46:28Z
KXWCTOTAL-26JUN14NEDJPN-5,KXWCTOTAL-26JUN14NEDJPN,,Will over 4.5 goals be scored?,,,finalized,2026-06-14T21:55:55Z,,,,,,,,,,,,,,2026-07-29T11:46:28Z
KXWCTOTAL-26JUN14NEDJPN-4,KXWCTOTAL-26JUN14NEDJPN,,Will over 3.5 goals be scored?,,,finalized,2026-06-14T21:55:55Z,,,,,,,,,,,,,,2026-07-29T11:46:28Z
KXWCTOTAL-26JUN14NEDJPN-3,KXWCTOTAL-26JUN14NEDJPN,,Will over 2.5 goals be scored?,,,finalized,2026-06-14T21:51:11Z,,,,,,,,,,,,,,2026-07-29T11:46:28Z
KXWCTOTAL-26JUN14NEDJPN-2,KXWCTOTAL-26JUN14NEDJPN,,Will over 1.5 goals be scored?,,,finalized,2026-06-14T21:25:42Z,,,,,,,,,,,,,,2026-07-29T11:46:28Z
KXWCTOTAL-26JUN14NEDJPN-1,KXWCTOTAL-26JUN14NEDJPN,,Will over 0.5 goals be scored?,,,finalized,2026-06-14T21:15:55Z,,,,,,,,,,,,,,2026-07-29T11:46:28Z
KXWCTOTAL-26JUN14CIVECU-6,KXWCTOTAL-26JUN14CIVECU,,Will over 5.5 goals be scored?,,,finalized,2026-06-15T01:05:43Z,,,,,,,,,,,,,,2026-07-29T11:46:28Z
KXWCTOTAL-26JUN14CIVECU-5,KXWCTOTAL-26JUN14CIVECU,,Will over 4.5 goals be scored?,,,finalized,2026-06-15T01:05:43Z,,,,,,,,,,,,,,2026-07-29T11:46:28Z
KXWCTOTAL-26JUN14CIVECU-4,KXWCTOTAL-26JUN14CIVECU,,Will over 3.5 goals be scored?,,,finalized,2026-06-15T01:05:42Z,,,,,,,,,,,,,,2026-07-29T11:46:28Z
KXWCTOTAL-26JUN14CIVECU-3,KXWCTOTAL-26JUN14CIVECU,,Will over 2.5 goals be scored?,,,finalized,2026-06-15T01:05:42Z,,,,,,,,,,,,,,2026-07-29T11:46:28Z
KXWCTOTAL-26JUN14CIVECU-2,KXWCTOTAL-26JUN14CIVECU,,Will over 1.5 goals be scored?,,,finalized,2026-06-15T01:05:42Z,,,,,,,,,,,,,,2026-07-29T11:46:28Z
KXWCTOTAL-26JUN14CIVECU-1,KXWCTOTAL-26JUN14CIVECU,,Will over 0.5 goals be scored?,,,finalized,2026-06-15T01:05:42Z,,,,,,,,,,,,,,2026-07-29T11:46:28Z
KXWCTOTAL-26JUN14SWETUN-6,KXWCTOTAL-26JUN14SWETUN,,Will over 5.5 goals be scored?,,,finalized,2026-06-15T04:01:07Z,,,,,,,,,,,,,,2026-07-29T11:46:28Z
KXWCTOTAL-26JUN14SWETUN-5,KXWCTOTAL-26JUN14SWETUN,,Will over 4.5 goals be scored?,,,finalized,2026-06-15T03:55:32Z,,,,,,,,,,,,,,2026-07-29T11:46:28Z
KXWCTOTAL-26JUN14SWETUN-4,KXWCTOTAL-26JUN14SWETUN,,Will over 3.5 goals be scored?,,,finalized,2026-06-15T03:47:01Z,,,,,,,,,,,,,,2026-07-29T11:46:28Z
KXWCTOTAL-26JUN14SWETUN-3,KXWCTOTAL-26JUN14SWETUN,,Will over 2.5 goals be scored?,,,finalized,2026-06-15T03:20:56Z,,,,,,,,,,,,,,2026-07-29T11:46:28Z
KXWCTOTAL-26JUN14SWETUN-2,KXWCTOTAL-26JUN14SWETUN,,Will over 1.5 goals be scored?,,,finalized,2026-06-15T02:45:28Z,,,,,,,,,,,,,,2026-07-29T11:46:28Z
KXWCTOTAL-26JUN14SWETUN-1,KXWCTOTAL-26JUN14SWETUN,,Will over 0.5 goals be scored?,,,finalized,2026-06-15T02:31:16Z,,,,,,,,,,,,,,2026-07-29T11:46:28Z
KXWCTOTAL-26JUN15ESPCPV-6,KXWCTOTAL-26JUN15ESPCPV,,Will over 5.5 goals be scored?,,,finalized,2026-06-15T18:01:15Z,,,,,,,,,,,,,,2026-07-29T11:46:28Z
KXWCTOTAL-26JUN15ESPCPV-5,KXWCTOTAL-26JUN15ESPCPV,,Will over 4.5 goals be scored?,,,finalized,2026-06-15T18:01:15Z,,,,,,,,,,,,,,2026-07-29T11:46:28Z
KXWCTOTAL-26JUN15ESPCPV-4,KXWCTOTAL-26JUN15ESPCPV,,Will over 3.5 goals be scored?,,,finalized,2026-06-15T18:01:15Z,,,,,,,,,,,,,,2026-07-29T11:46:28Z
KXWCTOTAL-26JUN15ESPCPV-3,KXWCTOTAL-26JUN15ESPCPV,,Will over 2.5 goals be scored?,,,finalized,2026-06-15T18:01:15Z,,,,,,,,,,,,,,2026-07-29T11:46:28Z
KXWCTOTAL-26JUN15ESPCPV-2,KXWCTOTAL-26JUN15ESPCPV,,Will over 1.5 goals be scored?,,,finalized,2026-06-15T18:01:15Z,,,,,,,,,,,,,,2026-07-29T11:46:28Z
KXWCTOTAL-26JUN15ESPCPV-1,KXWCTOTAL-26JUN15ESPCPV,,Will over 0.5 goals be scored?,,,finalized,2026-06-15T18:01:15Z,,,,,,,,,,,,,,2026-07-29T11:46:28Z
KXWCTOTAL-26JUN15BELEGY-6,KXWCTOTAL-26JUN15BELEGY,,Will over 5.5 goals be scored?,,,finalized,2026-06-15T21:01:06Z,,,,,,,,,,,,,,2026-07-29T11:46:28Z
KXWCTOTAL-26JUN15BELEGY-5,KXWCTOTAL-26JUN15BELEGY,,Will over 4.5 goals be scored?,,,finalized,2026-06-15T21:01:06Z,,,,,,,,,,,,,,2026-07-29T11:46:28Z
KXWCTOTAL-26JUN15BELEGY-4,KXWCTOTAL-26JUN15BELEGY,,Will over 3.5 goals be scored?,,,finalized,2026-06-15T21:01:06Z,,,,,,,,,,,,,,2026-07-29T11:46:28Z
KXWCTOTAL-26JUN15BELEGY-3,KXWCTOTAL-26JUN15BELEGY,,Will over 2.5 goals be scored?,,,finalized,2026-06-15T21:01:06Z,,,,,,,,,,,,,,2026-07-29T11:46:28Z
KXWCTOTAL-26JUN15BELEGY-2,KXWCTOTAL-26JUN15BELEGY,,Will over 1.5 goals be scored?,,,finalized,2026-06-15T21:01:06Z,,,,,,,,,,,,,,2026-07-29T11:46:28Z
KXWCTOTAL-26JUN15BELEGY-1,KXWCTOTAL-26JUN15BELEGY,,Will over 0.5 goals be scored?,,,finalized,2026-06-15T20:31:06Z,,,,,,,,,,,,,,2026-07-29T11:46:28Z
KXWCTOTAL-26JUN15KSAURU-6,KXWCTOTAL-26JUN15KSAURU,,Will over 5.5 goals be scored?,,,finalized,2026-06-16T00:05:37Z,,,,,,,,,,,,,,2026-07-29T11:46:28Z
KXWCTOTAL-26JUN15KSAURU-5,KXWCTOTAL-26JUN15KSAURU,,Will over 4.5 goals be scored?,,,finalized,2026-06-16T00:05:37Z,,,,,,,,,,,,,,2026-07-29T11:46:28Z
KXWCTOTAL-26JUN15KSAURU-4,KXWCTOTAL-26JUN15KSAURU,,Will over 3.5 goals be scored?,,,finalized,2026-06-16T00:05:37Z,,,,,,,,,,,,,,2026-07-29T11:46:28Z
KXWCTOTAL-26JUN15KSAURU-3,KXWCTOTAL-26JUN15KSAURU,,Will over 2.5 goals be scored?,,,finalized,2026-06-16T00:05:36Z,,,,,,,,,,,,,,2026-07-29T11:46:28Z
KXWCTOTAL-26JUN15KSAURU-2,KXWCTOTAL-26JUN15KSAURU,,Will over 1.5 goals be scored?,,,finalized,2026-06-16T00:05:36Z,,,,,,,,,,,,,,2026-07-29T11:46:28Z
KXWCTOTAL-26JUN15KSAURU-1,KXWCTOTAL-26JUN15KSAURU,,Will over 0.5 goals be scored?,,,finalized,2026-06-15T23:45:44Z,,,,,,,,,,,,,,2026-07-29T11:46:28Z
KXWCTOTAL-26JUN15IRINZL-6,KXWCTOTAL-26JUN15IRINZL,,Will over 5.5 goals be scored?,,,finalized,2026-06-16T03:05:51Z,,,,,,,,,,,,,,2026-07-29T11:46:28Z
KXWCTOTAL-26JUN15IRINZL-5,KXWCTOTAL-26JUN15IRINZL,,Will over 4.5 goals be scored?,,,finalized,2026-06-16T03:05:50Z,,,,,,,,,,,,,,2026-07-29T11:46:28Z
KXWCTOTAL-26JUN15IRINZL-4,KXWCTOTAL-26JUN15IRINZL,,Will over 3.5 goals be scored?,,,finalized,2026-06-16T03:05:50Z,,,,,,,,,,,,,,2026-07-29T11:46:28Z
KXWCTOTAL-26JUN15IRINZL-3,KXWCTOTAL-26JUN15IRINZL,,Will over 2.5 goals be scored?,,,finalized,2026-06-16T02:30:58Z,,,,,,,,,,,,,,2026-07-29T11:46:28Z
KXWCTOTAL-26JUN15IRINZL-2,KXWCTOTAL-26JUN15IRINZL,,Will over 1.5 goals be scored?,,,finalized,2026-06-16T02:20:57Z,,,,,,,,,,,,,,2026-07-29T11:46:28Z
KXWCTOTAL-26JUN15IRINZL-1,KXWCTOTAL-26JUN15IRINZL,,Will over 0.5 goals be scored?,,,finalized,2026-06-16T01:35:42Z,,,,,,,,,,,,,,2026-07-29T11:46:28Z
KXWCTOTAL-26JUN16FRASEN-6,KXWCTOTAL-26JUN16FRASEN,,Will over 5.5 goals be scored?,,,finalized,2026-06-16T21:05:54Z,,,,,,,,,,,,,,2026-07-29T11:46:28Z
KXWCTOTAL-26JUN16FRASEN-5,KXWCTOTAL-26JUN16FRASEN,,Will over 4.5 goals be scored?,,,finalized,2026-06-16T21:05:54Z,,,,,,,,,,,,,,2026-07-29T11:46:28Z
KXWCTOTAL-26JUN16FRASEN-4,KXWCTOTAL-26JUN16FRASEN,,Will over 3.5 goals be scored?,,,finalized,2026-06-16T21:05:54Z,,,,,,,,,,,,,,2026-07-29T11:46:28Z
KXWCTOTAL-26JUN16FRASEN-3,KXWCTOTAL-26JUN16FRASEN,,Will over 2.5 goals be scored?,,,finalized,2026-06-16T21:01:43Z,,,,,,,,,,,,,,2026-07-29T11:46:28Z
KXWCTOTAL-26JUN16FRASEN-2,KXWCTOTAL-26JUN16FRASEN,,Will over 1.5 goals be scored?,,,finalized,2026-06-16T21:01:43Z,,,,,,,,,,,,,,2026-07-29T11:46:28Z
KXWCTOTAL-26JUN16FRASEN-1,KXWCTOTAL-26JUN16FRASEN,,Will over 0.5 goals be scored?,,,finalized,2026-06-16T20:45:56Z,,,,,,,,,,,,,,2026-07-29T11:46:28Z
KXWCTOTAL-26JUN16IRQNOR-6,KXWCTOTAL-26JUN16IRQNOR,,Will over 5.5 goals be scored?,,,finalized,2026-06-17T00:01:31Z,,,,,,,,,,,,,,2026-07-29T11:46:28Z
KXWCTOTAL-26JUN16IRQNOR-5,KXWCTOTAL-26JUN16IRQNOR,,Will over 4.5 goals be scored?,,,finalized,2026-06-17T00:01:31Z,,,,,,,,,,,,,,2026-07-29T11:46:28Z
KXWCTOTAL-26JUN16IRQNOR-4,KXWCTOTAL-26JUN16IRQNOR,,Will over 3.5 goals be scored?,,,finalized,2026-06-17T00:01:31Z,,,,,,,,,,,,,,2026-07-29T11:46:28Z
KXWCTOTAL-26JUN16IRQNOR-3,KXWCTOTAL-26JUN16IRQNOR,,Will over 2.5 goals be scored?,,,finalized,2026-06-16T23:41:05Z,,,,,,,,,,,,,,2026-07-29T11:46:28Z
KXWCTOTAL-26JUN16IRQNOR-2,KXWCTOTAL-26JUN16IRQNOR,,Will over 1.5 goals be scored?,,,finalized,2026-06-16T22:45:32Z,,,,,,,,,,,,,,2026-07-29T11:46:28Z
KXWCTOTAL-26JUN16IRQNOR-1,KXWCTOTAL-26JUN16IRQNOR,,Will over 0.5 goals be scored?,,,finalized,2026-06-16T22:40:53Z,,,,,,,,,,,,,,2026-07-29T11:46:28Z
KXWCTOTAL-26JUN16ARGDZA-6,KXWCTOTAL-26JUN16ARGDZA,,Will over 5.5 goals be scored?,,,finalized,2026-06-17T03:01:12Z,,,,,,,,,,,,,,2026-07-29T11:46:28Z
KXWCTOTAL-26JUN16ARGDZA-5,KXWCTOTAL-26JUN16ARGDZA,,Will over 4.5 goals be scored?,,,finalized,2026-06-17T03:01:12Z,,,,,,,,,,,,,,2026-07-29T11:46:28Z
KXWCTOTAL-26JUN16ARGDZA-4,KXWCTOTAL-26JUN16ARGDZA,,Will over 3.5 goals be scored?,,,finalized,2026-06-17T03:01:12Z,,,,,,,,,,,,,,2026-07-29T11:46:28Z
KXWCTOTAL-26JUN16ARGDZA-3,KXWCTOTAL-26JUN16ARGDZA,,Will over 2.5 goals be scored?,,,finalized,2026-06-17T03:01:12Z,,,,,,,,,,,,,,2026-07-29T11:46:28Z
KXWCTOTAL-26JUN16ARGDZA-2,KXWCTOTAL-26JUN16ARGDZA,,Will over 1.5 goals be scored?,,,finalized,2026-06-17T02:41:14Z,,,,,,,,,,,,,,2026-07-29T11:46:28Z
KXWCTOTAL-26JUN16ARGDZA-1,KXWCTOTAL-26JUN16ARGDZA,,Will over 0.5 goals be scored?,,,finalized,2026-06-17T02:25:35Z,,,,,,,,,,,,,,2026-07-29T11:46:28Z
KXWCTOTAL-26JUN17AUTJOR-6,KXWCTOTAL-26JUN17AUTJOR,,Will over 5.5 goals be scored?,,,finalized,2026-06-17T06:11:01Z,,,,,,,,,,,,,,2026-07-29T11:46:28Z
KXWCTOTAL-26JUN17AUTJOR-5,KXWCTOTAL-26JUN17AUTJOR,,Will over 4.5 goals be scored?,,,finalized,2026-06-17T06:11:01Z,,,,,,,,,,,,,,2026-07-29T11:46:28Z
KXWCTOTAL-26JUN17AUTJOR-4,KXWCTOTAL-26JUN17AUTJOR,,Will over 3.5 goals be scored?,,,finalized,2026-06-17T06:11:01Z,,,,,,,,,,,,,,2026-07-29T11:46:28Z
KXWCTOTAL-26JUN17AUTJOR-3,KXWCTOTAL-26JUN17AUTJOR,,Will over 2.5 goals be scored?,,,finalized,2026-06-17T06:11:01Z,,,,,,,,,,,,,,2026-07-29T11:46:28Z
KXWCTOTAL-26JUN17AUTJOR-2,KXWCTOTAL-26JUN17AUTJOR,,Will over 1.5 goals be scored?,,,finalized,2026-06-17T05:41:14Z,,,,,,,,,,,,,,2026-07-29T11:46:28Z
KXWCTOTAL-26JUN17AUTJOR-1,KXWCTOTAL-26JUN17AUTJOR,,Will over 0.5 goals be scored?,,,finalized,2026-06-17T05:15:42Z,,,,,,,,,,,,,,2026-07-29T11:46:28Z
KXWCTOTAL-26JUN17PORCOD-6,KXWCTOTAL-26JUN17PORCOD,,Will over 5.5 goals be scored?,,,finalized,2026-06-17T19:01:31Z,,,,,,,,,,,,,,2026-07-29T11:46:28Z
KXWCTOTAL-26JUN17PORCOD-5,KXWCTOTAL-26JUN17PORCOD,,Will over 4.5 goals be scored?,,,finalized,2026-06-17T19:01:31Z,,,,,,,,,,,,,,2026-07-29T11:46:28Z
KXWCTOTAL-26JUN17PORCOD-4,KXWCTOTAL-26JUN17PORCOD,,Will over 3.5 goals be scored?,,,finalized,2026-06-17T19:01:30Z,,,,,,,,,,,,,,2026-07-29T11:46:28Z
KXWCTOTAL-26JUN17PORCOD-3,KXWCTOTAL-26JUN17PORCOD,,Will over 2.5 goals be scored?,,,finalized,2026-06-17T19:01:30Z,,,,,,,,,,,,,,2026-07-29T11:46:28Z
KXWCTOTAL-26JUN17PORCOD-2,KXWCTOTAL-26JUN17PORCOD,,Will over 1.5 goals be scored?,,,finalized,2026-06-17T19:01:30Z,,,,,,,,,,,,,,2026-07-29T11:46:28Z
KXWCTOTAL-26JUN17PORCOD-1,KXWCTOTAL-26JUN17PORCOD,,Will over 0.5 goals be scored?,,,finalized,2026-06-17T17:51:45Z,,,,,,,,,,,,,,2026-07-29T11:46:28Z
KXWCTOTAL-26JUN17ENGCRO-6,KXWCTOTAL-26JUN17ENGCRO,,Will over 5.5 goals be scored?,,,finalized,2026-06-17T22:01:19Z,,,,,,,,,,,,,,2026-07-29T11:46:28Z
KXWCTOTAL-26JUN17ENGCRO-5,KXWCTOTAL-26JUN17ENGCRO,,Will over 4.5 goals be scored?,,,finalized,2026-06-17T21:51:09Z,,,,,,,,,,,,,,2026-07-29T11:46:28Z
KXWCTOTAL-26JUN17ENGCRO-4,KXWCTOTAL-26JUN17ENGCRO,,Will over 3.5 goals be scored?,,,finalized,2026-06-17T21:11:07Z,,,,,,,,,,,,,,2026-07-29T11:46:28Z
KXWCTOTAL-26JUN17ENGCRO-3,KXWCTOTAL-26JUN17ENGCRO,,Will over 2.5 goals be scored?,,,finalized,2026-06-17T20:50:55Z,,,,,,,,,,,,,,2026-07-29T11:46:28Z
KXWCTOTAL-26JUN17ENGCRO-2,KXWCTOTAL-26JUN17ENGCRO,,Will over 1.5 goals be scored?,,,finalized,2026-06-17T20:40:50Z,,,,,,,,,,,,,,2026-07-29T11:46:28Z
KXWCTOTAL-26JUN17ENGCRO-1,KXWCTOTAL-26JUN17ENGCRO,,Will over 0.5 goals be scored?,,,finalized,2026-06-17T20:35:28Z,,,,,,,,,,,,,,2026-07-29T11:46:28Z
KXWCTOTAL-26JUN17GHAPAN-6,KXWCTOTAL-26JUN17GHAPAN,,Will over 5.5 goals be scored?,,,finalized,2026-06-18T01:06:14Z,,,,,,,,,,,,,,2026-07-29T11:46:28Z
KXWCTOTAL-26JUN17GHAPAN-5,KXWCTOTAL-26JUN17GHAPAN,,Will over 4.5 goals be scored?,,,finalized,2026-06-18T01:06:14Z,,,,,,,,,,,,,,2026-07-29T11:46:28Z
KXWCTOTAL-26JUN17GHAPAN-4,KXWCTOTAL-26JUN17GHAPAN,,Will over 3.5 goals be scored?,,,finalized,2026-06-18T01:06:14Z,,,,,,,,,,,,,,2026-07-29T11:46:28Z
KXWCTOTAL-26JUN17GHAPAN-3,KXWCTOTAL-26JUN17GHAPAN,,Will over 2.5 goals be scored?,,,finalized,2026-06-18T01:06:14Z,,,,,,,,,,,,,,2026-07-29T11:46:28Z
KXWCTOTAL-26JUN17GHAPAN-2,KXWCTOTAL-26JUN17GHAPAN,,Will over 1.5 goals be scored?,,,finalized,2026-06-18T01:06:13Z,,,,,,,,,,,,,,2026-07-29T11:46:28Z
KXWCTOTAL-26JUN17GHAPAN-1,KXWCTOTAL-26JUN17GHAPAN,,Will over 0.5 goals be scored?,,,finalized,2026-06-18T01:06:13Z,,,,,,,,,,,,,,2026-07-29T11:46:28Z
KXWCTOTAL-26JUN17UZBCOL-6,KXWCTOTAL-26JUN17UZBCOL,,Will over 5.5 goals be scored?,,,finalized,2026-06-18T04:01:21Z,,,,,,,,,,,,,,2026-07-29T11:46:28Z
KXWCTOTAL-26JUN17UZBCOL-5,KXWCTOTAL-26JUN17UZBCOL,,Will over 4.5 goals be scored?,,,finalized,2026-06-18T04:01:20Z,,,,,,,,,,,,,,2026-07-29T11:46:28Z
KXWCTOTAL-26JUN17UZBCOL-4,KXWCTOTAL-26JUN17UZBCOL,,Will over 3.5 goals be scored?,,,finalized,2026-06-18T04:01:20Z,,,,,,,,,,,,,,2026-07-29T11:46:28Z
KXWCTOTAL-26JUN17UZBCOL-3,KXWCTOTAL-26JUN17UZBCOL,,Will over 2.5 goals be scored?,,,finalized,2026-06-18T04:01:20Z,,,,,,,,,,,,,,2026-07-29T11:46:28Z
KXWCTOTAL-26JUN17UZBCOL-2,KXWCTOTAL-26JUN17UZBCOL,,Will over 1.5 goals be scored?,,,finalized,2026-06-18T03:25:34Z,,,,,,,,,,,,,,2026-07-29T11:46:28Z
KXWCTOTAL-26JUN17UZBCOL-1,KXWCTOTAL-26JUN17UZBCOL,,Will over 0.5 goals be scored?,,,finalized,2026-06-18T03:21:07Z,,,,,,,,,,,,,,2026-07-29T11:46:28Z
KXWCTOTAL-26JUN18CZERSA-6,KXWCTOTAL-26JUN18CZERSA,,Will over 5.5 goals be scored?,,,finalized,2026-06-18T18:01:30Z,,,,,,,,,,,,,,2026-07-29T11:46:28Z
KXWCTOTAL-26JUN18CZERSA-5,KXWCTOTAL-26JUN18CZERSA,,Will over 4.5 goals be scored?,,,finalized,2026-06-18T18:01:30Z,,,,,,,,,,,,,,2026-07-29T11:46:28Z
KXWCTOTAL-26JUN18CZERSA-4,KXWCTOTAL-26JUN18CZERSA,,Will over 3.5 goals be scored?,,,finalized,2026-06-18T18:01:30Z,,,,,,,,,,,,,,2026-07-29T11:46:28Z
KXWCTOTAL-26JUN18CZERSA-3,KXWCTOTAL-26JUN18CZERSA,,Will over 2.5 goals be scored?,,,finalized,2026-06-18T18:01:30Z,,,,,,,,,,,,,,2026-07-29T11:46:28Z
KXWCTOTAL-26JUN18CZERSA-2,KXWCTOTAL-26JUN18CZERSA,,Will over 1.5 goals be scored?,,,finalized,2026-06-18T18:01:30Z,,,,,,,,,,,,,,2026-07-29T11:46:28Z
KXWCTOTAL-26JUN18CZERSA-1,KXWCTOTAL-26JUN18CZERSA,,Will over 0.5 goals be scored?,,,finalized,2026-06-18T17:45:36Z,,,,,,,,,,,,,,2026-07-29T11:46:28Z
KXWCTOTAL-26JUN18SUIBIH-6,KXWCTOTAL-26JUN18SUIBIH,,Will over 5.5 goals be scored?,,,finalized,2026-06-18T21:01:21Z,,,,,,,,,,,,,,2026-07-29T11:46:28Z
KXWCTOTAL-26JUN18SUIBIH-5,KXWCTOTAL-26JUN18SUIBIH,,Will over 4.5 goals be scored?,,,finalized,2026-06-18T21:01:20Z,,,,,,,,,,,,,,2026-07-29T11:46:28Z
KXWCTOTAL-26JUN18SUIBIH-4,KXWCTOTAL-26JUN18SUIBIH,,Will over 3.5 goals be scored?,,,finalized,2026-06-18T20:55:29Z,,,,,,,,,,,,,,2026-07-29T11:46:28Z
KXWCTOTAL-26JUN18SUIBIH-3,KXWCTOTAL-26JUN18SUIBIH,,Will over 2.5 goals be scored?,,,finalized,2026-06-18T20:51:12Z,,,,,,,,,,,,,,2026-07-29T11:46:28Z
KXWCTOTAL-26JUN18SUIBIH-2,KXWCTOTAL-26JUN18SUIBIH,,Will over 1.5 goals be scored?,,,finalized,2026-06-18T20:51:12Z,,,,,,,,,,,,,,2026-07-29T11:46:28Z
KXWCTOTAL-26JUN18SUIBIH-1,KXWCTOTAL-26JUN18SUIBIH,,Will over 0.5 goals be scored?,,,finalized,2026-06-18T20:45:35Z,,,,,,,,,,,,,,2026-07-29T11:46:28Z
KXWCTOTAL-26JUN18CANQAT-6,KXWCTOTAL-26JUN18CANQAT,,Will over 5.5 goals be scored?,,,finalized,2026-06-19T00:01:26Z,,,,,,,,,,,,,,2026-07-29T11:46:28Z
KXWCTOTAL-26JUN18CANQAT-5,KXWCTOTAL-26JUN18CANQAT,,Will over 4.5 goals be scored?,,,finalized,2026-06-18T23:55:30Z,,,,,,,,,,,,,,2026-07-29T11:46:28Z
KXWCTOTAL-26JUN18CANQAT-4,KXWCTOTAL-26JUN18CANQAT,,Will over 3.5 goals be scored?,,,finalized,2026-06-18T23:41:14Z,,,,,,,,,,,,,,2026-07-29T11:46:28Z
KXWCTOTAL-26JUN18CANQAT-3,KXWCTOTAL-26JUN18CANQAT,,Will over 2.5 goals be scored?,,,finalized,2026-06-18T23:25:51Z,,,,,,,,,,,,,,2026-07-29T11:46:28Z
KXWCTOTAL-26JUN18CANQAT-2,KXWCTOTAL-26JUN18CANQAT,,Will over 1.5 goals be scored?,,,finalized,2026-06-18T22:50:50Z,,,,,,,,,,,,,,2026-07-29T11:46:28Z
KXWCTOTAL-26JUN18CANQAT-1,KXWCTOTAL-26JUN18CANQAT,,Will over 0.5 goals be scored?,,,finalized,2026-06-18T22:31:06Z,,,,,,,,,,,,,,2026-07-29T11:46:28Z
KXWCTOTAL-26JUN18MEXKOR-6,KXWCTOTAL-26JUN18MEXKOR,,Will over 5.5 goals be scored?,,,finalized,2026-06-19T03:01:22Z,,,,,,,,,,,,,,2026-07-29T11:46:28Z
KXWCTOTAL-26JUN18MEXKOR-5,KXWCTOTAL-26JUN18MEXKOR,,Will over 4.5 goals be scored?,,,finalized,2026-06-19T03:01:22Z,,,,,,,,,,,,,,2026-07-29T11:46:28Z
KXWCTOTAL-26JUN18MEXKOR-4,KXWCTOTAL-26JUN18MEXKOR,,Will over 3.5 goals be scored?,,,finalized,2026-06-19T03:01:22Z,,,,,,,,,,,,,,2026-07-29T11:46:28Z
KXWCTOTAL-26JUN18MEXKOR-3,KXWCTOTAL-26JUN18MEXKOR,,Will over 2.5 goals be scored?,,,finalized,2026-06-19T03:01:21Z,,,,,,,,,,,,,,2026-07-29T11:46:28Z
KXWCTOTAL-26JUN18MEXKOR-2,KXWCTOTAL-26JUN18MEXKOR,,Will over 1.5 goals be scored?,,,finalized,2026-06-19T03:01:21Z,,,,,,,,,,,,,,2026-07-29T11:46:28Z
KXWCTOTAL-26JUN18MEXKOR-1,KXWCTOTAL-26JUN18MEXKOR,,Will over 0.5 goals be scored?,,,finalized,2026-06-19T03:01:21Z,,,,,,,,,,,,,,2026-07-29T11:46:28Z
KXWCTOTAL-26JUN19USAAUS-6,KXWCTOTAL-26JUN19USAAUS,,Will over 5.5 goals be scored?,,,finalized,2026-06-19T21:05:34Z,,,,,,,,,,,,,,2026-07-29T11:46:28Z
KXWCTOTAL-26JUN19USAAUS-5,KXWCTOTAL-26JUN19USAAUS,,Will over 4.5 goals be scored?,,,finalized,2026-06-19T21:05:34Z,,,,,,,,,,,,,,2026-07-29T11:46:28Z
KXWCTOTAL-26JUN19USAAUS-4,KXWCTOTAL-26JUN19USAAUS,,Will over 3.5 goals be scored?,,,finalized,2026-06-19T21:05:33Z,,,,,,,,,,,,,,2026-07-29T11:46:28Z
KXWCTOTAL-26JUN19USAAUS-3,KXWCTOTAL-26JUN19USAAUS,,Will over 2.5 goals be scored?,,,finalized,2026-06-19T21:05:33Z,,,,,,,,,,,,,,2026-07-29T11:46:28Z
KXWCTOTAL-26JUN19USAAUS-2,KXWCTOTAL-26JUN19USAAUS,,Will over 1.5 goals be scored?,,,finalized,2026-06-19T21:05:33Z,,,,,,,,,,,,,,2026-07-29T11:46:28Z
KXWCTOTAL-26JUN19USAAUS-1,KXWCTOTAL-26JUN19USAAUS,,Will over 0.5 goals be scored?,,,finalized,2026-06-19T19:45:27Z,,,,,,,,,,,,,,2026-07-29T11:46:28Z
KXWCTOTAL-26JUN19SCOMAR-6,KXWCTOTAL-26JUN19SCOMAR,,Will over 5.5 goals be scored?,,,finalized,2026-06-20T00:01:24Z,,,,,,,,,,,,,,2026-07-29T11:46:28Z
KXWCTOTAL-26JUN19SCOMAR-5,KXWCTOTAL-26JUN19SCOMAR,,Will over 4.5 goals be scored?,,,finalized,2026-06-20T00:01:24Z,,,,,,,,,,,,,,2026-07-29T11:46:28Z
KXWCTOTAL-26JUN19SCOMAR-4,KXWCTOTAL-26JUN19SCOMAR,,Will over 3.5 goals be scored?,,,finalized,2026-06-20T00:01:24Z,,,,,,,,,,,,,,2026-07-29T11:46:28Z
KXWCTOTAL-26JUN19SCOMAR-3,KXWCTOTAL-26JUN19SCOMAR,,Will over 2.5 goals be scored?,,,finalized,2026-06-20T00:01:24Z,,,,,,,,,,,,,,2026-07-29T11:46:28Z
KXWCTOTAL-26JUN19SCOMAR-2,KXWCTOTAL-26JUN19SCOMAR,,Will over 1.5 goals be scored?,,,finalized,2026-06-20T00:01:24Z,,,,,,,,,,,,,,2026-07-29T11:46:28Z
KXWCTOTAL-26JUN19SCOMAR-1,KXWCTOTAL-26JUN19SCOMAR,,Will over 0.5 goals be scored?,,,finalized,2026-06-20T00:01:23Z,,,,,,,,,,,,,,2026-07-29T11:46:28Z
KXWCTOTAL-26JUN19BRAHTI-6,KXWCTOTAL-26JUN19BRAHTI,,Will over 5.5 goals be scored?,,,finalized,2026-06-20T02:31:21Z,,,,,,,,,,,,,,2026-07-29T11:46:28Z
KXWCTOTAL-26JUN19BRAHTI-5,KXWCTOTAL-26JUN19BRAHTI,,Will over 4.5 goals be scored?,,,finalized,2026-06-20T02:31:21Z,,,,,,,,,,,,,,2026-07-29T11:46:28Z
KXWCTOTAL-26JUN19BRAHTI-4,KXWCTOTAL-26JUN19BRAHTI,,Will over 3.5 goals be scored?,,,finalized,2026-06-20T02:31:21Z,,,,,,,,,,,,,,2026-07-29T11:46:28Z
KXWCTOTAL-26JUN19BRAHTI-3,KXWCTOTAL-26JUN19BRAHTI,,Will over 2.5 goals be scored?,,,finalized,2026-06-20T02:31:20Z,,,,,,,,,,,,,,2026-07-29T11:46:28Z
KXWCTOTAL-26JUN19BRAHTI-2,KXWCTOTAL-26JUN19BRAHTI,,Will over 1.5 goals be scored?,,,finalized,2026-06-20T01:21:12Z,,,,,,,,,,,,,,2026-07-29T11:46:28Z
KXWCTOTAL-26JUN19BRAHTI-1,KXWCTOTAL-26JUN19BRAHTI,,Will over 0.5 goals be scored?,,,finalized,2026-06-20T01:11:12Z,,,,,,,,,,,,,,2026-07-29T11:46:28Z
KXWCTOTAL-26JUN19TURPAR-6,KXWCTOTAL-26JUN19TURPAR,,Will over 5.5 goals be scored?,,,finalized,2026-06-20T05:05:31Z,,,,,,,,,,,,,,2026-07-29T11:46:28Z
KXWCTOTAL-26JUN19TURPAR-5,KXWCTOTAL-26JUN19TURPAR,,Will over 4.5 goals be scored?,,,finalized,2026-06-20T05:05:31Z,,,,,,,,,,,,,,2026-07-29T11:46:28Z
KXWCTOTAL-26JUN19TURPAR-4,KXWCTOTAL-26JUN19TURPAR,,Will over 3.5 goals be scored?,,,finalized,2026-06-20T05:05:31Z,,,,,,,,,,,,,,2026-07-29T11:46:28Z
KXWCTOTAL-26JUN19TURPAR-3,KXWCTOTAL-26JUN19TURPAR,,Will over 2.5 goals be scored?,,,finalized,2026-06-20T05:05:30Z,,,,,,,,,,,,,,2026-07-29T11:46:28Z
KXWCTOTAL-26JUN19TURPAR-2,KXWCTOTAL-26JUN19TURPAR,,Will over 1.5 goals be scored?,,,finalized,2026-06-20T05:05:30Z,,,,,,,,,,,,,,2026-07-29T11:46:28Z
KXWCTOTAL-26JUN19TURPAR-1,KXWCTOTAL-26JUN19TURPAR,,Will over 0.5 goals be scored?,,,finalized,2026-06-20T05:05:30Z,,,,,,,,,,,,,,2026-07-29T11:46:28Z
KXWCTOTAL-26JUN20NEDSWE-6,KXWCTOTAL-26JUN20NEDSWE,,Will over 5.5 goals be scored?,,,finalized,2026-06-20T19:01:00Z,,,,,,,,,,,,,,2026-07-29T11:46:28Z
KXWCTOTAL-26JUN20NEDSWE-5,KXWCTOTAL-26JUN20NEDSWE,,Will over 4.5 goals be scored?,,,finalized,2026-06-20T18:50:51Z,,,,,,,,,,,,,,2026-07-29T11:46:28Z
KXWCTOTAL-26JUN20NEDSWE-4,KXWCTOTAL-26JUN20NEDSWE,,Will over 3.5 goals be scored?,,,finalized,2026-06-20T18:20:50Z,,,,,,,,,,,,,,2026-07-29T11:46:28Z
KXWCTOTAL-26JUN20NEDSWE-3,KXWCTOTAL-26JUN20NEDSWE,,Will over 2.5 goals be scored?,,,finalized,2026-06-20T18:15:44Z,,,,,,,,,,,,,,2026-07-29T11:46:28Z
KXWCTOTAL-26JUN20NEDSWE-2,KXWCTOTAL-26JUN20NEDSWE,,Will over 1.5 goals be scored?,,,finalized,2026-06-20T18:10:43Z,,,,,,,,,,,,,,2026-07-29T11:46:28Z
KXWCTOTAL-26JUN20NEDSWE-1,KXWCTOTAL-26JUN20NEDSWE,,Will over 0.5 goals be scored?,,,finalized,2026-06-20T17:20:46Z,,,,,,,,,,,,,,2026-07-29T11:46:28Z
KXWCTOTAL-26JUN20GERCIV-6,KXWCTOTAL-26JUN20GERCIV,,Will over 5.5 goals be scored?,,,finalized,2026-06-20T22:02:43Z,,,,,,,,,,,,,,2026-07-29T11:46:28Z
KXWCTOTAL-26JUN20GERCIV-5,KXWCTOTAL-26JUN20GERCIV,,Will over 4.5 goals be scored?,,,finalized,2026-06-20T22:02:43Z,,,,,,,,,,,,,,2026-07-29T11:46:28Z
KXWCTOTAL-26JUN20GERCIV-4,KXWCTOTAL-26JUN20GERCIV,,Will over 3.5 goals be scored?,,,finalized,2026-06-20T22:02:43Z,,,,,,,,,,,,,,2026-07-29T11:46:28Z
KXWCTOTAL-26JUN20GERCIV-3,KXWCTOTAL-26JUN20GERCIV,,Will over 2.5 goals be scored?,,,finalized,2026-06-20T22:02:43Z,,,,,,,,,,,,,,2026-07-29T11:46:28Z
KXWCTOTAL-26JUN20GERCIV-2,KXWCTOTAL-26JUN20GERCIV,,Will over 1.5 goals be scored?,,,finalized,2026-06-20T22:02:42Z,,,,,,,,,,,,,,2026-07-29T11:46:28Z
KXWCTOTAL-26JUN20GERCIV-1,KXWCTOTAL-26JUN20GERCIV,,Will over 0.5 goals be scored?,,,finalized,2026-06-20T21:30:56Z,,,,,,,,,,,,,,2026-07-29T11:46:28Z
KXWCTOTAL-26JUN20ECUCUW-6,KXWCTOTAL-26JUN20ECUCUW,,Will over 5.5 goals be scored?,,,finalized,2026-06-21T01:55:30Z,,,,,,,,,,,,,,2026-07-29T11:46:28Z
KXWCTOTAL-26JUN20ECUCUW-5,KXWCTOTAL-26JUN20ECUCUW,,Will over 4.5 goals be scored?,,,finalized,2026-06-21T01:55:30Z,,,,,,,,,,,,,,2026-07-29T11:46:28Z
KXWCTOTAL-26JUN20ECUCUW-4,KXWCTOTAL-26JUN20ECUCUW,,Will over 3.5 goals be scored?,,,finalized,2026-06-21T01:55:30Z,,,,,,,,,,,,,,2026-07-29T11:46:28Z
KXWCTOTAL-26JUN20ECUCUW-3,KXWCTOTAL-26JUN20ECUCUW,,Will over 2.5 goals be scored?,,,finalized,2026-06-21T01:55:30Z,,,,,,,,,,,,,,2026-07-29T11:46:28Z
KXWCTOTAL-26JUN20ECUCUW-2,KXWCTOTAL-26JUN20ECUCUW,,Will over 1.5 goals be scored?,,,finalized,2026-06-21T01:55:30Z,,,,,,,,,,,,,,2026-07-29T11:46:28Z
KXWCTOTAL-26JUN20ECUCUW-1,KXWCTOTAL-26JUN20ECUCUW,,Will over 0.5 goals be scored?,,,finalized,2026-06-21T01:55:30Z,,,,,,,,,,,,,,2026-07-29T11:46:28Z
KXWCTOTAL-26JUN21TUNJPN-6,KXWCTOTAL-26JUN21TUNJPN,,Will over 5.5 goals be scored?,,,finalized,2026-06-21T05:55:21Z,,,,,,,,,,,,,,2026-07-29T11:46:28Z
KXWCTOTAL-26JUN21TUNJPN-5,KXWCTOTAL-26JUN21TUNJPN,,Will over 4.5 goals be scored?,,,finalized,2026-06-21T05:55:21Z,,,,,,,,,,,,,,2026-07-29T11:46:28Z
KXWCTOTAL-26JUN21TUNJPN-4,KXWCTOTAL-26JUN21TUNJPN,,Will over 3.5 goals be scored?,,,finalized,2026-06-21T05:55:21Z,,,,,,,,,,,,,,2026-07-29T11:46:28Z
KXWCTOTAL-26JUN21TUNJPN-3,KXWCTOTAL-26JUN21TUNJPN,,Will over 2.5 goals be scored?,,,finalized,2026-06-21T05:46:19Z,,,,,,,,,,,,,,2026-07-29T11:46:28Z
KXWCTOTAL-26JUN21TUNJPN-2,KXWCTOTAL-26JUN21TUNJPN,,Will over 1.5 goals be scored?,,,finalized,2026-06-21T05:32:22Z,,,,,,,,,,,,,,2026-07-29T11:46:28Z
KXWCTOTAL-26JUN21TUNJPN-1,KXWCTOTAL-26JUN21TUNJPN,,Will over 0.5 goals be scored?,,,finalized,2026-06-21T04:31:22Z,,,,,,,,,,,,,,2026-07-29T11:46:28Z
KXWCTOTAL-26JUN21ESPKSA-6,KXWCTOTAL-26JUN21ESPKSA,,Will over 5.5 goals be scored?,,,finalized,2026-06-21T18:01:23Z,,,,,,,,,,,,,,2026-07-29T11:46:28Z
KXWCTOTAL-26JUN21ESPKSA-5,KXWCTOTAL-26JUN21ESPKSA,,Will over 4.5 goals be scored?,,,finalized,2026-06-21T18:01:22Z,,,,,,,,,,,,,,2026-07-29T11:46:28Z
KXWCTOTAL-26JUN21ESPKSA-4,KXWCTOTAL-26JUN21ESPKSA,,Will over 3.5 goals be scored?,,,finalized,2026-06-21T17:55:29Z,,,,,,,,,,,,,,2026-07-29T11:46:28Z
KXWCTOTAL-26JUN21ESPKSA-3,KXWCTOTAL-26JUN21ESPKSA,,Will over 2.5 goals be scored?,,,finalized,2026-06-21T17:11:22Z,,,,,,,,,,,,,,2026-07-29T11:46:28Z
KXWCTOTAL-26JUN21ESPKSA-2,KXWCTOTAL-26JUN21ESPKSA,,Will over 1.5 goals be scored?,,,finalized,2026-06-21T16:25:22Z,,,,,,,,,,,,,,2026-07-29T11:46:28Z
KXWCTOTAL-26JUN21ESPKSA-1,KXWCTOTAL-26JUN21ESPKSA,,Will over 0.5 goals be scored?,,,finalized,2026-06-21T16:21:26Z,,,,,,,,,,,,,,2026-07-29T11:46:28Z
KXWCTOTAL-26JUN21BELIRI-6,KXWCTOTAL-26JUN21BELIRI,,Will over 5.5 goals be scored?,,,finalized,2026-06-21T21:01:22Z,,,,,,,,,,,,,,2026-07-29T11:46:28Z
KXWCTOTAL-26JUN21BELIRI-5,KXWCTOTAL-26JUN21BELIRI,,Will over 4.5 goals be scored?,,,finalized,2026-06-21T21:01:22Z,,,,,,,,,,,,,,2026-07-29T11:46:28Z
KXWCTOTAL-26JUN21BELIRI-4,KXWCTOTAL-26JUN21BELIRI,,Will over 3.5 goals be scored?,,,finalized,2026-06-21T21:01:22Z,,,,,,,,,,,,,,2026-07-29T11:46:28Z
KXWCTOTAL-26JUN21BELIRI-3,KXWCTOTAL-26JUN21BELIRI,,Will over 2.5 goals be scored?,,,finalized,2026-06-21T21:01:22Z,,,,,,,,,,,,,,2026-07-29T11:46:28Z
KXWCTOTAL-26JUN21BELIRI-2,KXWCTOTAL-26JUN21BELIRI,,Will over 1.5 goals be scored?,,,finalized,2026-06-21T21:01:21Z,,,,,,,,,,,,,,2026-07-29T11:46:28Z
KXWCTOTAL-26JUN21BELIRI-1,KXWCTOTAL-26JUN21BELIRI,,Will over 0.5 goals be scored?,,,finalized,2026-06-21T21:01:21Z,,,,,,,,,,,,,,2026-07-29T11:46:28Z
KXWCTOTAL-26JUN21URUCPV-6,KXWCTOTAL-26JUN21URUCPV,,Will over 5.5 goals be scored?,,,finalized,2026-06-22T00:06:04Z,,,,,,,,,,,,,,2026-07-29T11:46:28Z
KXWCTOTAL-26JUN21URUCPV-5,KXWCTOTAL-26JUN21URUCPV,,Will over 4.5 goals be scored?,,,finalized,2026-06-22T00:06:04Z,,,,,,,,,,,,,,2026-07-29T11:46:28Z
KXWCTOTAL-26JUN21URUCPV-4,KXWCTOTAL-26JUN21URUCPV,,Will over 3.5 goals be scored?,,,finalized,2026-06-22T00:06:04Z,,,,,,,,,,,,,,2026-07-29T11:46:28Z
KXWCTOTAL-26JUN21URUCPV-3,KXWCTOTAL-26JUN21URUCPV,,Will over 2.5 goals be scored?,,,finalized,2026-06-21T23:25:33Z,,,,,,,,,,,,,,2026-07-29T11:46:28Z
KXWCTOTAL-26JUN21URUCPV-2,KXWCTOTAL-26JUN21URUCPV,,Will over 1.5 goals be scored?,,,finalized,2026-06-21T22:51:17Z,,,,,,,,,,,,,,2026-07-29T11:46:28Z
KXWCTOTAL-26JUN21URUCPV-1,KXWCTOTAL-26JUN21URUCPV,,Will over 0.5 goals be scored?,,,finalized,2026-06-21T22:45:30Z,,,,,,,,,,,,,,2026-07-29T11:46:28Z
KXWCTOTAL-26JUN21NZLEGY-6,KXWCTOTAL-26JUN21NZLEGY,,Will over 5.5 goals be scored?,,,finalized,2026-06-22T03:00:36Z,,,,,,,,,,,,,,2026-07-29T11:46:28Z
KXWCTOTAL-26JUN21NZLEGY-5,KXWCTOTAL-26JUN21NZLEGY,,Will over 4.5 goals be scored?,,,finalized,2026-06-22T03:00:36Z,,,,,,,,,,,,,,2026-07-29T11:46:28Z
KXWCTOTAL-26JUN21NZLEGY-4,KXWCTOTAL-26JUN21NZLEGY,,Will over 3.5 goals be scored?,,,finalized,2026-06-22T03:00:36Z,,,,,,,,,,,,,,2026-07-29T11:46:28Z
KXWCTOTAL-26JUN21NZLEGY-3,KXWCTOTAL-26JUN21NZLEGY,,Will over 2.5 goals be scored?,,,finalized,2026-06-22T02:45:18Z,,,,,,,,,,,,,,2026-07-29T11:46:28Z
KXWCTOTAL-26JUN21NZLEGY-2,KXWCTOTAL-26JUN21NZLEGY,,Will over 1.5 goals be scored?,,,finalized,2026-06-22T02:30:33Z,,,,,,,,,,,,,,2026-07-29T11:46:28Z
KXWCTOTAL-26JUN21NZLEGY-1,KXWCTOTAL-26JUN21NZLEGY,,Will over 0.5 goals be scored?,,,finalized,2026-06-22T02:20:33Z,,,,,,,,,,,,,,2026-07-29T11:46:28Z
KXWCTOTAL-26JUN22ARGAUT-6,KXWCTOTAL-26JUN22ARGAUT,,Will over 5.5 goals be scored?,,,finalized,2026-06-22T19:10:31Z,,,,,,,,,,,,,,2026-07-29T11:46:28Z
KXWCTOTAL-26JUN22ARGAUT-5,KXWCTOTAL-26JUN22ARGAUT,,Will over 4.5 goals be scored?,,,finalized,2026-06-22T19:10:31Z,,,,,,,,,,,,,,2026-07-29T11:46:28Z
KXWCTOTAL-26JUN22ARGAUT-4,KXWCTOTAL-26JUN22ARGAUT,,Will over 3.5 goals be scored?,,,finalized,2026-06-22T19:10:31Z,,,,,,,,,,,,,,2026-07-29T11:46:28Z
KXWCTOTAL-26JUN22ARGAUT-3,KXWCTOTAL-26JUN22ARGAUT,,Will over 2.5 goals be scored?,,,finalized,2026-06-22T19:10:31Z,,,,,,,,,,,,,,2026-07-29T11:46:28Z
KXWCTOTAL-26JUN22ARGAUT-2,KXWCTOTAL-26JUN22ARGAUT,,Will over 1.5 goals be scored?,,,finalized,2026-06-22T19:10:30Z,,,,,,,,,,,,,,2026-07-29T11:46:28Z
KXWCTOTAL-26JUN22ARGAUT-1,KXWCTOTAL-26JUN22ARGAUT,,Will over 0.5 goals be scored?,,,finalized,2026-06-22T19:01:51Z,,,,,,,,,,,,,,2026-07-29T11:46:28Z
KXWCTOTAL-26JUN22FRAIRQ-6,KXWCTOTAL-26JUN22FRAIRQ,,Will over 5.5 goals be scored?,,,finalized,2026-06-23T00:50:33Z,,,,,,,,,,,,,,2026-07-29T11:46:28Z
KXWCTOTAL-26JUN22FRAIRQ-5,KXWCTOTAL-26JUN22FRAIRQ,,Will over 4.5 goals be scored?,,,finalized,2026-06-23T00:50:33Z,,,,,,,,,,,,,,2026-07-29T11:46:28Z
KXWCTOTAL-26JUN22FRAIRQ-4,KXWCTOTAL-26JUN22FRAIRQ,,Will over 3.5 goals be scored?,,,finalized,2026-06-23T00:50:33Z,,,,,,,,,,,,,,2026-07-29T11:46:28Z
KXWCTOTAL-26JUN22FRAIRQ-3,KXWCTOTAL-26JUN22FRAIRQ,,Will over 2.5 goals be scored?,,,finalized,2026-06-23T00:50:32Z,,,,,,,,,,,,,,2026-07-29T11:46:28Z
KXWCTOTAL-26JUN22FRAIRQ-2,KXWCTOTAL-26JUN22FRAIRQ,,Will over 1.5 goals be scored?,,,finalized,2026-06-23T00:25:20Z,,,,,,,,,,,,,,2026-07-29T11:46:28Z
KXWCTOTAL-26JUN22FRAIRQ-1,KXWCTOTAL-26JUN22FRAIRQ,,Will over 0.5 goals be scored?,,,finalized,2026-06-23T00:10:36Z,,,,,,,,,,,,,,2026-07-29T11:46:28Z
KXWCTOTAL-26JUN22NORSEN-6,KXWCTOTAL-26JUN22NORSEN,,Will over 5.5 goals be scored?,,,finalized,2026-06-23T02:00:46Z,,,,,,,,,,,,,,2026-07-29T11:46:28Z
KXWCTOTAL-26JUN22NORSEN-5,KXWCTOTAL-26JUN22NORSEN,,Will over 4.5 goals be scored?,,,finalized,2026-06-23T02:00:45Z,,,,,,,,,,,,,,2026-07-29T11:46:28Z
KXWCTOTAL-26JUN22NORSEN-4,KXWCTOTAL-26JUN22NORSEN,,Will over 3.5 goals be scored?,,,finalized,2026-06-23T01:55:19Z,,,,,,,,,,,,,,2026-07-29T11:46:28Z
KXWCTOTAL-26JUN22NORSEN-3,KXWCTOTAL-26JUN22NORSEN,,Will over 2.5 goals be scored?,,,finalized,2026-06-23T01:20:52Z,,,,,,,,,,,,,,2026-07-29T11:46:28Z
KXWCTOTAL-26JUN22NORSEN-2,KXWCTOTAL-26JUN22NORSEN,,Will over 1.5 goals be scored?,,,finalized,2026-06-23T01:15:26Z,,,,,,,,,,,,,,2026-07-29T11:46:28Z
KXWCTOTAL-26JUN22NORSEN-1,KXWCTOTAL-26JUN22NORSEN,,Will over 0.5 goals be scored?,,,finalized,2026-06-23T01:06:35Z,,,,,,,,,,,,,,2026-07-29T11:46:28Z
KXWCTOTAL-26JUN22JORDZA-6,KXWCTOTAL-26JUN22JORDZA,,Will over 5.5 goals be scored?,,,finalized,2026-06-23T05:00:38Z,,,,,,,,,,,,,,2026-07-29T11:46:28Z
KXWCTOTAL-26JUN22JORDZA-5,KXWCTOTAL-26JUN22JORDZA,,Will over 4.5 goals be scored?,,,finalized,2026-06-23T05:00:38Z,,,,,,,,,,,,,,2026-07-29T11:46:28Z
KXWCTOTAL-26JUN22JORDZA-4,KXWCTOTAL-26JUN22JORDZA,,Will over 3.5 goals be scored?,,,finalized,2026-06-23T05:00:38Z,,,,,,,,,,,,,,2026-07-29T11:46:28Z
KXWCTOTAL-26JUN22JORDZA-3,KXWCTOTAL-26JUN22JORDZA,,Will over 2.5 goals be scored?,,,finalized,2026-06-23T05:00:38Z,,,,,,,,,,,,,,2026-07-29T11:46:28Z
KXWCTOTAL-26JUN22JORDZA-2,KXWCTOTAL-26JUN22JORDZA,,Will over 1.5 goals be scored?,,,finalized,2026-06-23T04:45:20Z,,,,,,,,,,,,,,2026-07-29T11:46:28Z
KXWCTOTAL-26JUN22JORDZA-1,KXWCTOTAL-26JUN22JORDZA,,Will over 0.5 goals be scored?,,,finalized,2026-06-23T04:30:34Z,,,,,,,,,,,,,,2026-07-29T11:46:28Z
KXWCTOTAL-26JUN23PORUZB-6,KXWCTOTAL-26JUN23PORUZB,,Will over 5.5 goals be scored?,,,finalized,2026-06-23T19:00:46Z,,,,,,,,,,,,,,2026-07-29T11:46:28Z
KXWCTOTAL-26JUN23PORUZB-5,KXWCTOTAL-26JUN23PORUZB,,Will over 4.5 goals be scored?,,,finalized,2026-06-23T19:00:46Z,,,,,,,,,,,,,,2026-07-29T11:46:28Z
KXWCTOTAL-26JUN23PORUZB-4,KXWCTOTAL-26JUN23PORUZB,,Will over 3.5 goals be scored?,,,finalized,2026-06-23T18:50:32Z,,,,,,,,,,,,,,2026-07-29T11:46:28Z
KXWCTOTAL-26JUN23PORUZB-3,KXWCTOTAL-26JUN23PORUZB,,Will over 2.5 goals be scored?,,,finalized,2026-06-23T18:25:21Z,,,,,,,,,,,,,,2026-07-29T11:46:28Z
KXWCTOTAL-26JUN23PORUZB-2,KXWCTOTAL-26JUN23PORUZB,,Will over 1.5 goals be scored?,,,finalized,2026-06-23T17:40:34Z,,,,,,,,,,,,,,2026-07-29T11:46:28Z
KXWCTOTAL-26JUN23PORUZB-1,KXWCTOTAL-26JUN23PORUZB,,Will over 0.5 goals be scored?,,,finalized,2026-06-23T17:20:30Z,,,,,,,,,,,,,,2026-07-29T11:46:28Z
KXWCTOTAL-26JUN23ENGGHA-6,KXWCTOTAL-26JUN23ENGGHA,,Will over 5.5 goals be scored?,,,finalized,2026-06-23T22:00:52Z,,,,,,,,,,,,,,2026-07-29T11:46:28Z
KXWCTOTAL-26JUN23ENGGHA-5,KXWCTOTAL-26JUN23ENGGHA,,Will over 4.5 goals be scored?,,,finalized,2026-06-23T22:00:52Z,,,,,,,,,,,,,,2026-07-29T11:46:28Z
KXWCTOTAL-26JUN23ENGGHA-4,KXWCTOTAL-26JUN23ENGGHA,,Will over 3.5 goals be scored?,,,finalized,2026-06-23T22:00:52Z,,,,,,,,,,,,,,2026-07-29T11:46:28Z
KXWCTOTAL-26JUN23ENGGHA-3,KXWCTOTAL-26JUN23ENGGHA,,Will over 2.5 goals be scored?,,,finalized,2026-06-23T22:00:51Z,,,,,,,,,,,,,,2026-07-29T11:46:28Z
KXWCTOTAL-26JUN23ENGGHA-2,KXWCTOTAL-26JUN23ENGGHA,,Will over 1.5 goals be scored?,,,finalized,2026-06-23T22:00:51Z,,,,,,,,,,,,,,2026-07-29T11:46:28Z
KXWCTOTAL-26JUN23ENGGHA-1,KXWCTOTAL-26JUN23ENGGHA,,Will over 0.5 goals be scored?,,,finalized,2026-06-23T22:00:51Z,,,,,,,,,,,,,,2026-07-29T11:46:28Z
KXWCTOTAL-26JUN23PANCRO-6,KXWCTOTAL-26JUN23PANCRO,,Will over 5.5 goals be scored?,,,finalized,2026-06-24T00:55:27Z,,,,,,,,,,,,,,2026-07-29T11:46:28Z
KXWCTOTAL-26JUN23PANCRO-5,KXWCTOTAL-26JUN23PANCRO,,Will over 4.5 goals be scored?,,,finalized,2026-06-24T00:55:27Z,,,,,,,,,,,,,,2026-07-29T11:46:28Z
KXWCTOTAL-26JUN23PANCRO-4,KXWCTOTAL-26JUN23PANCRO,,Will over 3.5 goals be scored?,,,finalized,2026-06-24T00:55:26Z,,,,,,,,,,,,,,2026-07-29T11:46:28Z
KXWCTOTAL-26JUN23PANCRO-3,KXWCTOTAL-26JUN23PANCRO,,Will over 2.5 goals be scored?,,,finalized,2026-06-24T00:55:26Z,,,,,,,,,,,,,,2026-07-29T11:46:28Z
KXWCTOTAL-26JUN23PANCRO-2,KXWCTOTAL-26JUN23PANCRO,,Will over 1.5 goals be scored?,,,finalized,2026-06-24T00:55:26Z,,,,,,,,,,,,,,2026-07-29T11:46:28Z
KXWCTOTAL-26JUN23PANCRO-1,KXWCTOTAL-26JUN23PANCRO,,Will over 0.5 goals be scored?,,,finalized,2026-06-24T00:55:26Z,,,,,,,,,,,,,,2026-07-29T11:46:28Z
KXWCTOTAL-26JUN23COLCOD-6,KXWCTOTAL-26JUN23COLCOD,,Will over 5.5 goals be scored?,,,finalized,2026-06-24T04:00:35Z,,,,,,,,,,,,,,2026-07-29T11:46:28Z
KXWCTOTAL-26JUN23COLCOD-5,KXWCTOTAL-26JUN23COLCOD,,Will over 4.5 goals be scored?,,,finalized,2026-06-24T04:00:35Z,,,,,,,,,,,,,,2026-07-29T11:46:28Z
KXWCTOTAL-26JUN23COLCOD-4,KXWCTOTAL-26JUN23COLCOD,,Will over 3.5 goals be scored?,,,finalized,2026-06-24T04:00:35Z,,,,,,,,,,,,,,2026-07-29T11:46:28Z
KXWCTOTAL-26JUN23COLCOD-3,KXWCTOTAL-26JUN23COLCOD,,Will over 2.5 goals be scored?,,,finalized,2026-06-24T04:00:35Z,,,,,,,,,,,,,,2026-07-29T11:46:28Z
KXWCTOTAL-26JUN23COLCOD-2,KXWCTOTAL-26JUN23COLCOD,,Will over 1.5 goals be scored?,,,finalized,2026-06-24T04:00:34Z,,,,,,,,,,,,,,2026-07-29T11:46:28Z
KXWCTOTAL-26JUN23COLCOD-1,KXWCTOTAL-26JUN23COLCOD,,Will over 0.5 goals be scored?,,,finalized,2026-06-24T04:00:34Z,,,,,,,,,,,,,,2026-07-29T11:46:28Z
KXWCTOTAL-26JUN24BIHQAT-6,KXWCTOTAL-26JUN24BIHQAT,,Will over 5.5 goals be scored?,,,finalized,2026-06-24T21:00:43Z,,,,,,,,,,,,,,2026-07-29T11:46:28Z
KXWCTOTAL-26JUN24BIHQAT-5,KXWCTOTAL-26JUN24BIHQAT,,Will over 4.5 goals be scored?,,,finalized,2026-06-24T21:00:43Z,,,,,,,,,,,,,,2026-07-29T11:46:28Z
KXWCTOTAL-26JUN24BIHQAT-4,KXWCTOTAL-26JUN24BIHQAT,,Will over 3.5 goals be scored?,,,finalized,2026-06-24T21:00:43Z,,,,,,,,,,,,,,2026-07-29T11:46:28Z
KXWCTOTAL-26JUN24BIHQAT-3,KXWCTOTAL-26JUN24BIHQAT,,Will over 2.5 goals be scored?,,,finalized,2026-06-24T20:45:23Z,,,,,,,,,,,,,,2026-07-29T11:46:28Z
KXWCTOTAL-26JUN24BIHQAT-2,KXWCTOTAL-26JUN24BIHQAT,,Will over 1.5 goals be scored?,,,finalized,2026-06-24T19:45:20Z,,,,,,,,,,,,,,2026-07-29T11:46:28Z
KXWCTOTAL-26JUN24BIHQAT-1,KXWCTOTAL-26JUN24BIHQAT,,Will over 0.5 goals be scored?,,,finalized,2026-06-24T19:35:20Z,,,,,,,,,,,,,,2026-07-29T11:46:28Z
KXWCTOTAL-26JUN24SUICAN-6,KXWCTOTAL-26JUN24SUICAN,,Will over 5.5 goals be scored?,,,finalized,2026-06-24T20:55:28Z,,,,,,,,,,,,,,2026-07-29T11:46:28Z
KXWCTOTAL-26JUN24SUICAN-5,KXWCTOTAL-26JUN24SUICAN,,Will over 4.5 goals be scored?,,,finalized,2026-06-24T20:55:28Z,,,,,,,,,,,,,,2026-07-29T11:46:28Z
KXWCTOTAL-26JUN24SUICAN-4,KXWCTOTAL-26JUN24SUICAN,,Will over 3.5 goals be scored?,,,finalized,2026-06-24T20:55:28Z,,,,,,,,,,,,,,2026-07-29T11:46:28Z
KXWCTOTAL-26JUN24SUICAN-3,KXWCTOTAL-26JUN24SUICAN,,Will over 2.5 goals be scored?,,,finalized,2026-06-24T20:55:28Z,,,,,,,,,,,,,,2026-07-29T11:46:28Z
KXWCTOTAL-26JUN24SUICAN-2,KXWCTOTAL-26JUN24SUICAN,,Will over 1.5 goals be scored?,,,finalized,2026-06-24T20:35:24Z,,,,,,,,,,,,,,2026-07-29T11:46:28Z
KXWCTOTAL-26JUN24SUICAN-1,KXWCTOTAL-26JUN24SUICAN,,Will over 0.5 goals be scored?,,,finalized,2026-06-24T20:15:25Z,,,,,,,,,,,,,,2026-07-29T11:46:28Z
KXWCTOTAL-26JUN24MARHTI-6,KXWCTOTAL-26JUN24MARHTI,,Will over 5.5 goals be scored?,,,finalized,2026-06-25T00:00:48Z,,,,,,,,,,,,,,2026-07-29T11:46:28Z
KXWCTOTAL-26JUN24MARHTI-5,KXWCTOTAL-26JUN24MARHTI,,Will over 4.5 goals be scored?,,,finalized,2026-06-24T23:50:38Z,,,,,,,,,,,,,,2026-07-29T11:46:28Z
KXWCTOTAL-26JUN24MARHTI-4,KXWCTOTAL-26JUN24MARHTI,,Will over 3.5 goals be scored?,,,finalized,2026-06-24T23:40:37Z,,,,,,,,,,,,,,2026-07-29T11:46:28Z
KXWCTOTAL-26JUN24MARHTI-3,KXWCTOTAL-26JUN24MARHTI,,Will over 2.5 goals be scored?,,,finalized,2026-06-24T22:45:30Z,,,,,,,,,,,,,,2026-07-29T11:46:28Z
KXWCTOTAL-26JUN24MARHTI-2,KXWCTOTAL-26JUN24MARHTI,,Will over 1.5 goals be scored?,,,finalized,2026-06-24T22:45:30Z,,,,,,,,,,,,,,2026-07-29T11:46:28Z
KXWCTOTAL-26JUN24MARHTI-1,KXWCTOTAL-26JUN24MARHTI,,Will over 0.5 goals be scored?,,,finalized,2026-06-24T22:40:37Z,,,,,,,,,,,,,,2026-07-29T11:46:28Z
KXWCTOTAL-26JUN24SCOBRA-6,KXWCTOTAL-26JUN24SCOBRA,,Will over 5.5 goals be scored?,,,finalized,2026-06-25T00:05:22Z,,,,,,,,,,,,,,2026-07-29T11:46:28Z
KXWCTOTAL-26JUN24SCOBRA-5,KXWCTOTAL-26JUN24SCOBRA,,Will over 4.5 goals be scored?,,,finalized,2026-06-25T00:05:22Z,,,,,,,,,,,,,,2026-07-29T11:46:28Z
KXWCTOTAL-26JUN24SCOBRA-4,KXWCTOTAL-26JUN24SCOBRA,,Will over 3.5 goals be scored?,,,finalized,2026-06-25T00:05:21Z,,,,,,,,,,,,,,2026-07-29T11:46:28Z
KXWCTOTAL-26JUN24SCOBRA-3,KXWCTOTAL-26JUN24SCOBRA,,Will over 2.5 goals be scored?,,,finalized,2026-06-25T00:05:21Z,,,,,,,,,,,,,,2026-07-29T11:46:28Z
KXWCTOTAL-26JUN24SCOBRA-2,KXWCTOTAL-26JUN24SCOBRA,,Will over 1.5 goals be scored?,,,finalized,2026-06-24T23:25:22Z,,,,,,,,,,,,,,2026-07-29T11:46:28Z
KXWCTOTAL-26JUN24SCOBRA-1,KXWCTOTAL-26JUN24SCOBRA,,Will over 0.5 goals be scored?,,,finalized,2026-06-24T22:51:44Z,,,,,,,,,,,,,,2026-07-29T11:46:28Z
KXWCTOTAL-26JUN24CZEMEX-6,KXWCTOTAL-26JUN24CZEMEX,,Will over 5.5 goals be scored?,,,finalized,2026-06-25T03:00:37Z,,,,,,,,,,,,,,2026-07-29T11:46:28Z
KXWCTOTAL-26JUN24CZEMEX-5,KXWCTOTAL-26JUN24CZEMEX,,Will over 4.5 goals be scored?,,,finalized,2026-06-25T03:00:37Z,,,,,,,,,,,,,,2026-07-29T11:46:28Z
KXWCTOTAL-26JUN24CZEMEX-4,KXWCTOTAL-26JUN24CZEMEX,,Will over 3.5 goals be scored?,,,finalized,2026-06-25T03:00:37Z,,,,,,,,,,,,,,2026-07-29T11:46:28Z
KXWCTOTAL-26JUN24CZEMEX-3,KXWCTOTAL-26JUN24CZEMEX,,Will over 2.5 goals be scored?,,,finalized,2026-06-25T03:00:37Z,,,,,,,,,,,,,,2026-07-29T11:46:28Z
KXWCTOTAL-26JUN24CZEMEX-2,KXWCTOTAL-26JUN24CZEMEX,,Will over 1.5 goals be scored?,,,finalized,2026-06-25T02:55:23Z,,,,,,,,,,,,,,2026-07-29T11:46:28Z
KXWCTOTAL-26JUN24CZEMEX-1,KXWCTOTAL-26JUN24CZEMEX,,Will over 0.5 goals be scored?,,,finalized,2026-06-25T02:20:32Z,,,,,,,,,,,,,,2026-07-29T11:46:28Z
KXWCTOTAL-26JUN24RSAKOR-6,KXWCTOTAL-26JUN24RSAKOR,,Will over 5.5 goals be scored?,,,finalized,2026-06-25T03:00:37Z,,,,,,,,,,,,,,2026-07-29T11:46:28Z
KXWCTOTAL-26JUN24RSAKOR-5,KXWCTOTAL-26JUN24RSAKOR,,Will over 4.5 goals be scored?,,,finalized,2026-06-25T03:00:36Z,,,,,,,,,,,,,,2026-07-29T11:46:28Z
KXWCTOTAL-26JUN24RSAKOR-4,KXWCTOTAL-26JUN24RSAKOR,,Will over 3.5 goals be scored?,,,finalized,2026-06-25T03:00:36Z,,,,,,,,,,,,,,2026-07-29T11:46:28Z
KXWCTOTAL-26JUN24RSAKOR-3,KXWCTOTAL-26JUN24RSAKOR,,Will over 2.5 goals be scored?,,,finalized,2026-06-25T03:00:36Z,,,,,,,,,,,,,,2026-07-29T11:46:28Z
KXWCTOTAL-26JUN24RSAKOR-2,KXWCTOTAL-26JUN24RSAKOR,,Will over 1.5 goals be scored?,,,finalized,2026-06-25T03:00:36Z,,,,,,,,,,,,,,2026-07-29T11:46:28Z
KXWCTOTAL-26JUN24RSAKOR-1,KXWCTOTAL-26JUN24RSAKOR,,Will over 0.5 goals be scored?,,,finalized,2026-06-25T03:00:36Z,,,,,,,,,,,,,,2026-07-29T11:46:28Z
KXWCTOTAL-26JUN25CUWCIV-6,KXWCTOTAL-26JUN25CUWCIV,,Will over 5.5 goals be scored?,,,finalized,2026-06-25T22:01:00Z,,,,,,,,,,,,,,2026-07-29T11:46:28Z
KXWCTOTAL-26JUN25CUWCIV-5,KXWCTOTAL-26JUN25CUWCIV,,Will over 4.5 goals be scored?,,,finalized,2026-06-25T22:01:00Z,,,,,,,,,,,,,,2026-07-29T11:46:28Z
KXWCTOTAL-26JUN25CUWCIV-4,KXWCTOTAL-26JUN25CUWCIV,,Will over 3.5 goals be scored?,,,finalized,2026-06-25T22:01:00Z,,,,,,,,,,,,,,2026-07-29T11:46:28Z
KXWCTOTAL-26JUN25CUWCIV-3,KXWCTOTAL-26JUN25CUWCIV,,Will over 2.5 goals be scored?,,,finalized,2026-06-25T22:00:59Z,,,,,,,,,,,,,,2026-07-29T11:46:28Z
KXWCTOTAL-26JUN25CUWCIV-2,KXWCTOTAL-26JUN25CUWCIV,,Will over 1.5 goals be scored?,,,finalized,2026-06-25T22:00:59Z,,,,,,,,,,,,,,2026-07-29T11:46:28Z
KXWCTOTAL-26JUN25CUWCIV-1,KXWCTOTAL-26JUN25CUWCIV,,Will over 0.5 goals be scored?,,,finalized,2026-06-25T21:25:28Z,,,,,,,,,,,,,,2026-07-29T11:46:28Z
KXWCTOTAL-26JUN25ECUGER-6,KXWCTOTAL-26JUN25ECUGER,,Will over 5.5 goals be scored?,,,finalized,2026-06-25T22:00:59Z,,,,,,,,,,,,,,2026-07-29T11:46:28Z
KXWCTOTAL-26JUN25ECUGER-5,KXWCTOTAL-26JUN25ECUGER,,Will over 4.5 goals be scored?,,,finalized,2026-06-25T22:00:58Z,,,,,,,,,,,,,,2026-07-29T11:46:28Z
KXWCTOTAL-26JUN25ECUGER-4,KXWCTOTAL-26JUN25ECUGER,,Will over 3.5 goals be scored?,,,finalized,2026-06-25T22:00:58Z,,,,,,,,,,,,,,2026-07-29T11:46:28Z
KXWCTOTAL-26JUN25ECUGER-3,KXWCTOTAL-26JUN25ECUGER,,Will over 2.5 goals be scored?,,,finalized,2026-06-25T22:00:58Z,,,,,,,,,,,,,,2026-07-29T11:46:28Z
KXWCTOTAL-26JUN25ECUGER-2,KXWCTOTAL-26JUN25ECUGER,,Will over 1.5 goals be scored?,,,finalized,2026-06-25T21:40:33Z,,,,,,,,,,,,,,2026-07-29T11:46:28Z
KXWCTOTAL-26JUN25ECUGER-1,KXWCTOTAL-26JUN25ECUGER,,Will over 0.5 goals be scored?,,,finalized,2026-06-25T20:10:35Z,,,,,,,,,,,,,,2026-07-29T11:46:28Z
KXWCTOTAL-26JUN25JPNSWE-6,KXWCTOTAL-26JUN25JPNSWE,,Will over 5.5 goals be scored?,,,finalized,2026-06-26T01:00:42Z,,,,,,,,,,,,,,2026-07-29T11:46:28Z
KXWCTOTAL-26JUN25JPNSWE-5,KXWCTOTAL-26JUN25JPNSWE,,Will over 4.5 goals be scored?,,,finalized,2026-06-26T01:00:42Z,,,,,,,,,,,,,,2026-07-29T11:46:28Z
KXWCTOTAL-26JUN25JPNSWE-4,KXWCTOTAL-26JUN25JPNSWE,,Will over 3.5 goals be scored?,,,finalized,2026-06-26T01:00:42Z,,,,,,,,,,,,,,2026-07-29T11:46:28Z
KXWCTOTAL-26JUN25JPNSWE-3,KXWCTOTAL-26JUN25JPNSWE,,Will over 2.5 goals be scored?,,,finalized,2026-06-26T01:00:42Z,,,,,,,,,,,,,,2026-07-29T11:46:28Z
KXWCTOTAL-26JUN25JPNSWE-2,KXWCTOTAL-26JUN25JPNSWE,,Will over 1.5 goals be scored?,,,finalized,2026-06-26T01:00:42Z,,,,,,,,,,,,,,2026-07-29T11:46:28Z
KXWCTOTAL-26JUN25JPNSWE-1,KXWCTOTAL-26JUN25JPNSWE,,Will over 0.5 goals be scored?,,,finalized,2026-06-26T00:25:20Z,,,,,,,,,,,,,,2026-07-29T11:46:28Z
KXWCTOTAL-26JUN25TUNNED-6,KXWCTOTAL-26JUN25TUNNED,,Will over 5.5 goals be scored?,,,finalized,2026-06-26T00:55:23Z,,,,,,,,,,,,,,2026-07-29T11:46:28Z
KXWCTOTAL-26JUN25TUNNED-5,KXWCTOTAL-26JUN25TUNNED,,Will over 4.5 goals be scored?,,,finalized,2026-06-26T00:55:23Z,,,,,,,,,,,,,,2026-07-29T11:46:28Z
KXWCTOTAL-26JUN25TUNNED-4,KXWCTOTAL-26JUN25TUNNED,,Will over 3.5 goals be scored?,,,finalized,2026-06-26T00:55:23Z,,,,,,,,,,,,,,2026-07-29T11:46:28Z
KXWCTOTAL-26JUN25TUNNED-3,KXWCTOTAL-26JUN25TUNNED,,Will over 2.5 goals be scored?,,,finalized,2026-06-26T00:20:38Z,,,,,,,,,,,,,,2026-07-29T11:46:28Z
KXWCTOTAL-26JUN25TUNNED-2,KXWCTOTAL-26JUN25TUNNED,,Will over 1.5 goals be scored?,,,finalized,2026-06-26T00:15:21Z,,,,,,,,,,,,,,2026-07-29T11:46:28Z
KXWCTOTAL-26JUN25TUNNED-1,KXWCTOTAL-26JUN25TUNNED,,Will over 0.5 goals be scored?,,,finalized,2026-06-25T23:10:33Z,,,,,,,,,,,,,,2026-07-29T11:46:28Z
KXWCTOTAL-26JUN25PARAUS-6,KXWCTOTAL-26JUN25PARAUS,,Will over 5.5 goals be scored?,,,finalized,2026-06-26T04:00:51Z,,,,,,,,,,,,,,2026-07-29T11:46:28Z
KXWCTOTAL-26JUN25PARAUS-5,KXWCTOTAL-26JUN25PARAUS,,Will over 4.5 goals be scored?,,,finalized,2026-06-26T04:00:51Z,,,,,,,,,,,,,,2026-07-29T11:46:28Z
KXWCTOTAL-26JUN25PARAUS-4,KXWCTOTAL-26JUN25PARAUS,,Will over 3.5 goals be scored?,,,finalized,2026-06-26T04:00:50Z,,,,,,,,,,,,,,2026-07-29T11:46:28Z
KXWCTOTAL-26JUN25PARAUS-3,KXWCTOTAL-26JUN25PARAUS,,Will over 2.5 goals be scored?,,,finalized,2026-06-26T04:00:50Z,,,,,,,,,,,,,,2026-07-29T11:46:28Z
KXWCTOTAL-26JUN25PARAUS-2,KXWCTOTAL-26JUN25PARAUS,,Will over 1.5 goals be scored?,,,finalized,2026-06-26T04:00:50Z,,,,,,,,,,,,,,2026-07-29T11:46:28Z
KXWCTOTAL-26JUN25PARAUS-1,KXWCTOTAL-26JUN25PARAUS,,Will over 0.5 goals be scored?,,,finalized,2026-06-26T04:00:50Z,,,,,,,,,,,,,,2026-07-29T11:46:28Z
KXWCTOTAL-26JUN25TURUSA-6,KXWCTOTAL-26JUN25TURUSA,,Will over 5.5 goals be scored?,,,finalized,2026-06-26T04:05:16Z,,,,,,,,,,,,,,2026-07-29T11:46:28Z
KXWCTOTAL-26JUN25TURUSA-5,KXWCTOTAL-26JUN25TURUSA,,Will over 4.5 goals be scored?,,,finalized,2026-06-26T04:05:16Z,,,,,,,,,,,,,,2026-07-29T11:46:28Z
KXWCTOTAL-26JUN25TURUSA-4,KXWCTOTAL-26JUN25TURUSA,,Will over 3.5 goals be scored?,,,finalized,2026-06-26T04:00:50Z,,,,,,,,,,,,,,2026-07-29T11:46:28Z
KXWCTOTAL-26JUN25TURUSA-3,KXWCTOTAL-26JUN25TURUSA,,Will over 2.5 goals be scored?,,,finalized,2026-06-26T03:10:33Z,,,,,,,,,,,,,,2026-07-29T11:46:28Z
KXWCTOTAL-26JUN25TURUSA-2,KXWCTOTAL-26JUN25TURUSA,,Will over 1.5 goals be scored?,,,finalized,2026-06-26T02:30:36Z,,,,,,,,,,,,,,2026-07-29T11:46:28Z
KXWCTOTAL-26JUN25TURUSA-1,KXWCTOTAL-26JUN25TURUSA,,Will over 0.5 goals be scored?,,,finalized,2026-06-26T02:10:36Z,,,,,,,,,,,,,,2026-07-29T11:46:28Z
KXWCTOTAL-26JUN26NORFRA-6,KXWCTOTAL-26JUN26NORFRA,,Will over 5.5 goals be scored?,,,finalized,2026-06-26T21:00:42Z,,,,,,,,,,,,,,2026-07-29T11:46:28Z
KXWCTOTAL-26JUN26NORFRA-5,KXWCTOTAL-26JUN26NORFRA,,Will over 4.5 goals be scored?,,,finalized,2026-06-26T21:00:42Z,,,,,,,,,,,,,,2026-07-29T11:46:28Z
KXWCTOTAL-26JUN26NORFRA-4,KXWCTOTAL-26JUN26NORFRA,,Will over 3.5 goals be scored?,,,finalized,2026-06-26T21:00:42Z,,,,,,,,,,,,,,2026-07-29T11:46:28Z
KXWCTOTAL-26JUN26NORFRA-3,KXWCTOTAL-26JUN26NORFRA,,Will over 2.5 goals be scored?,,,finalized,2026-06-26T19:35:14Z,,,,,,,,,,,,,,2026-07-29T11:46:28Z
KXWCTOTAL-26JUN26NORFRA-2,KXWCTOTAL-26JUN26NORFRA,,Will over 1.5 goals be scored?,,,finalized,2026-06-26T19:25:43Z,,,,,,,,,,,,,,2026-07-29T11:46:28Z
KXWCTOTAL-26JUN26NORFRA-1,KXWCTOTAL-26JUN26NORFRA,,Will over 0.5 goals be scored?,,,finalized,2026-06-26T19:20:29Z,,,,,,,,,,,,,,2026-07-29T11:46:28Z
KXWCTOTAL-26JUN26SENIRQ-6,KXWCTOTAL-26JUN26SENIRQ,,Will over 5.5 goals be scored?,,,finalized,2026-06-26T21:05:19Z,,,,,,,,,,,,,,2026-07-29T11:46:28Z
KXWCTOTAL-26JUN26SENIRQ-5,KXWCTOTAL-26JUN26SENIRQ,,Will over 4.5 goals be scored?,,,finalized,2026-06-26T21:05:19Z,,,,,,,,,,,,,,2026-07-29T11:46:28Z
KXWCTOTAL-26JUN26SENIRQ-4,KXWCTOTAL-26JUN26SENIRQ,,Will over 3.5 goals be scored?,,,finalized,2026-06-26T20:50:29Z,,,,,,,,,,,,,,2026-07-29T11:46:28Z
KXWCTOTAL-26JUN26SENIRQ-3,KXWCTOTAL-26JUN26SENIRQ,,Will over 2.5 goals be scored?,,,finalized,2026-06-26T20:40:28Z,,,,,,,,,,,,,,2026-07-29T11:46:28Z
KXWCTOTAL-26JUN26SENIRQ-2,KXWCTOTAL-26JUN26SENIRQ,,Will over 1.5 goals be scored?,,,finalized,2026-06-26T20:30:37Z,,,,,,,,,,,,,,2026-07-29T11:46:28Z
KXWCTOTAL-26JUN26SENIRQ-1,KXWCTOTAL-26JUN26SENIRQ,,Will over 0.5 goals be scored?,,,finalized,2026-06-26T20:25:15Z,,,,,,,,,,,,,,2026-07-29T11:46:28Z
KXWCTOTAL-26JUN26CPVKSA-6,KXWCTOTAL-26JUN26CPVKSA,,Will over 5.5 goals be scored?,,,finalized,2026-06-27T02:00:38Z,,,,,,,,,,,,,,2026-07-29T11:46:28Z
KXWCTOTAL-26JUN26CPVKSA-5,KXWCTOTAL-26JUN26CPVKSA,,Will over 4.5 goals be scored?,,,finalized,2026-06-27T02:00:38Z,,,,,,,,,,,,,,2026-07-29T11:46:28Z
KXWCTOTAL-26JUN26CPVKSA-4,KXWCTOTAL-26JUN26CPVKSA,,Will over 3.5 goals be scored?,,,finalized,2026-06-27T02:00:38Z,,,,,,,,,,,,,,2026-07-29T11:46:28Z
KXWCTOTAL-26JUN26CPVKSA-3,KXWCTOTAL-26JUN26CPVKSA,,Will over 2.5 goals be scored?,,,finalized,2026-06-27T02:00:38Z,,,,,,,,,,,,,,2026-07-29T11:46:28Z
KXWCTOTAL-26JUN26CPVKSA-2,KXWCTOTAL-26JUN26CPVKSA,,Will over 1.5 goals be scored?,,,finalized,2026-06-27T02:00:38Z,,,,,,,,,,,,,,2026-07-29T11:46:28Z
KXWCTOTAL-26JUN26CPVKSA-1,KXWCTOTAL-26JUN26CPVKSA,,Will over 0.5 goals be scored?,,,finalized,2026-06-27T02:00:37Z,,,,,,,,,,,,,,2026-07-29T11:46:28Z
KXWCTOTAL-26JUN26URUESP-6,KXWCTOTAL-26JUN26URUESP,,Will over 5.5 goals be scored?,,,finalized,2026-06-27T02:00:37Z,,,,,,,,,,,,,,2026-07-29T11:46:28Z
KXWCTOTAL-26JUN26URUESP-5,KXWCTOTAL-26JUN26URUESP,,Will over 4.5 goals be scored?,,,finalized,2026-06-27T02:00:37Z,,,,,,,,,,,,,,2026-07-29T11:46:28Z
KXWCTOTAL-26JUN26URUESP-4,KXWCTOTAL-26JUN26URUESP,,Will over 3.5 goals be scored?,,,finalized,2026-06-27T02:00:37Z,,,,,,,,,,,,,,2026-07-29T11:46:28Z
KXWCTOTAL-26JUN26URUESP-3,KXWCTOTAL-26JUN26URUESP,,Will over 2.5 goals be scored?,,,finalized,2026-06-27T02:00:36Z,,,,,,,,,,,,,,2026-07-29T11:46:28Z
KXWCTOTAL-26JUN26URUESP-2,KXWCTOTAL-26JUN26URUESP,,Will over 1.5 goals be scored?,,,finalized,2026-06-27T02:00:36Z,,,,,,,,,,,,,,2026-07-29T11:46:28Z
KXWCTOTAL-26JUN26URUESP-1,KXWCTOTAL-26JUN26URUESP,,Will over 0.5 goals be scored?,,,finalized,2026-06-27T02:00:36Z,,,,,,,,,,,,,,2026-07-29T11:46:28Z
KXWCTOTAL-26JUN26EGYIRI-6,KXWCTOTAL-26JUN26EGYIRI,,Will over 5.5 goals be scored?,,,finalized,2026-06-27T05:05:14Z,,,,,,,,,,,,,,2026-07-29T11:46:28Z
KXWCTOTAL-26JUN26EGYIRI-5,KXWCTOTAL-26JUN26EGYIRI,,Will over 4.5 goals be scored?,,,finalized,2026-06-27T05:05:14Z,,,,,,,,,,,,,,2026-07-29T11:46:28Z
KXWCTOTAL-26JUN26EGYIRI-4,KXWCTOTAL-26JUN26EGYIRI,,Will over 3.5 goals be scored?,,,finalized,2026-06-27T05:05:14Z,,,,,,,,,,,,,,2026-07-29T11:46:28Z
KXWCTOTAL-26JUN26EGYIRI-3,KXWCTOTAL-26JUN26EGYIRI,,Will over 2.5 goals be scored?,,,finalized,2026-06-27T05:05:14Z,,,,,,,,,,,,,,2026-07-29T11:46:28Z
KXWCTOTAL-26JUN26EGYIRI-2,KXWCTOTAL-26JUN26EGYIRI,,Will over 1.5 goals be scored?,,,finalized,2026-06-27T05:05:14Z,,,,,,,,,,,,,,2026-07-29T11:46:28Z
KXWCTOTAL-26JUN26EGYIRI-1,KXWCTOTAL-26JUN26EGYIRI,,Will over 0.5 goals be scored?,,,finalized,2026-06-27T03:15:17Z,,,,,,,,,,,,,,2026-07-29T11:46:28Z
KXWCTOTAL-26JUN26NZLBEL-6,KXWCTOTAL-26JUN26NZLBEL,,Will over 5.5 goals be scored?,,,finalized,2026-06-27T05:00:43Z,,,,,,,,,,,,,,2026-07-29T11:46:28Z
KXWCTOTAL-26JUN26NZLBEL-5,KXWCTOTAL-26JUN26NZLBEL,,Will over 4.5 goals be scored?,,,finalized,2026-06-27T05:00:43Z,,,,,,,,,,,,,,2026-07-29T11:46:28Z
KXWCTOTAL-26JUN26NZLBEL-4,KXWCTOTAL-26JUN26NZLBEL,,Will over 3.5 goals be scored?,,,finalized,2026-06-27T04:50:35Z,,,,,,,,,,,,,,2026-07-29T11:46:28Z
KXWCTOTAL-26JUN26NZLBEL-3,KXWCTOTAL-26JUN26NZLBEL,,Will over 2.5 goals be scored?,,,finalized,2026-06-27T04:50:35Z,,,,,,,,,,,,,,2026-07-29T11:46:28Z
KXWCTOTAL-26JUN26NZLBEL-2,KXWCTOTAL-26JUN26NZLBEL,,Will over 1.5 goals be scored?,,,finalized,2026-06-27T04:30:29Z,,,,,,,,,,,,,,2026-07-29T11:46:28Z
KXWCTOTAL-26JUN26NZLBEL-1,KXWCTOTAL-26JUN26NZLBEL,,Will over 0.5 goals be scored?,,,finalized,2026-06-27T04:15:13Z,,,,,,,,,,,,,,2026-07-29T11:46:28Z
KXWCTOTAL-26JUN27CROGHA-6,KXWCTOTAL-26JUN27CROGHA,,Will over 5.5 goals be scored?,,,finalized,2026-06-27T23:00:48Z,,,,,,,,,,,,,,2026-07-29T11:46:28Z
KXWCTOTAL-26JUN27CROGHA-5,KXWCTOTAL-26JUN27CROGHA,,Will over 4.5 goals be scored?,,,finalized,2026-06-27T23:00:48Z,,,,,,,,,,,,,,2026-07-29T11:46:28Z
KXWCTOTAL-26JUN27CROGHA-4,KXWCTOTAL-26JUN27CROGHA,,Will over 3.5 goals be scored?,,,finalized,2026-06-27T23:00:48Z,,,,,,,,,,,,,,2026-07-29T11:46:28Z
KXWCTOTAL-26JUN27CROGHA-3,KXWCTOTAL-26JUN27CROGHA,,Will over 2.5 goals be scored?,,,finalized,2026-06-27T23:00:47Z,,,,,,,,,,,,,,2026-07-29T11:46:28Z
KXWCTOTAL-26JUN27CROGHA-2,KXWCTOTAL-26JUN27CROGHA,,Will over 1.5 goals be scored?,,,finalized,2026-06-27T22:45:27Z,,,,,,,,,,,,,,2026-07-29T11:46:28Z
KXWCTOTAL-26JUN27CROGHA-1,KXWCTOTAL-26JUN27CROGHA,,Will over 0.5 goals be scored?,,,finalized,2026-06-27T22:35:20Z,,,,,,,,,,,,,,2026-07-29T11:46:28Z
KXWCTOTAL-26JUN27PANENG-6,KXWCTOTAL-26JUN27PANENG,,Will over 5.5 goals be scored?,,,finalized,2026-06-27T22:55:23Z,,,,,,,,,,,,,,2026-07-29T11:46:28Z
KXWCTOTAL-26JUN27PANENG-5,KXWCTOTAL-26JUN27PANENG,,Will over 4.5 goals be scored?,,,finalized,2026-06-27T22:55:23Z,,,,,,,,,,,,,,2026-07-29T11:46:28Z
KXWCTOTAL-26JUN27PANENG-4,KXWCTOTAL-26JUN27PANENG,,Will over 3.5 goals be scored?,,,finalized,2026-06-27T22:55:23Z,,,,,,,,,,,,,,2026-07-29T11:46:28Z
KXWCTOTAL-26JUN27PANENG-3,KXWCTOTAL-26JUN27PANENG,,Will over 2.5 goals be scored?,,,finalized,2026-06-27T22:55:23Z,,,,,,,,,,,,,,2026-07-29T11:46:28Z
KXWCTOTAL-26JUN27PANENG-2,KXWCTOTAL-26JUN27PANENG,,Will over 1.5 goals be scored?,,,finalized,2026-06-27T22:55:22Z,,,,,,,,,,,,,,2026-07-29T11:46:28Z
KXWCTOTAL-26JUN27PANENG-1,KXWCTOTAL-26JUN27PANENG,,Will over 0.5 goals be scored?,,,finalized,2026-06-27T22:25:16Z,,,,,,,,,,,,,,2026-07-29T11:46:28Z
KXWCTOTAL-26JUN27CODUZB-6,KXWCTOTAL-26JUN27CODUZB,,Will over 5.5 goals be scored?,,,finalized,2026-06-28T01:35:12Z,,,,,,,,,,,,,,2026-07-29T11:46:28Z
KXWCTOTAL-26JUN27CODUZB-5,KXWCTOTAL-26JUN27CODUZB,,Will over 4.5 goals be scored?,,,finalized,2026-06-28T01:35:12Z,,,,,,,,,,,,,,2026-07-29T11:46:28Z
KXWCTOTAL-26JUN27CODUZB-4,KXWCTOTAL-26JUN27CODUZB,,Will over 3.5 goals be scored?,,,finalized,2026-06-28T01:35:12Z,,,,,,,,,,,,,,2026-07-29T11:46:28Z
KXWCTOTAL-26JUN27CODUZB-3,KXWCTOTAL-26JUN27CODUZB,,Will over 2.5 goals be scored?,,,finalized,2026-06-28T01:25:22Z,,,,,,,,,,,,,,2026-07-29T11:46:28Z
KXWCTOTAL-26JUN27CODUZB-2,KXWCTOTAL-26JUN27CODUZB,,Will over 1.5 goals be scored?,,,finalized,2026-06-28T01:10:36Z,,,,,,,,,,,,,,2026-07-29T11:46:28Z
KXWCTOTAL-26JUN27CODUZB-1,KXWCTOTAL-26JUN27CODUZB,,Will over 0.5 goals be scored?,,,finalized,2026-06-28T01:00:32Z,,,,,,,,,,,,,,2026-07-29T11:46:28Z
KXWCTOTAL-26JUN27COLPOR-6,KXWCTOTAL-26JUN27COLPOR,,Will over 5.5 goals be scored?,,,finalized,2026-06-28T01:30:37Z,,,,,,,,,,,,,,2026-07-29T11:46:28Z
KXWCTOTAL-26JUN27COLPOR-5,KXWCTOTAL-26JUN27COLPOR,,Will over 4.5 goals be scored?,,,finalized,2026-06-28T01:30:37Z,,,,,,,,,,,,,,2026-07-29T11:46:28Z
KXWCTOTAL-26JUN27COLPOR-4,KXWCTOTAL-26JUN27COLPOR,,Will over 3.5 goals be scored?,,,finalized,2026-06-28T01:30:37Z,,,,,,,,,,,,,,2026-07-29T11:46:28Z
KXWCTOTAL-26JUN27COLPOR-3,KXWCTOTAL-26JUN27COLPOR,,Will over 2.5 goals be scored?,,,finalized,2026-06-28T01:30:37Z,,,,,,,,,,,,,,2026-07-29T11:46:28Z
KXWCTOTAL-26JUN27COLPOR-2,KXWCTOTAL-26JUN27COLPOR,,Will over 1.5 goals be scored?,,,finalized,2026-06-28T01:30:37Z,,,,,,,,,,,,,,2026-07-29T11:46:28Z
KXWCTOTAL-26JUN27COLPOR-1,KXWCTOTAL-26JUN27COLPOR,,Will over 0.5 goals be scored?,,,finalized,2026-06-28T01:30:36Z,,,,,,,,,,,,,,2026-07-29T11:46:28Z
KXWCTOTAL-26JUN27DZAAUT-6,KXWCTOTAL-26JUN27DZAAUT,,Will over 5.5 goals be scored?,,,finalized,2026-06-28T04:00:46Z,,,,,,,,,,,,,,2026-07-29T11:46:28Z
KXWCTOTAL-26JUN27DZAAUT-5,KXWCTOTAL-26JUN27DZAAUT,,Will over 4.5 goals be scored?,,,finalized,2026-06-28T04:00:46Z,,,,,,,,,,,,,,2026-07-29T11:46:28Z
KXWCTOTAL-26JUN27DZAAUT-4,KXWCTOTAL-26JUN27DZAAUT,,Will over 3.5 goals be scored?,,,finalized,2026-06-28T03:55:12Z,,,,,,,,,,,,,,2026-07-29T11:46:28Z
KXWCTOTAL-26JUN27DZAAUT-3,KXWCTOTAL-26JUN27DZAAUT,,Will over 2.5 goals be scored?,,,finalized,2026-06-28T03:25:10Z,,,,,,,,,,,,,,2026-07-29T11:46:28Z
KXWCTOTAL-26JUN27DZAAUT-2,KXWCTOTAL-26JUN27DZAAUT,,Will over 1.5 goals be scored?,,,finalized,2026-06-28T03:20:27Z,,,,,,,,,,,,,,2026-07-29T11:46:28Z
KXWCTOTAL-26JUN27DZAAUT-1,KXWCTOTAL-26JUN27DZAAUT,,Will over 0.5 goals be scored?,,,finalized,2026-06-28T02:45:23Z,,,,,,,,,,,,,,2026-07-29T11:46:28Z
KXWCTOTAL-26JUN27JORARG-6,KXWCTOTAL-26JUN27JORARG,,Will over 5.5 goals be scored?,,,finalized,2026-06-28T04:00:45Z,,,,,,,,,,,,,,2026-07-29T11:46:28Z
KXWCTOTAL-26JUN27JORARG-5,KXWCTOTAL-26JUN27JORARG,,Will over 4.5 goals be scored?,,,finalized,2026-06-28T04:00:45Z,,,,,,,,,,,,,,2026-07-29T11:46:28Z
KXWCTOTAL-26JUN27JORARG-4,KXWCTOTAL-26JUN27JORARG,,Will over 3.5 goals be scored?,,,finalized,2026-06-28T04:00:45Z,,,,,,,,,,,,,,2026-07-29T11:46:28Z
KXWCTOTAL-26JUN27JORARG-3,KXWCTOTAL-26JUN27JORARG,,Will over 2.5 goals be scored?,,,finalized,2026-06-28T03:45:15Z,,,,,,,,,,,,,,2026-07-29T11:46:28Z
KXWCTOTAL-26JUN27JORARG-2,KXWCTOTAL-26JUN27JORARG,,Will over 1.5 goals be scored?,,,finalized,2026-06-28T03:20:27Z,,,,,,,,,,,,,,2026-07-29T11:46:28Z
KXWCTOTAL-26JUN27JORARG-1,KXWCTOTAL-26JUN27JORARG,,Will over 0.5 goals be scored?,,,finalized,2026-06-28T02:30:37Z,,,,,,,,,,,,,,2026-07-29T11:46:28Z
KXWC1H-26JUL18FRAENG-TIE,KXWC1H-26JUL18FRAENG,,Will Tie be the result of the 1st Half?,,,finalized,2026-07-18T21:51:03Z,,,,,,,,,,,,,,2026-07-29T11:46:28Z
KXWC1H-26JUL18FRAENG-FRA,KXWC1H-26JUL18FRAENG,,Will France win the 1st Half?,,,finalized,2026-07-18T21:51:03Z,,,,,,,,,,,,,,2026-07-29T11:46:28Z
KXWC1H-26JUL18FRAENG-ENG,KXWC1H-26JUL18FRAENG,,Will England win the 1st Half?,,,finalized,2026-07-18T21:51:03Z,,,,,,,,,,,,,,2026-07-29T11:46:28Z
KXWC1H-26JUL19ESPARG-TIE,KXWC1H-26JUL19ESPARG,,Will Tie be the result of the 1st Half?,,,finalized,2026-07-19T19:56:23Z,,,,,,,,,,,,,,2026-07-29T11:46:28Z
KXWC1H-26JUL19ESPARG-ESP,KXWC1H-26JUL19ESPARG,,Will Spain win the 1st Half?,,,finalized,2026-07-19T19:56:23Z,,,,,,,,,,,,,,2026-07-29T11:46:28Z
KXWC1H-26JUL19ESPARG-ARG,KXWC1H-26JUL19ESPARG,,Will Argentina win the 1st Half?,,,finalized,2026-07-19T19:56:23Z,,,,,,,,,,,,,,2026-07-29T11:46:28Z
KXWC1H-26JUL15ENGARG-TIE,KXWC1H-26JUL15ENGARG,,Will Tie be the result of the 1st Half?,,,finalized,2026-07-15T19:49:51Z,,,,,,,,,,,,,,2026-07-29T11:46:28Z
KXWC1H-26JUL15ENGARG-ENG,KXWC1H-26JUL15ENGARG,,Will England win the 1st Half?,,,finalized,2026-07-15T19:49:51Z,,,,,,,,,,,,,,2026-07-29T11:46:28Z
KXWC1H-26JUL15ENGARG-ARG,KXWC1H-26JUL15ENGARG,,Will Argentina win the 1st Half?,,,finalized,2026-07-15T19:49:51Z,,,,,,,,,,,,,,2026-07-29T11:46:28Z
KXWC1H-26JUL14FRAESP-TIE,KXWC1H-26JUL14FRAESP,,Will Tie be the result of the 1st Half?,,,finalized,2026-07-14T19:54:39Z,,,,,,,,,,,,,,2026-07-29T11:46:28Z
KXWC1H-26JUL14FRAESP-FRA,KXWC1H-26JUL14FRAESP,,Will France win the 1st Half?,,,finalized,2026-07-14T19:54:39Z,,,,,,,,,,,,,,2026-07-29T11:46:28Z
KXWC1H-26JUL14FRAESP-ESP,KXWC1H-26JUL14FRAESP,,Will Spain win the 1st Half?,,,finalized,2026-07-14T19:54:39Z,,,,,,,,,,,,,,2026-07-29T11:46:28Z
KXWC1H-26JUL11ARGSUI-TIE,KXWC1H-26JUL11ARGSUI,,Will Tie be the result of the 1st Half?,,,finalized,2026-07-12T01:49:46Z,,,,,,,,,,,,,,2026-07-29T11:46:28Z
KXWC1H-26JUL11ARGSUI-SUI,KXWC1H-26JUL11ARGSUI,,Will Switzerland win the 1st Half?,,,finalized,2026-07-12T01:49:46Z,,,,,,,,,,,,,,2026-07-29T11:46:28Z
KXWC1H-26JUL11ARGSUI-ARG,KXWC1H-26JUL11ARGSUI,,Will Argentina win the 1st Half?,,,finalized,2026-07-12T01:49:46Z,,,,,,,,,,,,,,2026-07-29T11:46:28Z
KXWC1H-26JUL10ESPBEL-TIE,KXWC1H-26JUL10ESPBEL,,Will Tie be the result of the 1st Half?,,,finalized,2026-07-10T19:49:50Z,,,,,,,,,,,,,,2026-07-29T11:46:28Z
KXWC1H-26JUL10ESPBEL-ESP,KXWC1H-26JUL10ESPBEL,,Will Spain win the 1st Half?,,,finalized,2026-07-10T19:49:50Z,,,,,,,,,,,,,,2026-07-29T11:46:28Z
KXWC1H-26JUL10ESPBEL-BEL,KXWC1H-26JUL10ESPBEL,,Will Belgium win the 1st Half?,,,finalized,2026-07-10T19:49:50Z,,,,,,,,,,,,,,2026-07-29T11:46:28Z
KXWC1H-26JUL11NORENG-TIE,KXWC1H-26JUL11NORENG,,Will Tie be the result of the 1st Half?,,,finalized,2026-07-11T21:54:40Z,,,,,,,,,,,,,,2026-07-29T11:46:28Z
KXWC1H-26JUL11NORENG-NOR,KXWC1H-26JUL11NORENG,,Will Norway win the 1st Half?,,,finalized,2026-07-11T21:54:40Z,,,,,,,,,,,,,,2026-07-29T11:46:28Z
KXWC1H-26JUL11NORENG-ENG,KXWC1H-26JUL11NORENG,,Will England win the 1st Half?,,,finalized,2026-07-11T21:54:40Z,,,,,,,,,,,,,,2026-07-29T11:46:28Z
KXWC1H-26JUL09FRAMAR-TIE,KXWC1H-26JUL09FRAMAR,,Will Tie be the result of the 1st Half?,,,finalized,2026-07-09T20:54:37Z,,,,,,,,,,,,,,2026-07-29T11:46:28Z
KXWC1H-26JUL09FRAMAR-MAR,KXWC1H-26JUL09FRAMAR,,Will Morocco win the 1st Half?,,,finalized,2026-07-09T20:54:37Z,,,,,,,,,,,,,,2026-07-29T11:46:28Z
KXWC1H-26JUL09FRAMAR-FRA,KXWC1H-26JUL09FRAMAR,,Will France win the 1st Half?,,,finalized,2026-07-09T20:54:37Z,,,,,,,,,,,,,,2026-07-29T11:46:28Z
KXWC1H-26JUL07SUICOL-TIE,KXWC1H-26JUL07SUICOL,,Will Tie be the result of the 1st Half?,,,finalized,2026-07-07T20:49:47Z,,,,,,,,,,,,,,2026-07-29T11:46:28Z
KXWC1H-26JUL07SUICOL-SUI,KXWC1H-26JUL07SUICOL,,Will Switzerland win the 1st Half?,,,finalized,2026-07-07T20:49:47Z,,,,,,,,,,,,,,2026-07-29T11:46:28Z
KXWC1H-26JUL07SUICOL-COL,KXWC1H-26JUL07SUICOL,,Will Colombia win the 1st Half?,,,finalized,2026-07-07T20:49:47Z,,,,,,,,,,,,,,2026-07-29T11:46:28Z
KXWC1H-26JUL07ARGEGY-TIE,KXWC1H-26JUL07ARGEGY,,Will Tie be the result of the 1st Half?,,,finalized,2026-07-07T16:54:38Z,,,,,,,,,,,,,,2026-07-29T11:46:28Z
KXWC1H-26JUL07ARGEGY-EGY,KXWC1H-26JUL07ARGEGY,,Will Egypt win the 1st Half?,,,finalized,2026-07-07T16:54:38Z,,,,,,,,,,,,,,2026-07-29T11:46:28Z
KXWC1H-26JUL07ARGEGY-ARG,KXWC1H-26JUL07ARGEGY,,Will Argentina win the 1st Half?,,,finalized,2026-07-07T16:54:38Z,,,,,,,,,,,,,,2026-07-29T11:46:28Z
KXWC1H-26JUL06PORESP-TIE,KXWC1H-26JUL06PORESP,,Will Tie be the result of the 1st Half?,,,finalized,2026-07-06T19:54:39Z,,,,,,,,,,,,,,2026-07-29T11:46:28Z
KXWC1H-26JUL06PORESP-POR,KXWC1H-26JUL06PORESP,,Will Portugal win the 1st Half?,,,finalized,2026-07-06T19:54:39Z,,,,,,,,,,,,,,2026-07-29T11:46:28Z
KXWC1H-26JUL06PORESP-ESP,KXWC1H-26JUL06PORESP,,Will Spain win the 1st Half?,,,finalized,2026-07-06T19:54:39Z,,,,,,,,,,,,,,2026-07-29T11:46:28Z
KXWC1H-26JUL06USABEL-USA,KXWC1H-26JUL06USABEL,,Will USA win the 1st Half?,,,finalized,2026-07-07T00:54:47Z,,,,,,,,,,,,,,2026-07-29T11:46:28Z
KXWC1H-26JUL06USABEL-TIE,KXWC1H-26JUL06USABEL,,Will Tie be the result of the 1st Half?,,,finalized,2026-07-07T00:54:47Z,,,,,,,,,,,,,,2026-07-29T11:46:28Z
KXWC1H-26JUL06USABEL-BEL,KXWC1H-26JUL06USABEL,,Will Belgium win the 1st Half?,,,finalized,2026-07-07T00:54:47Z,,,,,,,,,,,,,,2026-07-29T11:46:28Z
KXWC1H-26JUL05MEXENG-TIE,KXWC1H-26JUL05MEXENG,,Will Tie be the result of the 1st Half?,,,finalized,2026-07-06T01:49:52Z,,,,,,,,,,,,,,2026-07-29T11:46:28Z
KXWC1H-26JUL05MEXENG-MEX,KXWC1H-26JUL05MEXENG,,Will Mexico win the 1st Half?,,,finalized,2026-07-06T01:49:52Z,,,,,,,,,,,,,,2026-07-29T11:46:28Z
KXWC1H-26JUL05MEXENG-ENG,KXWC1H-26JUL05MEXENG,,Will England win the 1st Half?,,,finalized,2026-07-06T01:49:52Z,,,,,,,,,,,,,,2026-07-29T11:46:28Z
KXWC1H-26JUL04PARFRA-TIE,KXWC1H-26JUL04PARFRA,,Will Tie be the result of the 1st Half?,,,finalized,2026-07-04T21:54:40Z,,,,,,,,,,,,,,2026-07-29T11:46:28Z
KXWC1H-26JUL04PARFRA-PAR,KXWC1H-26JUL04PARFRA,,Will Paraguay win the 1st Half?,,,finalized,2026-07-04T21:54:40Z,,,,,,,,,,,,,,2026-07-29T11:46:28Z
KXWC1H-26JUL04PARFRA-FRA,KXWC1H-26JUL04PARFRA,,Will France win the 1st Half?,,,finalized,2026-07-04T21:54:40Z,,,,,,,,,,,,,,2026-07-29T11:46:28Z
KXWC1H-26JUL05BRANOR-TIE,KXWC1H-26JUL05BRANOR,,Will Tie be the result of the 1st Half?,,,finalized,2026-07-05T20:54:40Z,,,,,,,,,,,,,,2026-07-29T11:46:28Z
KXWC1H-26JUL05BRANOR-NOR,KXWC1H-26JUL05BRANOR,,Will Norway win the 1st Half?,,,finalized,2026-07-05T20:54:40Z,,,,,,,,,,,,,,2026-07-29T11:46:28Z
KXWC1H-26JUL05BRANOR-BRA,KXWC1H-26JUL05BRANOR,,Will Brazil win the 1st Half?,,,finalized,2026-07-05T20:54:40Z,,,,,,,,,,,,,,2026-07-29T11:46:28Z
KXWC1H-26JUL04CANMAR-TIE,KXWC1H-26JUL04CANMAR,,Will Tie be the result of the 1st Half?,,,finalized,2026-07-04T17:54:41Z,,,,,,,,,,,,,,2026-07-29T11:46:28Z
KXWC1H-26JUL04CANMAR-MAR,KXWC1H-26JUL04CANMAR,,Will Morocco win the 1st Half?,,,finalized,2026-07-04T17:54:41Z,,,,,,,,,,,,,,2026-07-29T11:46:28Z
KXWC1H-26JUL04CANMAR-CAN,KXWC1H-26JUL04CANMAR,,Will Canada win the 1st Half?,,,finalized,2026-07-04T17:54:41Z,,,,,,,,,,,,,,2026-07-29T11:46:28Z
KXWC1H-26JUL02ESPAUT-TIE,KXWC1H-26JUL02ESPAUT,,Will Tie be the result of the 1st Half?,,,finalized,2026-07-02T19:49:53Z,,,,,,,,,,,,,,2026-07-29T11:46:28Z
KXWC1H-26JUL02ESPAUT-ESP,KXWC1H-26JUL02ESPAUT,,Will Spain win the 1st Half?,,,finalized,2026-07-02T19:49:53Z,,,,,,,,,,,,,,2026-07-29T11:46:28Z
KXWC1H-26JUL02ESPAUT-AUT,KXWC1H-26JUL02ESPAUT,,Will Austria win the 1st Half?,,,finalized,2026-07-02T19:49:53Z,,,,,,,,,,,,,,2026-07-29T11:46:28Z
KXWC1H-26JUL02SUIDZA-TIE,KXWC1H-26JUL02SUIDZA,,Will Tie be the result of the 1st Half?,,,finalized,2026-07-03T03:51:13Z,,,,,,,,,,,,,,2026-07-29T11:46:28Z
KXWC1H-26JUL02SUIDZA-SUI,KXWC1H-26JUL02SUIDZA,,Will Switzerland win the 1st Half?,,,finalized,2026-07-03T03:51:13Z,,,,,,,,,,,,,,2026-07-29T11:46:28Z
KXWC1H-26JUL02SUIDZA-DZA,KXWC1H-26JUL02SUIDZA,,Will Algeria win the 1st Half?,,,finalized,2026-07-03T03:51:13Z,,,,,,,,,,,,,,2026-07-29T11:46:28Z
KXWC1H-26JUL01ENGCOD-TIE,KXWC1H-26JUL01ENGCOD,,Will Tie be the result of the 1st Half?,,,finalized,2026-07-01T16:54:41Z,,,,,,,,,,,,,,2026-07-29T11:46:28Z
KXWC1H-26JUL01ENGCOD-ENG,KXWC1H-26JUL01ENGCOD,,Will England win the 1st Half?,,,finalized,2026-07-01T16:54:41Z,,,,,,,,,,,,,,2026-07-29T11:46:28Z
KXWC1H-26JUL01ENGCOD-COD,KXWC1H-26JUL01ENGCOD,,Will Congo DR win the 1st Half?,,,finalized,2026-07-01T16:54:41Z,,,,,,,,,,,,,,2026-07-29T11:46:28Z
KXWC1H-26JUL01BELSEN-TIE,KXWC1H-26JUL01BELSEN,,Will Tie be the result of the 1st Half?,,,finalized,2026-07-01T20:54:40Z,,,,,,,,,,,,,,2026-07-29T11:46:28Z
KXWC1H-26JUL01BELSEN-SEN,KXWC1H-26JUL01BELSEN,,Will Senegal win the 1st Half?,,,finalized,2026-07-01T20:54:40Z,,,,,,,,,,,,,,2026-07-29T11:46:28Z
KXWC1H-26JUL01BELSEN-BEL,KXWC1H-26JUL01BELSEN,,Will Belgium win the 1st Half?,,,finalized,2026-07-01T20:54:40Z,,,,,,,,,,,,,,2026-07-29T11:46:28Z
KXWC1H-26JUL02PORCRO-TIE,KXWC1H-26JUL02PORCRO,,Will Tie be the result of the 1st Half?,,,finalized,2026-07-02T23:49:54Z,,,,,,,,,,,,,,2026-07-29T11:46:28Z
KXWC1H-26JUL02PORCRO-POR,KXWC1H-26JUL02PORCRO,,Will Portugal win the 1st Half?,,,finalized,2026-07-02T23:49:54Z,,,,,,,,,,,,,,2026-07-29T11:46:28Z
KXWC1H-26JUL02PORCRO-CRO,KXWC1H-26JUL02PORCRO,,Will Croatia win the 1st Half?,,,finalized,2026-07-02T23:49:54Z,,,,,,,,,,,,,,2026-07-29T11:46:28Z
KXWC1H-26JUL03COLGHA-TIE,KXWC1H-26JUL03COLGHA,,Will Tie be the result of the 1st Half?,,,finalized,2026-07-04T02:24:44Z,,,,,,,,,,,,,,2026-07-29T11:46:28Z
KXWC1H-26JUL03COLGHA-GHA,KXWC1H-26JUL03COLGHA,,Will Ghana win the 1st Half?,,,finalized,2026-07-04T02:24:44Z,,,,,,,,,,,,,,2026-07-29T11:46:28Z
KXWC1H-26JUL03COLGHA-COL,KXWC1H-26JUL03COLGHA,,Will Colombia win the 1st Half?,,,finalized,2026-07-04T02:24:44Z,,,,,,,,,,,,,,2026-07-29T11:46:28Z
KXWC1H-26JUN30MEXECU-TIE,KXWC1H-26JUN30MEXECU,,Will Tie be the result of the 1st Half?,,,finalized,2026-07-01T02:54:40Z,,,,,,,,,,,,,,2026-07-29T11:46:28Z
KXWC1H-26JUN30MEXECU-MEX,KXWC1H-26JUN30MEXECU,,Will Mexico win the 1st Half?,,,finalized,2026-07-01T02:54:40Z,,,,,,,,,,,,,,2026-07-29T11:46:28Z
KXWC1H-26JUN30MEXECU-ECU,KXWC1H-26JUN30MEXECU,,Will Ecuador win the 1st Half?,,,finalized,2026-07-01T02:54:40Z,,,,,,,,,,,,,,2026-07-29T11:46:28Z
KXWC1H-26JUL03AUSEGY-TIE,KXWC1H-26JUL03AUSEGY,,Will Tie be the result of the 1st Half?,,,finalized,2026-07-03T18:49:50Z,,,,,,,,,,,,,,2026-07-29T11:46:28Z
KXWC1H-26JUL03AUSEGY-EGY,KXWC1H-26JUL03AUSEGY,,Will Egypt win the 1st Half?,,,finalized,2026-07-03T18:49:50Z,,,,,,,,,,,,,,2026-07-29T11:46:28Z
KXWC1H-26JUL03AUSEGY-AUS,KXWC1H-26JUL03AUSEGY,,Will Australia win the 1st Half?,,,finalized,2026-07-03T18:49:50Z,,,,,,,,,,,,,,2026-07-29T11:46:28Z
KXWC1H-26JUN29GERPAR-TIE,KXWC1H-26JUN29GERPAR,,Will Tie be the result of the 1st Half?,,,finalized,2026-06-29T21:22:51Z,,,,,,,,,,,,,,2026-07-29T11:46:28Z
KXWC1H-26JUN29GERPAR-PAR,KXWC1H-26JUN29GERPAR,,Will Paraguay win the 1st Half?,,,finalized,2026-06-29T21:22:51Z,,,,,,,,,,,,,,2026-07-29T11:46:28Z
KXWC1H-26JUN29GERPAR-GER,KXWC1H-26JUN29GERPAR,,Will Germany win the 1st Half?,,,finalized,2026-06-29T21:22:51Z,,,,,,,,,,,,,,2026-07-29T11:46:28Z
KXWC1H-26JUN30FRASWE-TIE,KXWC1H-26JUN30FRASWE,,Will Tie be the result of the 1st Half?,,,finalized,2026-06-30T21:49:50Z,,,,,,,,,,,,,,2026-07-29T11:46:28Z
KXWC1H-26JUN30FRASWE-SWE,KXWC1H-26JUN30FRASWE,,Will Sweden win the 1st Half?,,,finalized,2026-06-30T21:49:50Z,,,,,,,,,,,,,,2026-07-29T11:46:28Z
KXWC1H-26JUN30FRASWE-FRA,KXWC1H-26JUN30FRASWE,,Will France win the 1st Half?,,,finalized,2026-06-30T21:49:50Z,,,,,,,,,,,,,,2026-07-29T11:46:28Z
KXWC1H-26JUL03ARGCPV-TIE,KXWC1H-26JUL03ARGCPV,,Will Tie be the result of the 1st Half?,,,finalized,2026-07-03T22:49:49Z,,,,,,,,,,,,,,2026-07-29T11:46:28Z
KXWC1H-26JUL03ARGCPV-CPV,KXWC1H-26JUL03ARGCPV,,Will Cape Verde win the 1st Half?,,,finalized,2026-07-03T22:49:49Z,,,,,,,,,,,,,,2026-07-29T11:46:28Z
KXWC1H-26JUL03ARGCPV-ARG,KXWC1H-26JUL03ARGCPV,,Will Argentina win the 1st Half?,,,finalized,2026-07-03T22:49:49Z,,,,,,,,,,,,,,2026-07-29T11:46:28Z
KXWC1H-26JUN30CIVNOR-TIE,KXWC1H-26JUN30CIVNOR,,Will Tie be the result of the 1st Half?,,,finalized,2026-06-30T17:49:53Z,,,,,,,,,,,,,,2026-07-29T11:46:28Z
KXWC1H-26JUN30CIVNOR-NOR,KXWC1H-26JUN30CIVNOR,,Will Norway win the 1st Half?,,,finalized,2026-06-30T17:49:53Z,,,,,,,,,,,,,,2026-07-29T11:46:28Z
KXWC1H-26JUN30CIVNOR-CIV,KXWC1H-26JUN30CIVNOR,,Will Ivory Coast win the 1st Half?,,,finalized,2026-06-30T17:49:53Z,,,,,,,,,,,,,,2026-07-29T11:46:28Z
KXWC1H-26JUN29BRAJPN-TIE,KXWC1H-26JUN29BRAJPN,,Will Tie be the result of the 1st Half?,,,finalized,2026-06-29T17:49:47Z,,,,,,,,,,,,,,2026-07-29T11:46:28Z
KXWC1H-26JUN29BRAJPN-JPN,KXWC1H-26JUN29BRAJPN,,Will Japan win the 1st Half?,,,finalized,2026-06-29T17:49:47Z,,,,,,,,,,,,,,2026-07-29T11:46:28Z
KXWC1H-26JUN29BRAJPN-BRA,KXWC1H-26JUN29BRAJPN,,Will Brazil win the 1st Half?,,,finalized,2026-06-29T17:49:47Z,,,,,,,,,,,,,,2026-07-29T11:46:28Z
KXWC1H-26JUN29NEDMAR-TIE,KXWC1H-26JUN29NEDMAR,,Will Tie be the result of the 1st Half?,,,finalized,2026-06-30T01:54:41Z,,,,,,,,,,,,,,2026-07-29T11:46:28Z
KXWC1H-26JUN29NEDMAR-NED,KXWC1H-26JUN29NEDMAR,,Will Netherlands win the 1st Half?,,,finalized,2026-06-30T01:54:41Z,,,,,,,,,,,,,,2026-07-29T11:46:28Z
KXWC1H-26JUN29NEDMAR-MAR,KXWC1H-26JUN29NEDMAR,,Will Morocco win the 1st Half?,,,finalized,2026-06-30T01:54:41Z,,,,,,,,,,,,,,2026-07-29T11:46:28Z
KXWC1H-26JUL01USABIH-USA,KXWC1H-26JUL01USABIH,,Will USA win the 1st Half?,,,finalized,2026-07-02T00:54:42Z,,,,,,,,,,,,,,2026-07-29T11:46:28Z
KXWC1H-26JUL01USABIH-TIE,KXWC1H-26JUL01USABIH,,Will Tie be the result of the 1st Half?,,,finalized,2026-07-02T00:54:42Z,,,,,,,,,,,,,,2026-07-29T11:46:28Z
KXWC1H-26JUL01USABIH-BIH,KXWC1H-26JUL01USABIH,,Will Bosnia and Herzegovina win the 1st Half?,,,finalized,2026-07-02T00:54:42Z,,,,,,,,,,,,,,2026-07-29T11:46:28Z
KXWC1H-26JUN28RSACAN-TIE,KXWC1H-26JUN28RSACAN,,Will Tie be the result of the 1st Half?,,,finalized,2026-06-28T19:49:54Z,,,,,,,,,,,,,,2026-07-29T11:46:28Z
KXWC1H-26JUN28RSACAN-RSA,KXWC1H-26JUN28RSACAN,,Will South Africa win the 1st Half?,,,finalized,2026-06-28T19:49:54Z,,,,,,,,,,,,,,2026-07-29T11:46:28Z
KXWC1H-26JUN28RSACAN-CAN,KXWC1H-26JUN28RSACAN,,Will Canada win the 1st Half?,,,finalized,2026-06-28T19:49:54Z,,,,,,,,,,,,,,2026-07-29T11:46:28Z
KXWC1H-26JUN11MEXRSA-TIE,KXWC1H-26JUN11MEXRSA,,Will Tie win the 1st Half?,,,finalized,2026-06-11T19:56:00Z,,,,,,,,,,,,,,2026-07-29T11:46:28Z
KXWC1H-26JUN11MEXRSA-RSA,KXWC1H-26JUN11MEXRSA,,Will South Africa win the 1st Half?,,,finalized,2026-06-11T19:56:00Z,,,,,,,,,,,,,,2026-07-29T11:46:28Z
KXWC1H-26JUN11MEXRSA-MEX,KXWC1H-26JUN11MEXRSA,,Will Mexico win the 1st Half?,,,finalized,2026-06-11T19:56:00Z,,,,,,,,,,,,,,2026-07-29T11:46:28Z
KXWC1H-26JUN11KORCZE-TIE,KXWC1H-26JUN11KORCZE,,Will Tie win the 1st Half?,,,finalized,2026-06-12T02:50:12Z,,,,,,,,,,,,,,2026-07-29T11:46:28Z
KXWC1H-26JUN11KORCZE-KOR,KXWC1H-26JUN11KORCZE,,Will Republic of Korea win the 1st Half?,,,finalized,2026-06-12T02:50:12Z,,,,,,,,,,,,,,2026-07-29T11:46:28Z
KXWC1H-26JUN11KORCZE-CZE,KXWC1H-26JUN11KORCZE,,Will Czechia win the 1st Half?,,,finalized,2026-06-12T02:50:12Z,,,,,,,,,,,,,,2026-07-29T11:46:28Z
KXWC1H-26JUN12CANBIH-TIE,KXWC1H-26JUN12CANBIH,,Will Tie win the 1st Half?,,,finalized,2026-06-12T19:54:52Z,,,,,,,,,,,,,,2026-07-29T11:46:28Z
KXWC1H-26JUN12CANBIH-CAN,KXWC1H-26JUN12CANBIH,,Will Canada win the 1st Half?,,,finalized,2026-06-12T19:54:52Z,,,,,,,,,,,,,,2026-07-29T11:46:28Z
KXWC1H-26JUN12CANBIH-BIH,KXWC1H-26JUN12CANBIH,,Will Bosnia and Herzegovina win the 1st Half?,,,finalized,2026-06-12T19:54:52Z,,,,,,,,,,,,,,2026-07-29T11:46:28Z
KXWC1H-26JUN12USAPAR-USA,KXWC1H-26JUN12USAPAR,,Will USA win the 1st Half?,,,finalized,2026-06-13T01:54:48Z,,,,,,,,,,,,,,2026-07-29T11:46:28Z
KXWC1H-26JUN12USAPAR-TIE,KXWC1H-26JUN12USAPAR,,Will Tie win the 1st Half?,,,finalized,2026-06-13T01:54:48Z,,,,,,,,,,,,,,2026-07-29T11:46:28Z
KXWC1H-26JUN12USAPAR-PAR,KXWC1H-26JUN12USAPAR,,Will Paraguay win the 1st Half?,,,finalized,2026-06-13T01:54:48Z,,,,,,,,,,,,,,2026-07-29T11:46:28Z
KXWC1H-26JUN13QATSUI-TIE,KXWC1H-26JUN13QATSUI,,Will Tie win the 1st Half?,,,finalized,2026-06-13T20:00:29Z,,,,,,,,,,,,,,2026-07-29T11:46:28Z
KXWC1H-26JUN13QATSUI-SUI,KXWC1H-26JUN13QATSUI,,Will Switzerland win the 1st Half?,,,finalized,2026-06-13T20:00:29Z,,,,,,,,,,,,,,2026-07-29T11:46:28Z
KXWC1H-26JUN13QATSUI-QAT,KXWC1H-26JUN13QATSUI,,Will Qatar win the 1st Half?,,,finalized,2026-06-13T20:00:29Z,,,,,,,,,,,,,,2026-07-29T11:46:28Z
KXWC1H-26JUN13BRAMAR-TIE,KXWC1H-26JUN13BRAMAR,,Will Tie win the 1st Half?,,,finalized,2026-06-13T22:54:52Z,,,,,,,,,,,,,,2026-07-29T11:46:28Z
KXWC1H-26JUN13BRAMAR-MAR,KXWC1H-26JUN13BRAMAR,,Will Morocco win the 1st Half?,,,finalized,2026-06-13T22:54:52Z,,,,,,,,,,,,,,2026-07-29T11:46:28Z
KXWC1H-26JUN13BRAMAR-BRA,KXWC1H-26JUN13BRAMAR,,Will Brazil win the 1st Half?,,,finalized,2026-06-13T22:54:52Z,,,,,,,,,,,,,,2026-07-29T11:46:28Z
KXWC1H-26JUN13HTISCO-TIE,KXWC1H-26JUN13HTISCO,,Will Tie win the 1st Half?,,,finalized,2026-06-14T01:54:48Z,,,,,,,,,,,,,,2026-07-29T11:46:28Z
KXWC1H-26JUN13HTISCO-SCO,KXWC1H-26JUN13HTISCO,,Will Scotland win the 1st Half?,,,finalized,2026-06-14T01:54:48Z,,,,,,,,,,,,,,2026-07-29T11:46:28Z
KXWC1H-26JUN13HTISCO-HTI,KXWC1H-26JUN13HTISCO,,Will Haiti win the 1st Half?,,,finalized,2026-06-14T01:54:48Z,,,,,,,,,,,,,,2026-07-29T11:46:28Z
KXWC1H-26JUN14AUSTUR-TUR,KXWC1H-26JUN14AUSTUR,,Will Turkiye win the 1st Half?,,,finalized,2026-06-14T04:50:25Z,,,,,,,,,,,,,,2026-07-29T11:46:28Z
KXWC1H-26JUN14AUSTUR-TIE,KXWC1H-26JUN14AUSTUR,,Will Tie win the 1st Half?,,,finalized,2026-06-14T04:50:25Z,,,,,,,,,,,,,,2026-07-29T11:46:28Z
KXWC1H-26JUN14AUSTUR-AUS,KXWC1H-26JUN14AUSTUR,,Will Australia win the 1st Half?,,,finalized,2026-06-14T04:50:25Z,,,,,,,,,,,,,,2026-07-29T11:46:28Z
KXWC1H-26JUN14GERCUW-TIE,KXWC1H-26JUN14GERCUW,,Will Tie win the 1st Half?,,,finalized,2026-06-14T17:54:47Z,,,,,,,,,,,,,,2026-07-29T11:46:28Z
KXWC1H-26JUN14GERCUW-GER,KXWC1H-26JUN14GERCUW,,Will Germany win the 1st Half?,,,finalized,2026-06-14T17:54:47Z,,,,,,,,,,,,,,2026-07-29T11:46:28Z
KXWC1H-26JUN14GERCUW-CUW,KXWC1H-26JUN14GERCUW,,Will Curacao win the 1st Half?,,,finalized,2026-06-14T17:54:47Z,,,,,,,,,,,,,,2026-07-29T11:46:28Z
KXWC1H-26JUN14NEDJPN-TIE,KXWC1H-26JUN14NEDJPN,,Will Tie win the 1st Half?,,,finalized,2026-06-14T20:50:07Z,,,,,,,,,,,,,,2026-07-29T11:46:28Z
KXWC1H-26JUN14NEDJPN-NED,KXWC1H-26JUN14NEDJPN,,Will Netherlands win the 1st Half?,,,finalized,2026-06-14T20:50:07Z,,,,,,,,,,,,,,2026-07-29T11:46:28Z
KXWC1H-26JUN14NEDJPN-JPN,KXWC1H-26JUN14NEDJPN,,Will Japan win the 1st Half?,,,finalized,2026-06-14T20:50:07Z,,,,,,,,,,,,,,2026-07-29T11:46:28Z
KXWC1H-26JUN14CIVECU-TIE,KXWC1H-26JUN14CIVECU,,Will Tie win the 1st Half?,,,finalized,2026-06-14T23:54:51Z,,,,,,,,,,,,,,2026-07-29T11:46:28Z
KXWC1H-26JUN14CIVECU-ECU,KXWC1H-26JUN14CIVECU,,Will Ecuador win the 1st Half?,,,finalized,2026-06-14T23:54:51Z,,,,,,,,,,,,,,2026-07-29T11:46:28Z
KXWC1H-26JUN14CIVECU-CIV,KXWC1H-26JUN14CIVECU,,Will Ivory Coast win the 1st Half?,,,finalized,2026-06-14T23:54:51Z,,,,,,,,,,,,,,2026-07-29T11:46:28Z
KXWC1H-26JUN14SWETUN-TUN,KXWC1H-26JUN14SWETUN,,Will Tunisia win the 1st Half?,,,finalized,2026-06-15T02:50:22Z,,,,,,,,,,,,,,2026-07-29T11:46:28Z
KXWC1H-26JUN14SWETUN-TIE,KXWC1H-26JUN14SWETUN,,Will Tie win the 1st Half?,,,finalized,2026-06-15T02:50:22Z,,,,,,,,,,,,,,2026-07-29T11:46:28Z
KXWC1H-26JUN14SWETUN-SWE,KXWC1H-26JUN14SWETUN,,Will Sweden win the 1st Half?,,,finalized,2026-06-15T02:50:22Z,,,,,,,,,,,,,,2026-07-29T11:46:28Z
KXWC1H-26JUN15ESPCPV-TIE,KXWC1H-26JUN15ESPCPV,,Will Tie win the 1st Half?,,,finalized,2026-06-15T16:50:08Z,,,,,,,,,,,,,,2026-07-29T11:46:28Z
KXWC1H-26JUN15ESPCPV-ESP,KXWC1H-26JUN15ESPCPV,,Will Spain win the 1st Half?,,,finalized,2026-06-15T16:50:08Z,,,,,,,,,,,,,,2026-07-29T11:46:28Z
KXWC1H-26JUN15ESPCPV-CPV,KXWC1H-26JUN15ESPCPV,,Will Cape Verde win the 1st Half?,,,finalized,2026-06-15T16:50:08Z,,,,,,,,,,,,,,2026-07-29T11:46:28Z
KXWC1H-26JUN15BELEGY-TIE,KXWC1H-26JUN15BELEGY,,Will Tie win the 1st Half?,,,finalized,2026-06-15T19:50:32Z,,,,,,,,,,,,,,2026-07-29T11:46:28Z
KXWC1H-26JUN15BELEGY-EGY,KXWC1H-26JUN15BELEGY,,Will Egypt win the 1st Half?,,,finalized,2026-06-15T19:50:32Z,,,,,,,,,,,,,,2026-07-29T11:46:28Z
KXWC1H-26JUN15BELEGY-BEL,KXWC1H-26JUN15BELEGY,,Will Belgium win the 1st Half?,,,finalized,2026-06-15T19:50:32Z,,,,,,,,,,,,,,2026-07-29T11:46:28Z
KXWC1H-26JUN15KSAURU-URU,KXWC1H-26JUN15KSAURU,,Will Uruguay win the 1st Half?,,,finalized,2026-06-15T22:54:56Z,,,,,,,,,,,,,,2026-07-29T11:46:28Z
KXWC1H-26JUN15KSAURU-TIE,KXWC1H-26JUN15KSAURU,,Will Tie win the 1st Half?,,,finalized,2026-06-15T22:54:56Z,,,,,,,,,,,,,,2026-07-29T11:46:28Z
KXWC1H-26JUN15KSAURU-KSA,KXWC1H-26JUN15KSAURU,,Will Saudi Arabia win the 1st Half?,,,finalized,2026-06-15T22:54:56Z,,,,,,,,,,,,,,2026-07-29T11:46:28Z
KXWC1H-26JUN15IRINZL-TIE,KXWC1H-26JUN15IRINZL,,Will Tie win the 1st Half?,,,finalized,2026-06-16T01:54:50Z,,,,,,,,,,,,,,2026-07-29T11:46:28Z
KXWC1H-26JUN15IRINZL-NZL,KXWC1H-26JUN15IRINZL,,Will New Zealand win the 1st Half?,,,finalized,2026-06-16T01:54:50Z,,,,,,,,,,,,,,2026-07-29T11:46:28Z
KXWC1H-26JUN15IRINZL-IRI,KXWC1H-26JUN15IRINZL,,Will Iran win the 1st Half?,,,finalized,2026-06-16T01:54:50Z,,,,,,,,,,,,,,2026-07-29T11:46:28Z
KXWC1H-26JUN16FRASEN-TIE,KXWC1H-26JUN16FRASEN,,Will Tie win the 1st Half?,,,finalized,2026-06-16T19:54:51Z,,,,,,,,,,,,,,2026-07-29T11:46:28Z
KXWC1H-26JUN16FRASEN-SEN,KXWC1H-26JUN16FRASEN,,Will Senegal win the 1st Half?,,,finalized,2026-06-16T19:54:51Z,,,,,,,,,,,,,,2026-07-29T11:46:28Z
KXWC1H-26JUN16FRASEN-FRA,KXWC1H-26JUN16FRASEN,,Will France win the 1st Half?,,,finalized,2026-06-16T19:54:51Z,,,,,,,,,,,,,,2026-07-29T11:46:28Z
KXWC1H-26JUN16IRQNOR-TIE,KXWC1H-26JUN16IRQNOR,,Will Tie win the 1st Half?,,,finalized,2026-06-16T22:54:51Z,,,,,,,,,,,,,,2026-07-29T11:46:28Z
KXWC1H-26JUN16IRQNOR-NOR,KXWC1H-26JUN16IRQNOR,,Will Norway win the 1st Half?,,,finalized,2026-06-16T22:54:51Z,,,,,,,,,,,,,,2026-07-29T11:46:28Z
KXWC1H-26JUN16IRQNOR-IRQ,KXWC1H-26JUN16IRQNOR,,Will Iraq win the 1st Half?,,,finalized,2026-06-16T22:54:51Z,,,,,,,,,,,,,,2026-07-29T11:46:28Z
KXWC1H-26JUN16ARGDZA-TIE,KXWC1H-26JUN16ARGDZA,,Will Tie win the 1st Half?,,,finalized,2026-06-17T01:54:51Z,,,,,,,,,,,,,,2026-07-29T11:46:28Z
KXWC1H-26JUN16ARGDZA-DZA,KXWC1H-26JUN16ARGDZA,,Will Algeria win the 1st Half?,,,finalized,2026-06-17T01:54:51Z,,,,,,,,,,,,,,2026-07-29T11:46:28Z
KXWC1H-26JUN16ARGDZA-ARG,KXWC1H-26JUN16ARGDZA,,Will Argentina win the 1st Half?,,,finalized,2026-06-17T01:54:51Z,,,,,,,,,,,,,,2026-07-29T11:46:28Z
KXWC1H-26JUN17AUTJOR-TIE,KXWC1H-26JUN17AUTJOR,,Will Tie win the 1st Half?,,,finalized,2026-06-17T04:54:48Z,,,,,,,,,,,,,,2026-07-29T11:46:28Z
KXWC1H-26JUN17AUTJOR-JOR,KXWC1H-26JUN17AUTJOR,,Will Jordan win the 1st Half?,,,finalized,2026-06-17T04:54:48Z,,,,,,,,,,,,,,2026-07-29T11:46:28Z
KXWC1H-26JUN17AUTJOR-AUT,KXWC1H-26JUN17AUTJOR,,Will Austria win the 1st Half?,,,finalized,2026-06-17T04:54:48Z,,,,,,,,,,,,,,2026-07-29T11:46:28Z
KXWC1H-26JUN17PORCOD-TIE,KXWC1H-26JUN17PORCOD,,Will Tie win the 1st Half?,,,finalized,2026-06-17T17:55:01Z,,,,,,,,,,,,,,2026-07-29T11:46:28Z
KXWC1H-26JUN17PORCOD-POR,KXWC1H-26JUN17PORCOD,,Will Portugal win the 1st Half?,,,finalized,2026-06-17T17:55:01Z,,,,,,,,,,,,,,2026-07-29T11:46:28Z
KXWC1H-26JUN17PORCOD-COD,KXWC1H-26JUN17PORCOD,,Will Congo DR win the 1st Half?,,,finalized,2026-06-17T17:55:01Z,,,,,,,,,,,,,,2026-07-29T11:46:28Z
KXWC1H-26JUN17ENGCRO-TIE,KXWC1H-26JUN17ENGCRO,,Will Tie win the 1st Half?,,,finalized,2026-06-17T20:54:49Z,,,,,,,,,,,,,,2026-07-29T11:46:28Z
KXWC1H-26JUN17ENGCRO-ENG,KXWC1H-26JUN17ENGCRO,,Will England win the 1st Half?,,,finalized,2026-06-17T20:54:49Z,,,,,,,,,,,,,,2026-07-29T11:46:28Z
KXWC1H-26JUN17ENGCRO-CRO,KXWC1H-26JUN17ENGCRO,,Will Croatia win the 1st Half?,,,finalized,2026-06-17T20:54:49Z,,,,,,,,,,,,,,2026-07-29T11:46:28Z
KXWC1H-26JUN17GHAPAN-TIE,KXWC1H-26JUN17GHAPAN,,Will Tie win the 1st Half?,,,finalized,2026-06-17T23:54:58Z,,,,,,,,,,,,,,2026-07-29T11:46:28Z
KXWC1H-26JUN17GHAPAN-PAN,KXWC1H-26JUN17GHAPAN,,Will Panama win the 1st Half?,,,finalized,2026-06-17T23:54:58Z,,,,,,,,,,,,,,2026-07-29T11:46:28Z
KXWC1H-26JUN17GHAPAN-GHA,KXWC1H-26JUN17GHAPAN,,Will Ghana win the 1st Half?,,,finalized,2026-06-17T23:54:58Z,,,,,,,,,,,,,,2026-07-29T11:46:28Z
KXWC1H-26JUN17UZBCOL-UZB,KXWC1H-26JUN17UZBCOL,,Will Uzbekistan win the 1st Half?,,,finalized,2026-06-18T02:50:36Z,,,,,,,,,,,,,,2026-07-29T11:46:28Z
KXWC1H-26JUN17UZBCOL-TIE,KXWC1H-26JUN17UZBCOL,,Will Tie win the 1st Half?,,,finalized,2026-06-18T02:50:36Z,,,,,,,,,,,,,,2026-07-29T11:46:28Z
KXWC1H-26JUN17UZBCOL-COL,KXWC1H-26JUN17UZBCOL,,Will Colombia win the 1st Half?,,,finalized,2026-06-18T02:50:36Z,,,,,,,,,,,,,,2026-07-29T11:46:28Z
KXWC1H-26JUN18CZERSA-TIE,KXWC1H-26JUN18CZERSA,,Will Tie win the 1st Half?,,,finalized,2026-06-18T16:50:42Z,,,,,,,,,,,,,,2026-07-29T11:46:28Z
KXWC1H-26JUN18CZERSA-RSA,KXWC1H-26JUN18CZERSA,,Will South Africa win the 1st Half?,,,finalized,2026-06-18T16:50:42Z,,,,,,,,,,,,,,2026-07-29T11:46:28Z
KXWC1H-26JUN18CZERSA-CZE,KXWC1H-26JUN18CZERSA,,Will Czechia win the 1st Half?,,,finalized,2026-06-18T16:50:42Z,,,,,,,,,,,,,,2026-07-29T11:46:28Z
KXWC1H-26JUN18SUIBIH-TIE,KXWC1H-26JUN18SUIBIH,,Will Tie win the 1st Half?,,,finalized,2026-06-18T19:50:21Z,,,,,,,,,,,,,,2026-07-29T11:46:28Z
KXWC1H-26JUN18SUIBIH-SUI,KXWC1H-26JUN18SUIBIH,,Will Switzerland win the 1st Half?,,,finalized,2026-06-18T19:50:21Z,,,,,,,,,,,,,,2026-07-29T11:46:28Z
KXWC1H-26JUN18SUIBIH-BIH,KXWC1H-26JUN18SUIBIH,,Will Bosnia and Herzegovina win the 1st Half?,,,finalized,2026-06-18T19:50:21Z,,,,,,,,,,,,,,2026-07-29T11:46:28Z
KXWC1H-26JUN18CANQAT-TIE,KXWC1H-26JUN18CANQAT,,Will Tie win the 1st Half?,,,finalized,2026-06-18T22:54:51Z,,,,,,,,,,,,,,2026-07-29T11:46:28Z
KXWC1H-26JUN18CANQAT-QAT,KXWC1H-26JUN18CANQAT,,Will Qatar win the 1st Half?,,,finalized,2026-06-18T22:54:51Z,,,,,,,,,,,,,,2026-07-29T11:46:28Z
KXWC1H-26JUN18CANQAT-CAN,KXWC1H-26JUN18CANQAT,,Will Canada win the 1st Half?,,,finalized,2026-06-18T22:54:51Z,,,,,,,,,,,,,,2026-07-29T11:46:28Z
KXWC1H-26JUN18MEXKOR-TIE,KXWC1H-26JUN18MEXKOR,,Will Tie win the 1st Half?,,,finalized,2026-06-19T01:50:10Z,,,,,,,,,,,,,,2026-07-29T11:46:28Z
KXWC1H-26JUN18MEXKOR-MEX,KXWC1H-26JUN18MEXKOR,,Will Mexico win the 1st Half?,,,finalized,2026-06-19T01:50:10Z,,,,,,,,,,,,,,2026-07-29T11:46:28Z
KXWC1H-26JUN18MEXKOR-KOR,KXWC1H-26JUN18MEXKOR,,Will Republic of Korea win the 1st Half?,,,finalized,2026-06-19T01:50:10Z,,,,,,,,,,,,,,2026-07-29T11:46:28Z
KXWC1H-26JUN19USAAUS-USA,KXWC1H-26JUN19USAAUS,,Will USA win the 1st Half?,,,finalized,2026-06-19T19:54:49Z,,,,,,,,,,,,,,2026-07-29T11:46:28Z
KXWC1H-26JUN19USAAUS-TIE,KXWC1H-26JUN19USAAUS,,Will Tie win the 1st Half?,,,finalized,2026-06-19T19:54:49Z,,,,,,,,,,,,,,2026-07-29T11:46:28Z
KXWC1H-26JUN19USAAUS-AUS,KXWC1H-26JUN19USAAUS,,Will Australia win the 1st Half?,,,finalized,2026-06-19T19:54:49Z,,,,,,,,,,,,,,2026-07-29T11:46:28Z
KXWC1H-26JUN19SCOMAR-TIE,KXWC1H-26JUN19SCOMAR,,Will Tie win the 1st Half?,,,finalized,2026-06-19T22:50:47Z,,,,,,,,,,,,,,2026-07-29T11:46:28Z
KXWC1H-26JUN19SCOMAR-SCO,KXWC1H-26JUN19SCOMAR,,Will Scotland win the 1st Half?,,,finalized,2026-06-19T22:50:47Z,,,,,,,,,,,,,,2026-07-29T11:46:28Z
KXWC1H-26JUN19SCOMAR-MAR,KXWC1H-26JUN19SCOMAR,,Will Morocco win the 1st Half?,,,finalized,2026-06-19T22:50:47Z,,,,,,,,,,,,,,2026-07-29T11:46:28Z
KXWC1H-26JUN19BRAHTI-TIE,KXWC1H-26JUN19BRAHTI,,Will Tie win the 1st Half?,,,finalized,2026-06-20T01:24:55Z,,,,,,,,,,,,,,2026-07-29T11:46:28Z
KXWC1H-26JUN19BRAHTI-HTI,KXWC1H-26JUN19BRAHTI,,Will Haiti win the 1st Half?,,,finalized,2026-06-20T01:24:55Z,,,,,,,,,,,,,,2026-07-29T11:46:28Z
KXWC1H-26JUN19BRAHTI-BRA,KXWC1H-26JUN19BRAHTI,,Will Brazil win the 1st Half?,,,finalized,2026-06-20T01:24:55Z,,,,,,,,,,,,,,2026-07-29T11:46:28Z
KXWC1H-26JUN19TURPAR-TUR,KXWC1H-26JUN19TURPAR,,Will Turkiye win the 1st Half?,,,finalized,2026-06-20T03:54:54Z,,,,,,,,,,,,,,2026-07-29T11:46:28Z
KXWC1H-26JUN19TURPAR-TIE,KXWC1H-26JUN19TURPAR,,Will Tie win the 1st Half?,,,finalized,2026-06-20T03:54:54Z,,,,,,,,,,,,,,2026-07-29T11:46:28Z
KXWC1H-26JUN19TURPAR-PAR,KXWC1H-26JUN19TURPAR,,Will Paraguay win the 1st Half?,,,finalized,2026-06-20T03:54:54Z,,,,,,,,,,,,,,2026-07-29T11:46:28Z
KXWC1H-26JUN20NEDSWE-TIE,KXWC1H-26JUN20NEDSWE,,Will Tie win the 1st Half?,,,finalized,2026-06-20T17:50:14Z,,,,,,,,,,,,,,2026-07-29T11:46:28Z
KXWC1H-26JUN20NEDSWE-SWE,KXWC1H-26JUN20NEDSWE,,Will Sweden win the 1st Half?,,,finalized,2026-06-20T17:50:14Z,,,,,,,,,,,,,,2026-07-29T11:46:28Z
KXWC1H-26JUN20NEDSWE-NED,KXWC1H-26JUN20NEDSWE,,Will Netherlands win the 1st Half?,,,finalized,2026-06-20T17:50:14Z,,,,,,,,,,,,,,2026-07-29T11:46:28Z
KXWC1H-26JUN20GERCIV-TIE,KXWC1H-26JUN20GERCIV,,Will Tie win the 1st Half?,,,finalized,2026-06-20T20:55:00Z,,,,,,,,,,,,,,2026-07-29T11:46:28Z
KXWC1H-26JUN20GERCIV-GER,KXWC1H-26JUN20GERCIV,,Will Germany win the 1st Half?,,,finalized,2026-06-20T20:55:00Z,,,,,,,,,,,,,,2026-07-29T11:46:28Z
KXWC1H-26JUN20GERCIV-CIV,KXWC1H-26JUN20GERCIV,,Will Ivory Coast win the 1st Half?,,,finalized,2026-06-20T20:55:00Z,,,,,,,,,,,,,,2026-07-29T11:46:28Z
KXWC1H-26JUN20ECUCUW-TIE,KXWC1H-26JUN20ECUCUW,,Will Tie win the 1st Half?,,,finalized,2026-06-21T00:50:32Z,,,,,,,,,,,,,,2026-07-29T11:46:28Z
KXWC1H-26JUN20ECUCUW-ECU,KXWC1H-26JUN20ECUCUW,,Will Ecuador win the 1st Half?,,,finalized,2026-06-21T00:50:32Z,,,,,,,,,,,,,,2026-07-29T11:46:28Z
KXWC1H-26JUN20ECUCUW-CUW,KXWC1H-26JUN20ECUCUW,,Will Curacao win the 1st Half?,,,finalized,2026-06-21T00:50:32Z,,,,,,,,,,,,,,2026-07-29T11:46:28Z
KXWC1H-26JUN21TUNJPN-TUN,KXWC1H-26JUN21TUNJPN,,Will Tunisia win the 1st Half?,,,finalized,2026-06-21T04:50:30Z,,,,,,,,,,,,,,2026-07-29T11:46:28Z
KXWC1H-26JUN21TUNJPN-TIE,KXWC1H-26JUN21TUNJPN,,Will Tie win the 1st Half?,,,finalized,2026-06-21T04:50:30Z,,,,,,,,,,,,,,2026-07-29T11:46:28Z
KXWC1H-26JUN21TUNJPN-JPN,KXWC1H-26JUN21TUNJPN,,Will Japan win the 1st Half?,,,finalized,2026-06-21T04:50:30Z,,,,,,,,,,,,,,2026-07-29T11:46:28Z
KXWC1H-26JUN21ESPKSA-TIE,KXWC1H-26JUN21ESPKSA,,Will Tie win the 1st Half?,,,finalized,2026-06-21T16:50:49Z,,,,,,,,,,,,,,2026-07-29T11:46:28Z
KXWC1H-26JUN21ESPKSA-KSA,KXWC1H-26JUN21ESPKSA,,Will Saudi Arabia win the 1st Half?,,,finalized,2026-06-21T16:50:49Z,,,,,,,,,,,,,,2026-07-29T11:46:28Z
KXWC1H-26JUN21ESPKSA-ESP,KXWC1H-26JUN21ESPKSA,,Will Spain win the 1st Half?,,,finalized,2026-06-21T16:50:49Z,,,,,,,,,,,,,,2026-07-29T11:46:28Z
KXWC1H-26JUN21BELIRI-TIE,KXWC1H-26JUN21BELIRI,,Will Tie win the 1st Half?,,,finalized,2026-06-21T19:55:03Z,,,,,,,,,,,,,,2026-07-29T11:46:28Z
KXWC1H-26JUN21BELIRI-IRI,KXWC1H-26JUN21BELIRI,,Will Iran win the 1st Half?,,,finalized,2026-06-21T19:55:03Z,,,,,,,,,,,,,,2026-07-29T11:46:28Z
KXWC1H-26JUN21BELIRI-BEL,KXWC1H-26JUN21BELIRI,,Will Belgium win the 1st Half?,,,finalized,2026-06-21T19:55:03Z,,,,,,,,,,,,,,2026-07-29T11:46:28Z
KXWC1H-26JUN21URUCPV-URU,KXWC1H-26JUN21URUCPV,,Will Uruguay win the 1st Half?,,,finalized,2026-06-21T22:54:51Z,,,,,,,,,,,,,,2026-07-29T11:46:28Z
KXWC1H-26JUN21URUCPV-TIE,KXWC1H-26JUN21URUCPV,,Will Tie win the 1st Half?,,,finalized,2026-06-21T22:54:51Z,,,,,,,,,,,,,,2026-07-29T11:46:28Z
KXWC1H-26JUN21URUCPV-CPV,KXWC1H-26JUN21URUCPV,,Will Cape Verde win the 1st Half?,,,finalized,2026-06-21T22:54:51Z,,,,,,,,,,,,,,2026-07-29T11:46:28Z
KXWC1H-26JUN21NZLEGY-TIE,KXWC1H-26JUN21NZLEGY,,Will Tie win the 1st Half?,,,finalized,2026-06-22T01:49:58Z,,,,,,,,,,,,,,2026-07-29T11:46:28Z
KXWC1H-26JUN21NZLEGY-NZL,KXWC1H-26JUN21NZLEGY,,Will New Zealand win the 1st Half?,,,finalized,2026-06-22T01:49:58Z,,,,,,,,,,,,,,2026-07-29T11:46:28Z
KXWC1H-26JUN21NZLEGY-EGY,KXWC1H-26JUN21NZLEGY,,Will Egypt win the 1st Half?,,,finalized,2026-06-22T01:49:58Z,,,,,,,,,,,,,,2026-07-29T11:46:28Z
KXWC1H-26JUN22ARGAUT-TIE,KXWC1H-26JUN22ARGAUT,,Will Tie win the 1st Half?,,,finalized,2026-06-22T17:54:43Z,,,,,,,,,,,,,,2026-07-29T11:46:28Z
KXWC1H-26JUN22ARGAUT-AUT,KXWC1H-26JUN22ARGAUT,,Will Austria win the 1st Half?,,,finalized,2026-06-22T17:54:43Z,,,,,,,,,,,,,,2026-07-29T11:46:28Z
KXWC1H-26JUN22ARGAUT-ARG,KXWC1H-26JUN22ARGAUT,,Will Argentina win the 1st Half?,,,finalized,2026-06-22T17:54:43Z,,,,,,,,,,,,,,2026-07-29T11:46:28Z
KXWC1H-26JUN22FRAIRQ-TIE,KXWC1H-26JUN22FRAIRQ,,Will Tie win the 1st Half?,,,finalized,2026-06-22T21:49:55Z,,,,,,,,,,,,,,2026-07-29T11:46:28Z
KXWC1H-26JUN22FRAIRQ-IRQ,KXWC1H-26JUN22FRAIRQ,,Will Iraq win the 1st Half?,,,finalized,2026-06-22T21:49:55Z,,,,,,,,,,,,,,2026-07-29T11:46:28Z
KXWC1H-26JUN22FRAIRQ-FRA,KXWC1H-26JUN22FRAIRQ,,Will France win the 1st Half?,,,finalized,2026-06-22T21:49:55Z,,,,,,,,,,,,,,2026-07-29T11:46:28Z
KXWC1H-26JUN22NORSEN-TIE,KXWC1H-26JUN22NORSEN,,Will Tie win the 1st Half?,,,finalized,2026-06-23T00:49:56Z,,,,,,,,,,,,,,2026-07-29T11:46:28Z
KXWC1H-26JUN22NORSEN-SEN,KXWC1H-26JUN22NORSEN,,Will Senegal win the 1st Half?,,,finalized,2026-06-23T00:49:56Z,,,,,,,,,,,,,,2026-07-29T11:46:28Z
KXWC1H-26JUN22NORSEN-NOR,KXWC1H-26JUN22NORSEN,,Will Norway win the 1st Half?,,,finalized,2026-06-23T00:49:56Z,,,,,,,,,,,,,,2026-07-29T11:46:28Z
KXWC1H-26JUN22JORDZA-TIE,KXWC1H-26JUN22JORDZA,,Will Tie win the 1st Half?,,,finalized,2026-06-23T03:50:14Z,,,,,,,,,,,,,,2026-07-29T11:46:28Z
KXWC1H-26JUN22JORDZA-JOR,KXWC1H-26JUN22JORDZA,,Will Jordan win the 1st Half?,,,finalized,2026-06-23T03:50:14Z,,,,,,,,,,,,,,2026-07-29T11:46:28Z
KXWC1H-26JUN22JORDZA-DZA,KXWC1H-26JUN22JORDZA,,Will Algeria win the 1st Half?,,,finalized,2026-06-23T03:50:14Z,,,,,,,,,,,,,,2026-07-29T11:46:28Z
KXWC1H-26JUN23PORUZB-UZB,KXWC1H-26JUN23PORUZB,,Will Uzbekistan win the 1st Half?,,,finalized,2026-06-23T17:54:42Z,,,,,,,,,,,,,,2026-07-29T11:46:28Z
KXWC1H-26JUN23PORUZB-TIE,KXWC1H-26JUN23PORUZB,,Will Tie win the 1st Half?,,,finalized,2026-06-23T17:54:42Z,,,,,,,,,,,,,,2026-07-29T11:46:28Z
KXWC1H-26JUN23PORUZB-POR,KXWC1H-26JUN23PORUZB,,Will Portugal win the 1st Half?,,,finalized,2026-06-23T17:54:42Z,,,,,,,,,,,,,,2026-07-29T11:46:28Z
KXWC1H-26JUN23ENGGHA-TIE,KXWC1H-26JUN23ENGGHA,,Will Tie win the 1st Half?,,,finalized,2026-06-23T20:54:47Z,,,,,,,,,,,,,,2026-07-29T11:46:28Z
KXWC1H-26JUN23ENGGHA-GHA,KXWC1H-26JUN23ENGGHA,,Will Ghana win the 1st Half?,,,finalized,2026-06-23T20:54:47Z,,,,,,,,,,,,,,2026-07-29T11:46:28Z
KXWC1H-26JUN23ENGGHA-ENG,KXWC1H-26JUN23ENGGHA,,Will England win the 1st Half?,,,finalized,2026-06-23T20:54:47Z,,,,,,,,,,,,,,2026-07-29T11:46:28Z
KXWC1H-26JUN23PANCRO-TIE,KXWC1H-26JUN23PANCRO,,Will Tie win the 1st Half?,,,finalized,2026-06-23T23:49:57Z,,,,,,,,,,,,,,2026-07-29T11:46:28Z
KXWC1H-26JUN23PANCRO-PAN,KXWC1H-26JUN23PANCRO,,Will Panama win the 1st Half?,,,finalized,2026-06-23T23:49:57Z,,,,,,,,,,,,,,2026-07-29T11:46:28Z
KXWC1H-26JUN23PANCRO-CRO,KXWC1H-26JUN23PANCRO,,Will Croatia win the 1st Half?,,,finalized,2026-06-23T23:49:57Z,,,,,,,,,,,,,,2026-07-29T11:46:28Z
KXWC1H-26JUN23COLCOD-TIE,KXWC1H-26JUN23COLCOD,,Will Tie win the 1st Half?,,,finalized,2026-06-24T02:49:51Z,,,,,,,,,,,,,,2026-07-29T11:46:28Z
KXWC1H-26JUN23COLCOD-COL,KXWC1H-26JUN23COLCOD,,Will Colombia win the 1st Half?,,,finalized,2026-06-24T02:49:51Z,,,,,,,,,,,,,,2026-07-29T11:46:28Z
KXWC1H-26JUN23COLCOD-COD,KXWC1H-26JUN23COLCOD,,Will Congo DR win the 1st Half?,,,finalized,2026-06-24T02:49:51Z,,,,,,,,,,,,,,2026-07-29T11:46:28Z
KXWC1H-26JUN24BIHQAT-TIE,KXWC1H-26JUN24BIHQAT,,Will Tie win the 1st Half?,,,finalized,2026-06-24T19:54:40Z,,,,,,,,,,,,,,2026-07-29T11:46:28Z
KXWC1H-26JUN24BIHQAT-QAT,KXWC1H-26JUN24BIHQAT,,Will Qatar win the 1st Half?,,,finalized,2026-06-24T19:54:40Z,,,,,,,,,,,,,,2026-07-29T11:46:28Z
KXWC1H-26JUN24BIHQAT-BIH,KXWC1H-26JUN24BIHQAT,,Will Bosnia and Herzegovina win the 1st Half?,,,finalized,2026-06-24T19:54:40Z,,,,,,,,,,,,,,2026-07-29T11:46:28Z
KXWC1H-26JUN24SUICAN-TIE,KXWC1H-26JUN24SUICAN,,Will Tie win the 1st Half?,,,finalized,2026-06-24T19:49:52Z,,,,,,,,,,,,,,2026-07-29T11:46:28Z
KXWC1H-26JUN24SUICAN-SUI,KXWC1H-26JUN24SUICAN,,Will Switzerland win the 1st Half?,,,finalized,2026-06-24T19:49:52Z,,,,,,,,,,,,,,2026-07-29T11:46:28Z
KXWC1H-26JUN24SUICAN-CAN,KXWC1H-26JUN24SUICAN,,Will Canada win the 1st Half?,,,finalized,2026-06-24T19:49:52Z,,,,,,,,,,,,,,2026-07-29T11:46:28Z
KXWC1H-26JUN24MARHTI-TIE,KXWC1H-26JUN24MARHTI,,Will Tie win the 1st Half?,Tie,,finalized,2026-06-24T22:54:45Z,,,,,,,,,,,,,,2026-07-29T11:46:28Z
KXWC1H-26JUN24MARHTI-MAR,KXWC1H-26JUN24MARHTI,,Will Morocco win the 1st Half?,Morocco,,finalized,2026-06-24T22:54:45Z,,,,,,,,,,,,,,2026-07-29T11:46:28Z
KXWC1H-26JUN24MARHTI-HTI,KXWC1H-26JUN24MARHTI,,Will Haiti win the 1st Half?,Haiti,,finalized,2026-06-24T22:54:45Z,,,,,,,,,,,,,,2026-07-29T11:46:28Z
KXWC1H-26JUN24SCOBRA-TIE,KXWC1H-26JUN24SCOBRA,,Will Tie win the 1st Half?,Tie,,finalized,2026-06-24T22:54:44Z,,,,,,,,,,,,,,2026-07-29T11:46:28Z
KXWC1H-26JUN24SCOBRA-SCO,KXWC1H-26JUN24SCOBRA,,Will Scotland win the 1st Half?,Scotland,,finalized,2026-06-24T22:54:44Z,,,,,,,,,,,,,,2026-07-29T11:46:28Z
KXWC1H-26JUN24SCOBRA-BRA,KXWC1H-26JUN24SCOBRA,,Will Brazil win the 1st Half?,Brazil,,finalized,2026-06-24T22:54:44Z,,,,,,,,,,,,,,2026-07-29T11:46:28Z
KXWC1H-26JUN24CZEMEX-TIE,KXWC1H-26JUN24CZEMEX,,Will Tie win the 1st Half?,Tie,,finalized,2026-06-25T01:49:52Z,,,,,,,,,,,,,,2026-07-29T11:46:28Z
KXWC1H-26JUN24CZEMEX-MEX,KXWC1H-26JUN24CZEMEX,,Will Mexico win the 1st Half?,Mexico,,finalized,2026-06-25T01:49:52Z,,,,,,,,,,,,,,2026-07-29T11:46:28Z
KXWC1H-26JUN24CZEMEX-CZE,KXWC1H-26JUN24CZEMEX,,Will Czechia win the 1st Half?,Czechia,,finalized,2026-06-25T01:49:52Z,,,,,,,,,,,,,,2026-07-29T11:46:28Z
KXWC1H-26JUN24RSAKOR-TIE,KXWC1H-26JUN24RSAKOR,,Will Tie win the 1st Half?,Tie,,finalized,2026-06-25T01:49:52Z,,,,,,,,,,,,,,2026-07-29T11:46:28Z
KXWC1H-26JUN24RSAKOR-RSA,KXWC1H-26JUN24RSAKOR,,Will South Africa win the 1st Half?,South Africa,,finalized,2026-06-25T01:49:52Z,,,,,,,,,,,,,,2026-07-29T11:46:28Z
KXWC1H-26JUN24RSAKOR-KOR,KXWC1H-26JUN24RSAKOR,,Will Republic of Korea win the 1st Half?,Republic of Korea,,finalized,2026-06-25T01:49:52Z,,,,,,,,,,,,,,2026-07-29T11:46:28Z
KXWC1H-26JUN25CUWCIV-TIE,KXWC1H-26JUN25CUWCIV,,Will Tie win the 1st Half?,Tie,,finalized,2026-06-25T20:49:59Z,,,,,,,,,,,,,,2026-07-29T11:46:28Z
KXWC1H-26JUN25CUWCIV-CUW,KXWC1H-26JUN25CUWCIV,,Will Curacao win the 1st Half?,Curacao,,finalized,2026-06-25T20:49:59Z,,,,,,,,,,,,,,2026-07-29T11:46:28Z
KXWC1H-26JUN25CUWCIV-CIV,KXWC1H-26JUN25CUWCIV,,Will Ivory Coast win the 1st Half?,Ivory Coast,,finalized,2026-06-25T20:49:59Z,,,,,,,,,,,,,,2026-07-29T11:46:28Z
KXWC1H-26JUN25ECUGER-TIE,KXWC1H-26JUN25ECUGER,,Will Tie win the 1st Half?,Tie,,finalized,2026-06-25T20:49:59Z,,,,,,,,,,,,,,2026-07-29T11:46:28Z
KXWC1H-26JUN25ECUGER-GER,KXWC1H-26JUN25ECUGER,,Will Germany win the 1st Half?,Germany,,finalized,2026-06-25T20:49:59Z,,,,,,,,,,,,,,2026-07-29T11:46:28Z
KXWC1H-26JUN25ECUGER-ECU,KXWC1H-26JUN25ECUGER,,Will Ecuador win the 1st Half?,Ecuador,,finalized,2026-06-25T20:49:59Z,,,,,,,,,,,,,,2026-07-29T11:46:28Z
KXWC1H-26JUN25JPNSWE-TIE,KXWC1H-26JUN25JPNSWE,,Will Tie win the 1st Half?,Tie,,finalized,2026-06-25T23:49:59Z,,,,,,,,,,,,,,2026-07-29T11:46:28Z
KXWC1H-26JUN25JPNSWE-SWE,KXWC1H-26JUN25JPNSWE,,Will Sweden win the 1st Half?,Sweden,,finalized,2026-06-25T23:49:59Z,,,,,,,,,,,,,,2026-07-29T11:46:28Z
KXWC1H-26JUN25JPNSWE-JPN,KXWC1H-26JUN25JPNSWE,,Will Japan win the 1st Half?,Japan,,finalized,2026-06-25T23:49:59Z,,,,,,,,,,,,,,2026-07-29T11:46:28Z
KXWC1H-26JUN25TUNNED-TUN,KXWC1H-26JUN25TUNNED,,Will Tunisia win the 1st Half?,Tunisia,,finalized,2026-06-25T23:49:58Z,,,,,,,,,,,,,,2026-07-29T11:46:28Z
KXWC1H-26JUN25TUNNED-TIE,KXWC1H-26JUN25TUNNED,,Will Tie win the 1st Half?,Tie,,finalized,2026-06-25T23:49:58Z,,,,,,,,,,,,,,2026-07-29T11:46:28Z
KXWC1H-26JUN25TUNNED-NED,KXWC1H-26JUN25TUNNED,,Will Netherlands win the 1st Half?,Netherlands,,finalized,2026-06-25T23:49:58Z,,,,,,,,,,,,,,2026-07-29T11:46:28Z
KXWC1H-26JUN25PARAUS-TIE,KXWC1H-26JUN25PARAUS,,Will Tie win the 1st Half?,Tie,,finalized,2026-06-26T02:51:03Z,,,,,,,,,,,,,,2026-07-29T11:46:28Z
KXWC1H-26JUN25PARAUS-PAR,KXWC1H-26JUN25PARAUS,,Will Paraguay win the 1st Half?,Paraguay,,finalized,2026-06-26T02:51:03Z,,,,,,,,,,,,,,2026-07-29T11:46:28Z
KXWC1H-26JUN25PARAUS-AUS,KXWC1H-26JUN25PARAUS,,Will Australia win the 1st Half?,Australia,,finalized,2026-06-26T02:51:03Z,,,,,,,,,,,,,,2026-07-29T11:46:28Z
KXWC1H-26JUN25TURUSA-USA,KXWC1H-26JUN25TURUSA,,Will USA win the 1st Half?,USA,,finalized,2026-06-26T02:51:02Z,,,,,,,,,,,,,,2026-07-29T11:46:28Z
KXWC1H-26JUN25TURUSA-TUR,KXWC1H-26JUN25TURUSA,,Will Turkiye win the 1st Half?,Turkiye,,finalized,2026-06-26T02:51:02Z,,,,,,,,,,,,,,2026-07-29T11:46:28Z
KXWC1H-26JUN25TURUSA-TIE,KXWC1H-26JUN25TURUSA,,Will Tie win the 1st Half?,Tie,,finalized,2026-06-26T02:51:02Z,,,,,,,,,,,,,,2026-07-29T11:46:28Z
KXWC1H-26JUN26NORFRA-TIE,KXWC1H-26JUN26NORFRA,,Will Tie win the 1st Half?,Tie,,finalized,2026-06-26T19:54:43Z,,,,,,,,,,,,,,2026-07-29T11:46:28Z
KXWC1H-26JUN26NORFRA-NOR,KXWC1H-26JUN26NORFRA,,Will Norway win the 1st Half?,Norway,,finalized,2026-06-26T19:54:43Z,,,,,,,,,,,,,,2026-07-29T11:46:28Z
KXWC1H-26JUN26NORFRA-FRA,KXWC1H-26JUN26NORFRA,,Will France win the 1st Half?,France,,finalized,2026-06-26T19:54:43Z,,,,,,,,,,,,,,2026-07-29T11:46:28Z
KXWC1H-26JUN26SENIRQ-TIE,KXWC1H-26JUN26SENIRQ,,Will Tie win the 1st Half?,Tie,,finalized,2026-06-26T20:00:04Z,,,,,,,,,,,,,,2026-07-29T11:46:28Z
KXWC1H-26JUN26SENIRQ-SEN,KXWC1H-26JUN26SENIRQ,,Will Senegal win the 1st Half?,Senegal,,finalized,2026-06-26T20:00:04Z,,,,,,,,,,,,,,2026-07-29T11:46:28Z
KXWC1H-26JUN26SENIRQ-IRQ,KXWC1H-26JUN26SENIRQ,,Will Iraq win the 1st Half?,Iraq,,finalized,2026-06-26T20:00:04Z,,,,,,,,,,,,,,2026-07-29T11:46:28Z
KXWC1H-26JUN26CPVKSA-TIE,KXWC1H-26JUN26CPVKSA,,Will Tie win the 1st Half?,Tie,,finalized,2026-06-27T00:54:45Z,,,,,,,,,,,,,,2026-07-29T11:46:28Z
KXWC1H-26JUN26CPVKSA-KSA,KXWC1H-26JUN26CPVKSA,,Will Saudi Arabia win the 1st Half?,Saudi Arabia,,finalized,2026-06-27T00:54:45Z,,,,,,,,,,,,,,2026-07-29T11:46:28Z
KXWC1H-26JUN26CPVKSA-CPV,KXWC1H-26JUN26CPVKSA,,Will Cape Verde win the 1st Half?,Cape Verde,,finalized,2026-06-27T00:54:45Z,,,,,,,,,,,,,,2026-07-29T11:46:28Z
KXWC1H-26JUN26URUESP-URU,KXWC1H-26JUN26URUESP,,Will Uruguay win the 1st Half?,Uruguay,,finalized,2026-06-27T00:54:45Z,,,,,,,,,,,,,,2026-07-29T11:46:28Z
KXWC1H-26JUN26URUESP-TIE,KXWC1H-26JUN26URUESP,,Will Tie win the 1st Half?,Tie,,finalized,2026-06-27T00:54:45Z,,,,,,,,,,,,,,2026-07-29T11:46:28Z
KXWC1H-26JUN26URUESP-ESP,KXWC1H-26JUN26URUESP,,Will Spain win the 1st Half?,Spain,,finalized,2026-06-27T00:54:45Z,,,,,,,,,,,,,,2026-07-29T11:46:28Z
KXWC1H-26JUN26EGYIRI-TIE,KXWC1H-26JUN26EGYIRI,,Will Tie win the 1st Half?,Tie,,finalized,2026-06-27T03:54:43Z,,,,,,,,,,,,,,2026-07-29T11:46:28Z
KXWC1H-26JUN26EGYIRI-IRI,KXWC1H-26JUN26EGYIRI,,Will Iran win the 1st Half?,Iran,,finalized,2026-06-27T03:54:43Z,,,,,,,,,,,,,,2026-07-29T11:46:28Z
KXWC1H-26JUN26EGYIRI-EGY,KXWC1H-26JUN26EGYIRI,,Will Egypt win the 1st Half?,Egypt,,finalized,2026-06-27T03:54:43Z,,,,,,,,,,,,,,2026-07-29T11:46:28Z
KXWC1H-26JUN26NZLBEL-TIE,KXWC1H-26JUN26NZLBEL,,Will Tie win the 1st Half?,Tie,,finalized,2026-06-27T03:54:42Z,,,,,,,,,,,,,,2026-07-29T11:46:28Z
KXWC1H-26JUN26NZLBEL-NZL,KXWC1H-26JUN26NZLBEL,,Will New Zealand win the 1st Half?,New Zealand,,finalized,2026-06-27T03:54:42Z,,,,,,,,,,,,,,2026-07-29T11:46:28Z
KXWC1H-26JUN26NZLBEL-BEL,KXWC1H-26JUN26NZLBEL,,Will Belgium win the 1st Half?,Belgium,,finalized,2026-06-27T03:54:42Z,,,,,,,,,,,,,,2026-07-29T11:46:28Z
KXWC1H-26JUN27CROGHA-TIE,KXWC1H-26JUN27CROGHA,,Will Tie win the 1st Half?,Tie,,finalized,2026-06-27T21:49:57Z,,,,,,,,,,,,,,2026-07-29T11:46:28Z
KXWC1H-26JUN27CROGHA-GHA,KXWC1H-26JUN27CROGHA,,Will Ghana win the 1st Half?,Ghana,,finalized,2026-06-27T21:49:57Z,,,,,,,,,,,,,,2026-07-29T11:46:28Z
KXWC1H-26JUN27CROGHA-CRO,KXWC1H-26JUN27CROGHA,,Will Croatia win the 1st Half?,Croatia,,finalized,2026-06-27T21:49:57Z,,,,,,,,,,,,,,2026-07-29T11:46:28Z
KXWC1H-26JUN27PANENG-TIE,KXWC1H-26JUN27PANENG,,Will Tie win the 1st Half?,Tie,,finalized,2026-06-27T21:49:56Z,,,,,,,,,,,,,,2026-07-29T11:46:28Z
KXWC1H-26JUN27PANENG-PAN,KXWC1H-26JUN27PANENG,,Will Panama win the 1st Half?,Panama,,finalized,2026-06-27T21:49:56Z,,,,,,,,,,,,,,2026-07-29T11:46:28Z
KXWC1H-26JUN27PANENG-ENG,KXWC1H-26JUN27PANENG,,Will England win the 1st Half?,England,,finalized,2026-06-27T21:49:56Z,,,,,,,,,,,,,,2026-07-29T11:46:28Z
KXWC1H-26JUN27CODUZB-UZB,KXWC1H-26JUN27CODUZB,,Will Uzbekistan win the 1st Half?,Uzbekistan,,finalized,2026-06-28T00:24:40Z,,,,,,,,,,,,,,2026-07-29T11:46:28Z
KXWC1H-26JUN27CODUZB-TIE,KXWC1H-26JUN27CODUZB,,Will Tie win the 1st Half?,Tie,,finalized,2026-06-28T00:24:40Z,,,,,,,,,,,,,,2026-07-29T11:46:28Z
KXWC1H-26JUN27CODUZB-COD,KXWC1H-26JUN27CODUZB,,Will Congo DR win the 1st Half?,Congo DR,,finalized,2026-06-28T00:24:40Z,,,,,,,,,,,,,,2026-07-29T11:46:28Z
KXWC1H-26JUN27COLPOR-TIE,KXWC1H-26JUN27COLPOR,,Will Tie win the 1st Half?,Tie,,finalized,2026-06-28T00:19:53Z,,,,,,,,,,,,,,2026-07-29T11:46:28Z
KXWC1H-26JUN27COLPOR-POR,KXWC1H-26JUN27COLPOR,,Will Portugal win the 1st Half?,Portugal,,finalized,2026-06-28T00:19:53Z,,,,,,,,,,,,,,2026-07-29T11:46:28Z
KXWC1H-26JUN27COLPOR-COL,KXWC1H-26JUN27COLPOR,,Will Colombia win the 1st Half?,Colombia,,finalized,2026-06-28T00:19:53Z,,,,,,,,,,,,,,2026-07-29T11:46:28Z
KXWC1H-26JUN27DZAAUT-TIE,KXWC1H-26JUN27DZAAUT,,Will Tie win the 1st Half?,Tie,,finalized,2026-06-28T02:49:57Z,,,,,,,,,,,,,,2026-07-29T11:46:28Z
KXWC1H-26JUN27DZAAUT-DZA,KXWC1H-26JUN27DZAAUT,,Will Algeria win the 1st Half?,Algeria,,finalized,2026-06-28T02:49:57Z,,,,,,,,,,,,,,2026-07-29T11:46:28Z
KXWC1H-26JUN27DZAAUT-AUT,KXWC1H-26JUN27DZAAUT,,Will Austria win the 1st Half?,Austria,,finalized,2026-06-28T02:49:57Z,,,,,,,,,,,,,,2026-07-29T11:46:28Z
KXWC1H-26JUN27JORARG-TIE,KXWC1H-26JUN27JORARG,,Will Tie win the 1st Half?,Tie,,finalized,2026-06-28T02:49:57Z,,,,,,,,,,,,,,2026-07-29T11:46:28Z
KXWC1H-26JUN27JORARG-JOR,KXWC1H-26JUN27JORARG,,Will Jordan win the 1st Half?,Jordan,,finalized,2026-06-28T02:49:57Z,,,,,,,,,,,,,,2026-07-29T11:46:28Z
KXWC1H-26JUN27JORARG-ARG,KXWC1H-26JUN27JORARG,,Will Argentina win the 1st Half?,Argentina,,finalized,2026-06-28T02:49:57Z,,,,,,,,,,,,,,2026-07-29T11:46:28Z
KXWC1HTOTAL-26JUL18FRAENG-4,KXWC1HTOTAL-26JUL18FRAENG,,Over 3.5 1H goals scored?,,,finalized,2026-07-18T21:54:19Z,,,,,,,,,,,,,,2026-07-29T11:46:28Z
KXWC1HTOTAL-26JUL18FRAENG-3,KXWC1HTOTAL-26JUL18FRAENG,,Over 2.5 1H goals scored?,,,finalized,2026-07-18T21:54:19Z,,,,,,,,,,,,,,2026-07-29T11:46:28Z
KXWC1HTOTAL-26JUL18FRAENG-2,KXWC1HTOTAL-26JUL18FRAENG,,Over 1.5 1H goals scored?,,,finalized,2026-07-18T21:54:19Z,,,,,,,,,,,,,,2026-07-29T11:46:28Z
KXWC1HTOTAL-26JUL18FRAENG-1,KXWC1HTOTAL-26JUL18FRAENG,,Over 0.5 1H goals scored?,,,finalized,2026-07-18T21:54:19Z,,,,,,,,,,,,,,2026-07-29T11:46:28Z
KXWC1HTOTAL-26JUL19ESPARG-4,KXWC1HTOTAL-26JUL19ESPARG,,Over 3.5 1H goals scored?,,,finalized,2026-07-19T19:58:51Z,,,,,,,,,,,,,,2026-07-29T11:46:28Z
KXWC1HTOTAL-26JUL19ESPARG-3,KXWC1HTOTAL-26JUL19ESPARG,,Over 2.5 1H goals scored?,,,finalized,2026-07-19T19:58:51Z,,,,,,,,,,,,,,2026-07-29T11:46:28Z
KXWC1HTOTAL-26JUL19ESPARG-2,KXWC1HTOTAL-26JUL19ESPARG,,Over 1.5 1H goals scored?,,,finalized,2026-07-19T19:58:51Z,,,,,,,,,,,,,,2026-07-29T11:46:28Z
KXWC1HTOTAL-26JUL19ESPARG-1,KXWC1HTOTAL-26JUL19ESPARG,,Over 0.5 1H goals scored?,,,finalized,2026-07-19T19:58:50Z,,,,,,,,,,,,,,2026-07-29T11:46:28Z
KXWC1HTOTAL-26JUL15ENGARG-4,KXWC1HTOTAL-26JUL15ENGARG,,Over 3.5 1H goals scored?,,,finalized,2026-07-15T19:50:09Z,,,,,,,,,,,,,,2026-07-29T11:46:28Z
KXWC1HTOTAL-26JUL15ENGARG-3,KXWC1HTOTAL-26JUL15ENGARG,,Over 2.5 1H goals scored?,,,finalized,2026-07-15T19:50:08Z,,,,,,,,,,,,,,2026-07-29T11:46:28Z
KXWC1HTOTAL-26JUL15ENGARG-2,KXWC1HTOTAL-26JUL15ENGARG,,Over 1.5 1H goals scored?,,,finalized,2026-07-15T19:50:08Z,,,,,,,,,,,,,,2026-07-29T11:46:28Z
KXWC1HTOTAL-26JUL15ENGARG-1,KXWC1HTOTAL-26JUL15ENGARG,,Over 0.5 1H goals scored?,,,finalized,2026-07-15T19:50:08Z,,,,,,,,,,,,,,2026-07-29T11:46:28Z
KXWC1HTOTAL-26JUL14FRAESP-4,KXWC1HTOTAL-26JUL14FRAESP,,Over 3.5 1H goals scored?,,,finalized,2026-07-14T19:55:04Z,,,,,,,,,,,,,,2026-07-29T11:46:28Z
KXWC1HTOTAL-26JUL14FRAESP-3,KXWC1HTOTAL-26JUL14FRAESP,,Over 2.5 1H goals scored?,,,finalized,2026-07-14T19:55:04Z,,,,,,,,,,,,,,2026-07-29T11:46:28Z
KXWC1HTOTAL-26JUL14FRAESP-2,KXWC1HTOTAL-26JUL14FRAESP,,Over 1.5 1H goals scored?,,,finalized,2026-07-14T19:55:03Z,,,,,,,,,,,,,,2026-07-29T11:46:28Z
KXWC1HTOTAL-26JUL14FRAESP-1,KXWC1HTOTAL-26JUL14FRAESP,,Over 0.5 1H goals scored?,,,finalized,2026-07-14T19:55:03Z,,,,,,,,,,,,,,2026-07-29T11:46:28Z
KXWC1HTOTAL-26JUL11ARGSUI-4,KXWC1HTOTAL-26JUL11ARGSUI,,Over 3.5 1H goals scored?,,,finalized,2026-07-12T01:50:06Z,,,,,,,,,,,,,,2026-07-29T11:46:28Z
KXWC1HTOTAL-26JUL11ARGSUI-3,KXWC1HTOTAL-26JUL11ARGSUI,,Over 2.5 1H goals scored?,,,finalized,2026-07-12T01:50:06Z,,,,,,,,,,,,,,2026-07-29T11:46:28Z
KXWC1HTOTAL-26JUL11ARGSUI-2,KXWC1HTOTAL-26JUL11ARGSUI,,Over 1.5 1H goals scored?,,,finalized,2026-07-12T01:50:05Z,,,,,,,,,,,,,,2026-07-29T11:46:28Z
KXWC1HTOTAL-26JUL11ARGSUI-1,KXWC1HTOTAL-26JUL11ARGSUI,,Over 0.5 1H goals scored?,,,finalized,2026-07-12T01:50:05Z,,,,,,,,,,,,,,2026-07-29T11:46:28Z
KXWC1HTOTAL-26JUL10ESPBEL-4,KXWC1HTOTAL-26JUL10ESPBEL,,Over 3.5 1H goals scored?,,,finalized,2026-07-10T19:50:13Z,,,,,,,,,,,,,,2026-07-29T11:46:28Z
KXWC1HTOTAL-26JUL10ESPBEL-3,KXWC1HTOTAL-26JUL10ESPBEL,,Over 2.5 1H goals scored?,,,finalized,2026-07-10T19:50:13Z,,,,,,,,,,,,,,2026-07-29T11:46:28Z
KXWC1HTOTAL-26JUL10ESPBEL-2,KXWC1HTOTAL-26JUL10ESPBEL,,Over 1.5 1H goals scored?,,,finalized,2026-07-10T19:50:13Z,,,,,,,,,,,,,,2026-07-29T11:46:28Z
KXWC1HTOTAL-26JUL10ESPBEL-1,KXWC1HTOTAL-26JUL10ESPBEL,,Over 0.5 1H goals scored?,,,finalized,2026-07-10T19:50:13Z,,,,,,,,,,,,,,2026-07-29T11:46:28Z
KXWC1HTOTAL-26JUL11NORENG-4,KXWC1HTOTAL-26JUL11NORENG,,Over 3.5 1H goals scored?,,,finalized,2026-07-11T21:50:27Z,,,,,,,,,,,,,,2026-07-29T11:46:28Z
KXWC1HTOTAL-26JUL11NORENG-3,KXWC1HTOTAL-26JUL11NORENG,,Over 2.5 1H goals scored?,,,finalized,2026-07-11T21:50:27Z,,,,,,,,,,,,,,2026-07-29T11:46:28Z
KXWC1HTOTAL-26JUL11NORENG-2,KXWC1HTOTAL-26JUL11NORENG,,Over 1.5 1H goals scored?,,,finalized,2026-07-11T21:50:27Z,,,,,,,,,,,,,,2026-07-29T11:46:28Z
KXWC1HTOTAL-26JUL11NORENG-1,KXWC1HTOTAL-26JUL11NORENG,,Over 0.5 1H goals scored?,,,finalized,2026-07-11T21:50:27Z,,,,,,,,,,,,,,2026-07-29T11:46:28Z
KXWC1HTOTAL-26JUL09FRAMAR-4,KXWC1HTOTAL-26JUL09FRAMAR,,Over 3.5 1H goals scored?,,,finalized,2026-07-09T20:50:12Z,,,,,,,,,,,,,,2026-07-29T11:46:28Z
KXWC1HTOTAL-26JUL09FRAMAR-3,KXWC1HTOTAL-26JUL09FRAMAR,,Over 2.5 1H goals scored?,,,finalized,2026-07-09T20:50:12Z,,,,,,,,,,,,,,2026-07-29T11:46:28Z
KXWC1HTOTAL-26JUL09FRAMAR-2,KXWC1HTOTAL-26JUL09FRAMAR,,Over 1.5 1H goals scored?,,,finalized,2026-07-09T20:50:11Z,,,,,,,,,,,,,,2026-07-29T11:46:28Z
KXWC1HTOTAL-26JUL09FRAMAR-1,KXWC1HTOTAL-26JUL09FRAMAR,,Over 0.5 1H goals scored?,,,finalized,2026-07-09T20:50:11Z,,,,,,,,,,,,,,2026-07-29T11:46:28Z
KXWC1HTOTAL-26JUL07SUICOL-4,KXWC1HTOTAL-26JUL07SUICOL,,Over 3.5 1H goals scored?,,,finalized,2026-07-07T20:50:14Z,,,,,,,,,,,,,,2026-07-29T11:46:28Z
KXWC1HTOTAL-26JUL07SUICOL-3,KXWC1HTOTAL-26JUL07SUICOL,,Over 2.5 1H goals scored?,,,finalized,2026-07-07T20:50:13Z,,,,,,,,,,,,,,2026-07-29T11:46:28Z
KXWC1HTOTAL-26JUL07SUICOL-2,KXWC1HTOTAL-26JUL07SUICOL,,Over 1.5 1H goals scored?,,,finalized,2026-07-07T20:50:13Z,,,,,,,,,,,,,,2026-07-29T11:46:28Z
KXWC1HTOTAL-26JUL07SUICOL-1,KXWC1HTOTAL-26JUL07SUICOL,,Over 0.5 1H goals scored?,,,finalized,2026-07-07T20:50:13Z,,,,,,,,,,,,,,2026-07-29T11:46:28Z
KXWC1HTOTAL-26JUL07ARGEGY-4,KXWC1HTOTAL-26JUL07ARGEGY,,Over 3.5 1H goals scored?,,,finalized,2026-07-07T16:55:05Z,,,,,,,,,,,,,,2026-07-29T11:46:28Z
KXWC1HTOTAL-26JUL07ARGEGY-3,KXWC1HTOTAL-26JUL07ARGEGY,,Over 2.5 1H goals scored?,,,finalized,2026-07-07T16:55:04Z,,,,,,,,,,,,,,2026-07-29T11:46:28Z
KXWC1HTOTAL-26JUL07ARGEGY-2,KXWC1HTOTAL-26JUL07ARGEGY,,Over 1.5 1H goals scored?,,,finalized,2026-07-07T16:55:04Z,,,,,,,,,,,,,,2026-07-29T11:46:28Z
KXWC1HTOTAL-26JUL07ARGEGY-1,KXWC1HTOTAL-26JUL07ARGEGY,,Over 0.5 1H goals scored?,,,finalized,2026-07-07T16:55:04Z,,,,,,,,,,,,,,2026-07-29T11:46:28Z
KXWC1HTOTAL-26JUL06PORESP-4,KXWC1HTOTAL-26JUL06PORESP,,Over 3.5 1H goals scored?,,,finalized,2026-07-06T19:55:06Z,,,,,,,,,,,,,,2026-07-29T11:46:28Z
KXWC1HTOTAL-26JUL06PORESP-3,KXWC1HTOTAL-26JUL06PORESP,,Over 2.5 1H goals scored?,,,finalized,2026-07-06T19:55:06Z,,,,,,,,,,,,,,2026-07-29T11:46:28Z
KXWC1HTOTAL-26JUL06PORESP-2,KXWC1HTOTAL-26JUL06PORESP,,Over 1.5 1H goals scored?,,,finalized,2026-07-06T19:55:06Z,,,,,,,,,,,,,,2026-07-29T11:46:28Z
KXWC1HTOTAL-26JUL06PORESP-1,KXWC1HTOTAL-26JUL06PORESP,,Over 0.5 1H goals scored?,,,finalized,2026-07-06T19:55:05Z,,,,,,,,,,,,,,2026-07-29T11:46:28Z
KXWC1HTOTAL-26JUL06USABEL-4,KXWC1HTOTAL-26JUL06USABEL,,Over 3.5 1H goals scored?,,,finalized,2026-07-07T00:55:01Z,,,,,,,,,,,,,,2026-07-29T11:46:28Z
KXWC1HTOTAL-26JUL06USABEL-3,KXWC1HTOTAL-26JUL06USABEL,,Over 2.5 1H goals scored?,,,finalized,2026-07-07T00:55:01Z,,,,,,,,,,,,,,2026-07-29T11:46:28Z
KXWC1HTOTAL-26JUL06USABEL-2,KXWC1HTOTAL-26JUL06USABEL,,Over 1.5 1H goals scored?,,,finalized,2026-07-07T00:55:00Z,,,,,,,,,,,,,,2026-07-29T11:46:28Z
KXWC1HTOTAL-26JUL06USABEL-1,KXWC1HTOTAL-26JUL06USABEL,,Over 0.5 1H goals scored?,,,finalized,2026-07-07T00:55:00Z,,,,,,,,,,,,,,2026-07-29T11:46:28Z
KXWC1HTOTAL-26JUL05MEXENG-4,KXWC1HTOTAL-26JUL05MEXENG,,Over 3.5 1H goals scored?,,,finalized,2026-07-06T01:50:17Z,,,,,,,,,,,,,,2026-07-29T11:46:28Z
KXWC1HTOTAL-26JUL05MEXENG-3,KXWC1HTOTAL-26JUL05MEXENG,,Over 2.5 1H goals scored?,,,finalized,2026-07-06T01:50:16Z,,,,,,,,,,,,,,2026-07-29T11:46:28Z
KXWC1HTOTAL-26JUL05MEXENG-2,KXWC1HTOTAL-26JUL05MEXENG,,Over 1.5 1H goals scored?,,,finalized,2026-07-06T01:50:16Z,,,,,,,,,,,,,,2026-07-29T11:46:28Z
KXWC1HTOTAL-26JUL05MEXENG-1,KXWC1HTOTAL-26JUL05MEXENG,,Over 0.5 1H goals scored?,,,finalized,2026-07-06T01:50:16Z,,,,,,,,,,,,,,2026-07-29T11:46:28Z
KXWC1HTOTAL-26JUL04PARFRA-4,KXWC1HTOTAL-26JUL04PARFRA,,Over 3.5 1H goals scored?,,,finalized,2026-07-04T21:55:05Z,,,,,,,,,,,,,,2026-07-29T11:46:28Z
KXWC1HTOTAL-26JUL04PARFRA-3,KXWC1HTOTAL-26JUL04PARFRA,,Over 2.5 1H goals scored?,,,finalized,2026-07-04T21:55:04Z,,,,,,,,,,,,,,2026-07-29T11:46:28Z
KXWC1HTOTAL-26JUL04PARFRA-2,KXWC1HTOTAL-26JUL04PARFRA,,Over 1.5 1H goals scored?,,,finalized,2026-07-04T21:55:04Z,,,,,,,,,,,,,,2026-07-29T11:46:28Z
KXWC1HTOTAL-26JUL04PARFRA-1,KXWC1HTOTAL-26JUL04PARFRA,,Over 0.5 1H goals scored?,,,finalized,2026-07-04T21:55:04Z,,,,,,,,,,,,,,2026-07-29T11:46:28Z
KXWC1HTOTAL-26JUL05BRANOR-4,KXWC1HTOTAL-26JUL05BRANOR,,Over 3.5 1H goals scored?,,,finalized,2026-07-05T20:55:07Z,,,,,,,,,,,,,,2026-07-29T11:46:28Z
KXWC1HTOTAL-26JUL05BRANOR-3,KXWC1HTOTAL-26JUL05BRANOR,,Over 2.5 1H goals scored?,,,finalized,2026-07-05T20:55:07Z,,,,,,,,,,,,,,2026-07-29T11:46:28Z
KXWC1HTOTAL-26JUL05BRANOR-2,KXWC1HTOTAL-26JUL05BRANOR,,Over 1.5 1H goals scored?,,,finalized,2026-07-05T20:55:06Z,,,,,,,,,,,,,,2026-07-29T11:46:28Z
KXWC1HTOTAL-26JUL05BRANOR-1,KXWC1HTOTAL-26JUL05BRANOR,,Over 0.5 1H goals scored?,,,finalized,2026-07-05T20:55:06Z,,,,,,,,,,,,,,2026-07-29T11:46:28Z
KXWC1HTOTAL-26JUL04CANMAR-4,KXWC1HTOTAL-26JUL04CANMAR,,Over 3.5 1H goals scored?,,,finalized,2026-07-04T17:55:04Z,,,,,,,,,,,,,,2026-07-29T11:46:28Z
KXWC1HTOTAL-26JUL04CANMAR-3,KXWC1HTOTAL-26JUL04CANMAR,,Over 2.5 1H goals scored?,,,finalized,2026-07-04T17:55:04Z,,,,,,,,,,,,,,2026-07-29T11:46:28Z
KXWC1HTOTAL-26JUL04CANMAR-2,KXWC1HTOTAL-26JUL04CANMAR,,Over 1.5 1H goals scored?,,,finalized,2026-07-04T17:55:04Z,,,,,,,,,,,,,,2026-07-29T11:46:28Z
KXWC1HTOTAL-26JUL04CANMAR-1,KXWC1HTOTAL-26JUL04CANMAR,,Over 0.5 1H goals scored?,,,finalized,2026-07-04T17:55:04Z,,,,,,,,,,,,,,2026-07-29T11:46:28Z
KXWC1HTOTAL-26JUL02ESPAUT-4,KXWC1HTOTAL-26JUL02ESPAUT,,Over 3.5 1H goals scored?,,,finalized,2026-07-02T19:50:22Z,,,,,,,,,,,,,,2026-07-29T11:46:28Z
KXWC1HTOTAL-26JUL02ESPAUT-3,KXWC1HTOTAL-26JUL02ESPAUT,,Over 2.5 1H goals scored?,,,finalized,2026-07-02T19:50:22Z,,,,,,,,,,,,,,2026-07-29T11:46:28Z
KXWC1HTOTAL-26JUL02ESPAUT-2,KXWC1HTOTAL-26JUL02ESPAUT,,Over 1.5 1H goals scored?,,,finalized,2026-07-02T19:50:21Z,,,,,,,,,,,,,,2026-07-29T11:46:28Z
KXWC1HTOTAL-26JUL02ESPAUT-1,KXWC1HTOTAL-26JUL02ESPAUT,,Over 0.5 1H goals scored?,,,finalized,2026-07-02T19:50:21Z,,,,,,,,,,,,,,2026-07-29T11:46:28Z
KXWC1HTOTAL-26JUL02SUIDZA-4,KXWC1HTOTAL-26JUL02SUIDZA,,Over 3.5 1H goals scored?,,,finalized,2026-07-03T03:51:37Z,,,,,,,,,,,,,,2026-07-29T11:46:28Z
KXWC1HTOTAL-26JUL02SUIDZA-3,KXWC1HTOTAL-26JUL02SUIDZA,,Over 2.5 1H goals scored?,,,finalized,2026-07-03T03:51:36Z,,,,,,,,,,,,,,2026-07-29T11:46:28Z
KXWC1HTOTAL-26JUL02SUIDZA-2,KXWC1HTOTAL-26JUL02SUIDZA,,Over 1.5 1H goals scored?,,,finalized,2026-07-03T03:51:36Z,,,,,,,,,,,,,,2026-07-29T11:46:28Z
KXWC1HTOTAL-26JUL02SUIDZA-1,KXWC1HTOTAL-26JUL02SUIDZA,,Over 0.5 1H goals scored?,,,finalized,2026-07-03T03:51:36Z,,,,,,,,,,,,,,2026-07-29T11:46:28Z
KXWC1HTOTAL-26JUL01ENGCOD-4,KXWC1HTOTAL-26JUL01ENGCOD,,Over 3.5 1H goals scored?,,,finalized,2026-07-01T16:55:07Z,,,,,,,,,,,,,,2026-07-29T11:46:28Z
KXWC1HTOTAL-26JUL01ENGCOD-3,KXWC1HTOTAL-26JUL01ENGCOD,,Over 2.5 1H goals scored?,,,finalized,2026-07-01T16:55:07Z,,,,,,,,,,,,,,2026-07-29T11:46:28Z
KXWC1HTOTAL-26JUL01ENGCOD-2,KXWC1HTOTAL-26JUL01ENGCOD,,Over 1.5 1H goals scored?,,,finalized,2026-07-01T16:55:07Z,,,,,,,,,,,,,,2026-07-29T11:46:28Z
KXWC1HTOTAL-26JUL01ENGCOD-1,KXWC1HTOTAL-26JUL01ENGCOD,,Over 0.5 1H goals scored?,,,finalized,2026-07-01T16:55:07Z,,,,,,,,,,,,,,2026-07-29T11:46:28Z
KXWC1HTOTAL-26JUL01BELSEN-4,KXWC1HTOTAL-26JUL01BELSEN,,Over 3.5 1H goals scored?,,,finalized,2026-07-01T20:50:18Z,,,,,,,,,,,,,,2026-07-29T11:46:28Z
KXWC1HTOTAL-26JUL01BELSEN-3,KXWC1HTOTAL-26JUL01BELSEN,,Over 2.5 1H goals scored?,,,finalized,2026-07-01T20:50:18Z,,,,,,,,,,,,,,2026-07-29T11:46:28Z
KXWC1HTOTAL-26JUL01BELSEN-2,KXWC1HTOTAL-26JUL01BELSEN,,Over 1.5 1H goals scored?,,,finalized,2026-07-01T20:50:18Z,,,,,,,,,,,,,,2026-07-29T11:46:28Z
KXWC1HTOTAL-26JUL01BELSEN-1,KXWC1HTOTAL-26JUL01BELSEN,,Over 0.5 1H goals scored?,,,finalized,2026-07-01T20:50:18Z,,,,,,,,,,,,,,2026-07-29T11:46:28Z
KXWC1HTOTAL-26JUL02PORCRO-4,KXWC1HTOTAL-26JUL02PORCRO,,Over 3.5 1H goals scored?,,,finalized,2026-07-02T23:50:24Z,,,,,,,,,,,,,,2026-07-29T11:46:28Z
KXWC1HTOTAL-26JUL02PORCRO-3,KXWC1HTOTAL-26JUL02PORCRO,,Over 2.5 1H goals scored?,,,finalized,2026-07-02T23:50:24Z,,,,,,,,,,,,,,2026-07-29T11:46:28Z
KXWC1HTOTAL-26JUL02PORCRO-2,KXWC1HTOTAL-26JUL02PORCRO,,Over 1.5 1H goals scored?,,,finalized,2026-07-02T23:50:24Z,,,,,,,,,,,,,,2026-07-29T11:46:28Z
KXWC1HTOTAL-26JUL02PORCRO-1,KXWC1HTOTAL-26JUL02PORCRO,,Over 0.5 1H goals scored?,,,finalized,2026-07-02T23:50:24Z,,,,,,,,,,,,,,2026-07-29T11:46:28Z
KXWC1HTOTAL-26JUL03COLGHA-4,KXWC1HTOTAL-26JUL03COLGHA,,Over 3.5 1H goals scored?,,,finalized,2026-07-04T02:25:23Z,,,,,,,,,,,,,,2026-07-29T11:46:28Z
KXWC1HTOTAL-26JUL03COLGHA-3,KXWC1HTOTAL-26JUL03COLGHA,,Over 2.5 1H goals scored?,,,finalized,2026-07-04T02:25:23Z,,,,,,,,,,,,,,2026-07-29T11:46:28Z
KXWC1HTOTAL-26JUL03COLGHA-2,KXWC1HTOTAL-26JUL03COLGHA,,Over 1.5 1H goals scored?,,,finalized,2026-07-04T02:25:23Z,,,,,,,,,,,,,,2026-07-29T11:46:28Z
KXWC1HTOTAL-26JUL03COLGHA-1,KXWC1HTOTAL-26JUL03COLGHA,,Over 0.5 1H goals scored?,,,finalized,2026-07-04T02:25:23Z,,,,,,,,,,,,,,2026-07-29T11:46:28Z
KXWC1HTOTAL-26JUN30MEXECU-4,KXWC1HTOTAL-26JUN30MEXECU,,Over 3.5 1H goals scored?,,,finalized,2026-07-01T02:50:12Z,,,,,,,,,,,,,,2026-07-29T11:46:28Z
KXWC1HTOTAL-26JUN30MEXECU-3,KXWC1HTOTAL-26JUN30MEXECU,,Over 2.5 1H goals scored?,,,finalized,2026-07-01T02:50:12Z,,,,,,,,,,,,,,2026-07-29T11:46:28Z
KXWC1HTOTAL-26JUN30MEXECU-2,KXWC1HTOTAL-26JUN30MEXECU,,Over 1.5 1H goals scored?,,,finalized,2026-07-01T02:50:12Z,,,,,,,,,,,,,,2026-07-29T11:46:28Z
KXWC1HTOTAL-26JUN30MEXECU-1,KXWC1HTOTAL-26JUN30MEXECU,,Over 0.5 1H goals scored?,,,finalized,2026-07-01T02:50:12Z,,,,,,,,,,,,,,2026-07-29T11:46:28Z
KXWC1HTOTAL-26JUL03AUSEGY-4,KXWC1HTOTAL-26JUL03AUSEGY,,Over 3.5 1H goals scored?,,,finalized,2026-07-03T18:50:17Z,,,,,,,,,,,,,,2026-07-29T11:46:28Z
KXWC1HTOTAL-26JUL03AUSEGY-3,KXWC1HTOTAL-26JUL03AUSEGY,,Over 2.5 1H goals scored?,,,finalized,2026-07-03T18:50:17Z,,,,,,,,,,,,,,2026-07-29T11:46:28Z
KXWC1HTOTAL-26JUL03AUSEGY-2,KXWC1HTOTAL-26JUL03AUSEGY,,Over 1.5 1H goals scored?,,,finalized,2026-07-03T18:50:17Z,,,,,,,,,,,,,,2026-07-29T11:46:28Z
KXWC1HTOTAL-26JUL03AUSEGY-1,KXWC1HTOTAL-26JUL03AUSEGY,,Over 0.5 1H goals scored?,,,finalized,2026-07-03T18:50:17Z,,,,,,,,,,,,,,2026-07-29T11:46:28Z
KXWC1HTOTAL-26JUN29GERPAR-4,KXWC1HTOTAL-26JUN29GERPAR,,Over 3.5 1H goals scored?,,,finalized,2026-06-29T21:23:16Z,,,,,,,,,,,,,,2026-07-29T11:46:28Z
KXWC1HTOTAL-26JUN29GERPAR-3,KXWC1HTOTAL-26JUN29GERPAR,,Over 2.5 1H goals scored?,,,finalized,2026-06-29T21:23:15Z,,,,,,,,,,,,,,2026-07-29T11:46:28Z
KXWC1HTOTAL-26JUN29GERPAR-2,KXWC1HTOTAL-26JUN29GERPAR,,Over 1.5 1H goals scored?,,,finalized,2026-06-29T21:23:15Z,,,,,,,,,,,,,,2026-07-29T11:46:28Z
KXWC1HTOTAL-26JUN29GERPAR-1,KXWC1HTOTAL-26JUN29GERPAR,,Over 0.5 1H goals scored?,,,finalized,2026-06-29T21:23:15Z,,,,,,,,,,,,,,2026-07-29T11:46:28Z
KXWC1HTOTAL-26JUN30FRASWE-4,KXWC1HTOTAL-26JUN30FRASWE,,Over 3.5 1H goals scored?,,,finalized,2026-06-30T21:50:20Z,,,,,,,,,,,,,,2026-07-29T11:46:28Z
KXWC1HTOTAL-26JUN30FRASWE-3,KXWC1HTOTAL-26JUN30FRASWE,,Over 2.5 1H goals scored?,,,finalized,2026-06-30T21:50:20Z,,,,,,,,,,,,,,2026-07-29T11:46:28Z
KXWC1HTOTAL-26JUN30FRASWE-2,KXWC1HTOTAL-26JUN30FRASWE,,Over 1.5 1H goals scored?,,,finalized,2026-06-30T21:50:20Z,,,,,,,,,,,,,,2026-07-29T11:46:28Z
KXWC1HTOTAL-26JUN30FRASWE-1,KXWC1HTOTAL-26JUN30FRASWE,,Over 0.5 1H goals scored?,,,finalized,2026-06-30T21:50:20Z,,,,,,,,,,,,,,2026-07-29T11:46:28Z
KXWC1HTOTAL-26JUL03ARGCPV-4,KXWC1HTOTAL-26JUL03ARGCPV,,Over 3.5 1H goals scored?,,,finalized,2026-07-03T22:50:16Z,,,,,,,,,,,,,,2026-07-29T11:46:28Z
KXWC1HTOTAL-26JUL03ARGCPV-3,KXWC1HTOTAL-26JUL03ARGCPV,,Over 2.5 1H goals scored?,,,finalized,2026-07-03T22:50:16Z,,,,,,,,,,,,,,2026-07-29T11:46:28Z
KXWC1HTOTAL-26JUL03ARGCPV-2,KXWC1HTOTAL-26JUL03ARGCPV,,Over 1.5 1H goals scored?,,,finalized,2026-07-03T22:50:16Z,,,,,,,,,,,,,,2026-07-29T11:46:28Z
KXWC1HTOTAL-26JUL03ARGCPV-1,KXWC1HTOTAL-26JUL03ARGCPV,,Over 0.5 1H goals scored?,,,finalized,2026-07-03T22:50:16Z,,,,,,,,,,,,,,2026-07-29T11:46:28Z
KXWC1HTOTAL-26JUN30CIVNOR-4,KXWC1HTOTAL-26JUN30CIVNOR,,Over 3.5 1H goals scored?,,,finalized,2026-06-30T17:50:20Z,,,,,,,,,,,,,,2026-07-29T11:46:28Z
KXWC1HTOTAL-26JUN30CIVNOR-3,KXWC1HTOTAL-26JUN30CIVNOR,,Over 2.5 1H goals scored?,,,finalized,2026-06-30T17:50:20Z,,,,,,,,,,,,,,2026-07-29T11:46:28Z
KXWC1HTOTAL-26JUN30CIVNOR-2,KXWC1HTOTAL-26JUN30CIVNOR,,Over 1.5 1H goals scored?,,,finalized,2026-06-30T17:50:19Z,,,,,,,,,,,,,,2026-07-29T11:46:28Z
KXWC1HTOTAL-26JUN30CIVNOR-1,KXWC1HTOTAL-26JUN30CIVNOR,,Over 0.5 1H goals scored?,,,finalized,2026-06-30T17:50:19Z,,,,,,,,,,,,,,2026-07-29T11:46:28Z
KXWC1HTOTAL-26JUN29BRAJPN-4,KXWC1HTOTAL-26JUN29BRAJPN,,Over 3.5 1H goals scored?,,,finalized,2026-06-29T17:50:16Z,,,,,,,,,,,,,,2026-07-29T11:46:28Z
KXWC1HTOTAL-26JUN29BRAJPN-3,KXWC1HTOTAL-26JUN29BRAJPN,,Over 2.5 1H goals scored?,,,finalized,2026-06-29T17:50:16Z,,,,,,,,,,,,,,2026-07-29T11:46:28Z
KXWC1HTOTAL-26JUN29BRAJPN-2,KXWC1HTOTAL-26JUN29BRAJPN,,Over 1.5 1H goals scored?,,,finalized,2026-06-29T17:50:16Z,,,,,,,,,,,,,,2026-07-29T11:46:28Z
KXWC1HTOTAL-26JUN29BRAJPN-1,KXWC1HTOTAL-26JUN29BRAJPN,,Over 0.5 1H goals scored?,,,finalized,2026-06-29T17:50:15Z,,,,,,,,,,,,,,2026-07-29T11:46:28Z
KXWC1HTOTAL-26JUN29NEDMAR-4,KXWC1HTOTAL-26JUN29NEDMAR,,Over 3.5 1H goals scored?,,,finalized,2026-06-30T01:55:04Z,,,,,,,,,,,,,,2026-07-29T11:46:28Z
KXWC1HTOTAL-26JUN29NEDMAR-3,KXWC1HTOTAL-26JUN29NEDMAR,,Over 2.5 1H goals scored?,,,finalized,2026-06-30T01:55:04Z,,,,,,,,,,,,,,2026-07-29T11:46:28Z
KXWC1HTOTAL-26JUN29NEDMAR-2,KXWC1HTOTAL-26JUN29NEDMAR,,Over 1.5 1H goals scored?,,,finalized,2026-06-30T01:55:04Z,,,,,,,,,,,,,,2026-07-29T11:46:28Z
KXWC1HTOTAL-26JUN29NEDMAR-1,KXWC1HTOTAL-26JUN29NEDMAR,,Over 0.5 1H goals scored?,,,finalized,2026-06-30T01:55:04Z,,,,,,,,,,,,,,2026-07-29T11:46:28Z
KXWC1HTOTAL-26JUL01USABIH-4,KXWC1HTOTAL-26JUL01USABIH,,Over 3.5 1H goals scored?,,,finalized,2026-07-02T00:55:05Z,,,,,,,,,,,,,,2026-07-29T11:46:28Z
KXWC1HTOTAL-26JUL01USABIH-3,KXWC1HTOTAL-26JUL01USABIH,,Over 2.5 1H goals scored?,,,finalized,2026-07-02T00:55:05Z,,,,,,,,,,,,,,2026-07-29T11:46:28Z
KXWC1HTOTAL-26JUL01USABIH-2,KXWC1HTOTAL-26JUL01USABIH,,Over 1.5 1H goals scored?,,,finalized,2026-07-02T00:55:05Z,,,,,,,,,,,,,,2026-07-29T11:46:28Z
KXWC1HTOTAL-26JUL01USABIH-1,KXWC1HTOTAL-26JUL01USABIH,,Over 0.5 1H goals scored?,,,finalized,2026-07-02T00:55:05Z,,,,,,,,,,,,,,2026-07-29T11:46:28Z
KXWC1HTOTAL-26JUN28RSACAN-4,KXWC1HTOTAL-26JUN28RSACAN,,Over 3.5 1H goals scored?,,,finalized,2026-06-28T19:50:17Z,,,,,,,,,,,,,,2026-07-29T11:46:28Z
KXWC1HTOTAL-26JUN28RSACAN-3,KXWC1HTOTAL-26JUN28RSACAN,,Over 2.5 1H goals scored?,,,finalized,2026-06-28T19:50:17Z,,,,,,,,,,,,,,2026-07-29T11:46:28Z
KXWC1HTOTAL-26JUN28RSACAN-2,KXWC1HTOTAL-26JUN28RSACAN,,Over 1.5 1H goals scored?,,,finalized,2026-06-28T19:50:17Z,,,,,,,,,,,,,,2026-07-29T11:46:28Z
KXWC1HTOTAL-26JUN28RSACAN-1,KXWC1HTOTAL-26JUN28RSACAN,,Over 0.5 1H goals scored?,,,finalized,2026-06-28T19:50:17Z,,,,,,,,,,,,,,2026-07-29T11:46:28Z
KXWC1HTOTAL-26JUN11MEXRSA-4,KXWC1HTOTAL-26JUN11MEXRSA,,Over 3.5 1H goals scored?,,,finalized,2026-06-11T19:56:37Z,,,,,,,,,,,,,,2026-07-29T11:46:28Z
KXWC1HTOTAL-26JUN11MEXRSA-3,KXWC1HTOTAL-26JUN11MEXRSA,,Over 2.5 1H goals scored?,,,finalized,2026-06-11T19:56:37Z,,,,,,,,,,,,,,2026-07-29T11:46:28Z
KXWC1HTOTAL-26JUN11MEXRSA-2,KXWC1HTOTAL-26JUN11MEXRSA,,Over 1.5 1H goals scored?,,,finalized,2026-06-11T19:56:36Z,,,,,,,,,,,,,,2026-07-29T11:46:28Z
KXWC1HTOTAL-26JUN11MEXRSA-1,KXWC1HTOTAL-26JUN11MEXRSA,,Over 0.5 1H goals scored?,,,finalized,2026-06-11T19:56:36Z,,,,,,,,,,,,,,2026-07-29T11:46:28Z
KXWC1HTOTAL-26JUN11KORCZE-4,KXWC1HTOTAL-26JUN11KORCZE,,Over 3.5 1H goals scored?,,,finalized,2026-06-12T02:50:46Z,,,,,,,,,,,,,,2026-07-29T11:46:28Z
KXWC1HTOTAL-26JUN11KORCZE-3,KXWC1HTOTAL-26JUN11KORCZE,,Over 2.5 1H goals scored?,,,finalized,2026-06-12T02:50:46Z,,,,,,,,,,,,,,2026-07-29T11:46:28Z
KXWC1HTOTAL-26JUN11KORCZE-2,KXWC1HTOTAL-26JUN11KORCZE,,Over 1.5 1H goals scored?,,,finalized,2026-06-12T02:50:46Z,,,,,,,,,,,,,,2026-07-29T11:46:28Z
KXWC1HTOTAL-26JUN11KORCZE-1,KXWC1HTOTAL-26JUN11KORCZE,,Over 0.5 1H goals scored?,,,finalized,2026-06-12T02:50:46Z,,,,,,,,,,,,,,2026-07-29T11:46:28Z
KXWC1HTOTAL-26JUN12CANBIH-4,KXWC1HTOTAL-26JUN12CANBIH,,Over 3.5 1H goals scored?,,,finalized,2026-06-12T19:50:46Z,,,,,,,,,,,,,,2026-07-29T11:46:28Z
KXWC1HTOTAL-26JUN12CANBIH-3,KXWC1HTOTAL-26JUN12CANBIH,,Over 2.5 1H goals scored?,,,finalized,2026-06-12T19:50:45Z,,,,,,,,,,,,,,2026-07-29T11:46:28Z
KXWC1HTOTAL-26JUN12CANBIH-2,KXWC1HTOTAL-26JUN12CANBIH,,Over 1.5 1H goals scored?,,,finalized,2026-06-12T19:50:45Z,,,,,,,,,,,,,,2026-07-29T11:46:28Z
KXWC1HTOTAL-26JUN12CANBIH-1,KXWC1HTOTAL-26JUN12CANBIH,,Over 0.5 1H goals scored?,,,finalized,2026-06-12T19:50:45Z,,,,,,,,,,,,,,2026-07-29T11:46:28Z
KXWC1HTOTAL-26JUN12USAPAR-4,KXWC1HTOTAL-26JUN12USAPAR,,Over 3.5 1H goals scored?,,,finalized,2026-06-13T01:55:20Z,,,,,,,,,,,,,,2026-07-29T11:46:28Z
KXWC1HTOTAL-26JUN12USAPAR-3,KXWC1HTOTAL-26JUN12USAPAR,,Over 2.5 1H goals scored?,,,finalized,2026-06-13T01:55:20Z,,,,,,,,,,,,,,2026-07-29T11:46:28Z
KXWC1HTOTAL-26JUN12USAPAR-2,KXWC1HTOTAL-26JUN12USAPAR,,Over 1.5 1H goals scored?,,,finalized,2026-06-13T01:55:20Z,,,,,,,,,,,,,,2026-07-29T11:46:28Z
KXWC1HTOTAL-26JUN12USAPAR-1,KXWC1HTOTAL-26JUN12USAPAR,,Over 0.5 1H goals scored?,,,finalized,2026-06-13T01:55:20Z,,,,,,,,,,,,,,2026-07-29T11:46:28Z
KXWC1HTOTAL-26JUN13QATSUI-4,KXWC1HTOTAL-26JUN13QATSUI,,Over 3.5 1H goals scored?,,,finalized,2026-06-13T19:55:31Z,,,,,,,,,,,,,,2026-07-29T11:46:28Z
KXWC1HTOTAL-26JUN13QATSUI-3,KXWC1HTOTAL-26JUN13QATSUI,,Over 2.5 1H goals scored?,,,finalized,2026-06-13T19:55:31Z,,,,,,,,,,,,,,2026-07-29T11:46:28Z
KXWC1HTOTAL-26JUN13QATSUI-2,KXWC1HTOTAL-26JUN13QATSUI,,Over 1.5 1H goals scored?,,,finalized,2026-06-13T19:55:31Z,,,,,,,,,,,,,,2026-07-29T11:46:28Z
KXWC1HTOTAL-26JUN13QATSUI-1,KXWC1HTOTAL-26JUN13QATSUI,,Over 0.5 1H goals scored?,,,finalized,2026-06-13T19:55:31Z,,,,,,,,,,,,,,2026-07-29T11:46:28Z
KXWC1HTOTAL-26JUN13BRAMAR-4,KXWC1HTOTAL-26JUN13BRAMAR,,Over 3.5 1H goals scored?,,,finalized,2026-06-13T22:55:28Z,,,,,,,,,,,,,,2026-07-29T11:46:28Z
KXWC1HTOTAL-26JUN13BRAMAR-3,KXWC1HTOTAL-26JUN13BRAMAR,,Over 2.5 1H goals scored?,,,finalized,2026-06-13T22:55:28Z,,,,,,,,,,,,,,2026-07-29T11:46:28Z
KXWC1HTOTAL-26JUN13BRAMAR-2,KXWC1HTOTAL-26JUN13BRAMAR,,Over 1.5 1H goals scored?,,,finalized,2026-06-13T22:55:27Z,,,,,,,,,,,,,,2026-07-29T11:46:28Z
KXWC1HTOTAL-26JUN13BRAMAR-1,KXWC1HTOTAL-26JUN13BRAMAR,,Over 0.5 1H goals scored?,,,finalized,2026-06-13T22:55:27Z,,,,,,,,,,,,,,2026-07-29T11:46:28Z
KXWC1HTOTAL-26JUN13HTISCO-4,KXWC1HTOTAL-26JUN13HTISCO,,Over 3.5 1H goals scored?,,,finalized,2026-06-14T01:55:30Z,,,,,,,,,,,,,,2026-07-29T11:46:28Z
KXWC1HTOTAL-26JUN13HTISCO-3,KXWC1HTOTAL-26JUN13HTISCO,,Over 2.5 1H goals scored?,,,finalized,2026-06-14T01:55:29Z,,,,,,,,,,,,,,2026-07-29T11:46:28Z
KXWC1HTOTAL-26JUN13HTISCO-2,KXWC1HTOTAL-26JUN13HTISCO,,Over 1.5 1H goals scored?,,,finalized,2026-06-14T01:55:29Z,,,,,,,,,,,,,,2026-07-29T11:46:28Z
KXWC1HTOTAL-26JUN13HTISCO-1,KXWC1HTOTAL-26JUN13HTISCO,,Over 0.5 1H goals scored?,,,finalized,2026-06-14T01:55:29Z,,,,,,,,,,,,,,2026-07-29T11:46:28Z
KXWC1HTOTAL-26JUN14AUSTUR-4,KXWC1HTOTAL-26JUN14AUSTUR,,Over 3.5 1H goals scored?,,,finalized,2026-06-14T04:50:58Z,,,,,,,,,,,,,,2026-07-29T11:46:28Z
KXWC1HTOTAL-26JUN14AUSTUR-3,KXWC1HTOTAL-26JUN14AUSTUR,,Over 2.5 1H goals scored?,,,finalized,2026-06-14T04:50:58Z,,,,,,,,,,,,,,2026-07-29T11:46:28Z
KXWC1HTOTAL-26JUN14AUSTUR-2,KXWC1HTOTAL-26JUN14AUSTUR,,Over 1.5 1H goals scored?,,,finalized,2026-06-14T04:50:58Z,,,,,,,,,,,,,,2026-07-29T11:46:28Z
KXWC1HTOTAL-26JUN14AUSTUR-1,KXWC1HTOTAL-26JUN14AUSTUR,,Over 0.5 1H goals scored?,,,finalized,2026-06-14T04:50:58Z,,,,,,,,,,,,,,2026-07-29T11:46:28Z
KXWC1HTOTAL-26JUN14GERCUW-4,KXWC1HTOTAL-26JUN14GERCUW,,Over 3.5 1H goals scored?,,,finalized,2026-06-14T17:55:19Z,,,,,,,,,,,,,,2026-07-29T11:46:28Z
KXWC1HTOTAL-26JUN14GERCUW-3,KXWC1HTOTAL-26JUN14GERCUW,,Over 2.5 1H goals scored?,,,finalized,2026-06-14T17:55:19Z,,,,,,,,,,,,,,2026-07-29T11:46:28Z
KXWC1HTOTAL-26JUN14GERCUW-2,KXWC1HTOTAL-26JUN14GERCUW,,Over 1.5 1H goals scored?,,,finalized,2026-06-14T17:55:19Z,,,,,,,,,,,,,,2026-07-29T11:46:28Z
KXWC1HTOTAL-26JUN14GERCUW-1,KXWC1HTOTAL-26JUN14GERCUW,,Over 0.5 1H goals scored?,,,finalized,2026-06-14T17:55:19Z,,,,,,,,,,,,,,2026-07-29T11:46:28Z
KXWC1HTOTAL-26JUN14NEDJPN-4,KXWC1HTOTAL-26JUN14NEDJPN,,Over 3.5 1H goals scored?,,,finalized,2026-06-14T20:50:40Z,,,,,,,,,,,,,,2026-07-29T11:46:28Z
KXWC1HTOTAL-26JUN14NEDJPN-3,KXWC1HTOTAL-26JUN14NEDJPN,,Over 2.5 1H goals scored?,,,finalized,2026-06-14T20:50:40Z,,,,,,,,,,,,,,2026-07-29T11:46:28Z
KXWC1HTOTAL-26JUN14NEDJPN-2,KXWC1HTOTAL-26JUN14NEDJPN,,Over 1.5 1H goals scored?,,,finalized,2026-06-14T20:50:40Z,,,,,,,,,,,,,,2026-07-29T11:46:28Z
KXWC1HTOTAL-26JUN14NEDJPN-1,KXWC1HTOTAL-26JUN14NEDJPN,,Over 0.5 1H goals scored?,,,finalized,2026-06-14T20:50:40Z,,,,,,,,,,,,,,2026-07-29T11:46:28Z
KXWC1HTOTAL-26JUN14CIVECU-4,KXWC1HTOTAL-26JUN14CIVECU,,Over 3.5 1H goals scored?,,,finalized,2026-06-14T23:55:27Z,,,,,,,,,,,,,,2026-07-29T11:46:28Z
KXWC1HTOTAL-26JUN14CIVECU-3,KXWC1HTOTAL-26JUN14CIVECU,,Over 2.5 1H goals scored?,,,finalized,2026-06-14T23:55:27Z,,,,,,,,,,,,,,2026-07-29T11:46:28Z
KXWC1HTOTAL-26JUN14CIVECU-2,KXWC1HTOTAL-26JUN14CIVECU,,Over 1.5 1H goals scored?,,,finalized,2026-06-14T23:55:27Z,,,,,,,,,,,,,,2026-07-29T11:46:28Z
KXWC1HTOTAL-26JUN14CIVECU-1,KXWC1HTOTAL-26JUN14CIVECU,,Over 0.5 1H goals scored?,,,finalized,2026-06-14T23:55:27Z,,,,,,,,,,,,,,2026-07-29T11:46:28Z
KXWC1HTOTAL-26JUN14SWETUN-4,KXWC1HTOTAL-26JUN14SWETUN,,Over 3.5 1H goals scored?,,,finalized,2026-06-15T02:50:51Z,,,,,,,,,,,,,,2026-07-29T11:46:28Z
KXWC1HTOTAL-26JUN14SWETUN-3,KXWC1HTOTAL-26JUN14SWETUN,,Over 2.5 1H goals scored?,,,finalized,2026-06-15T02:50:50Z,,,,,,,,,,,,,,2026-07-29T11:46:28Z
KXWC1HTOTAL-26JUN14SWETUN-2,KXWC1HTOTAL-26JUN14SWETUN,,Over 1.5 1H goals scored?,,,finalized,2026-06-15T02:50:50Z,,,,,,,,,,,,,,2026-07-29T11:46:28Z
KXWC1HTOTAL-26JUN14SWETUN-1,KXWC1HTOTAL-26JUN14SWETUN,,Over 0.5 1H goals scored?,,,finalized,2026-06-15T02:50:50Z,,,,,,,,,,,,,,2026-07-29T11:46:28Z
KXWC1HTOTAL-26JUN15ESPCPV-4,KXWC1HTOTAL-26JUN15ESPCPV,,Over 3.5 1H goals scored?,,,finalized,2026-06-15T16:50:47Z,,,,,,,,,,,,,,2026-07-29T11:46:28Z
KXWC1HTOTAL-26JUN15ESPCPV-3,KXWC1HTOTAL-26JUN15ESPCPV,,Over 2.5 1H goals scored?,,,finalized,2026-06-15T16:50:46Z,,,,,,,,,,,,,,2026-07-29T11:46:28Z
KXWC1HTOTAL-26JUN15ESPCPV-2,KXWC1HTOTAL-26JUN15ESPCPV,,Over 1.5 1H goals scored?,,,finalized,2026-06-15T16:50:46Z,,,,,,,,,,,,,,2026-07-29T11:46:28Z
KXWC1HTOTAL-26JUN15ESPCPV-1,KXWC1HTOTAL-26JUN15ESPCPV,,Over 0.5 1H goals scored?,,,finalized,2026-06-15T16:50:46Z,,,,,,,,,,,,,,2026-07-29T11:46:28Z
KXWC1HTOTAL-26JUN15BELEGY-4,KXWC1HTOTAL-26JUN15BELEGY,,Over 3.5 1H goals scored?,,,finalized,2026-06-15T19:51:02Z,,,,,,,,,,,,,,2026-07-29T11:46:28Z
KXWC1HTOTAL-26JUN15BELEGY-3,KXWC1HTOTAL-26JUN15BELEGY,,Over 2.5 1H goals scored?,,,finalized,2026-06-15T19:51:02Z,,,,,,,,,,,,,,2026-07-29T11:46:28Z
KXWC1HTOTAL-26JUN15BELEGY-2,KXWC1HTOTAL-26JUN15BELEGY,,Over 1.5 1H goals scored?,,,finalized,2026-06-15T19:51:02Z,,,,,,,,,,,,,,2026-07-29T11:46:28Z
KXWC1HTOTAL-26JUN15BELEGY-1,KXWC1HTOTAL-26JUN15BELEGY,,Over 0.5 1H goals scored?,,,finalized,2026-06-15T19:51:01Z,,,,,,,,,,,,,,2026-07-29T11:46:28Z
KXWC1HTOTAL-26JUN15KSAURU-4,KXWC1HTOTAL-26JUN15KSAURU,,Over 3.5 1H goals scored?,,,finalized,2026-06-15T22:55:29Z,,,,,,,,,,,,,,2026-07-29T11:46:28Z
KXWC1HTOTAL-26JUN15KSAURU-3,KXWC1HTOTAL-26JUN15KSAURU,,Over 2.5 1H goals scored?,,,finalized,2026-06-15T22:55:29Z,,,,,,,,,,,,,,2026-07-29T11:46:28Z
KXWC1HTOTAL-26JUN15KSAURU-2,KXWC1HTOTAL-26JUN15KSAURU,,Over 1.5 1H goals scored?,,,finalized,2026-06-15T22:55:29Z,,,,,,,,,,,,,,2026-07-29T11:46:28Z
KXWC1HTOTAL-26JUN15KSAURU-1,KXWC1HTOTAL-26JUN15KSAURU,,Over 0.5 1H goals scored?,,,finalized,2026-06-15T22:55:29Z,,,,,,,,,,,,,,2026-07-29T11:46:28Z
KXWC1HTOTAL-26JUN15IRINZL-4,KXWC1HTOTAL-26JUN15IRINZL,,Over 3.5 1H goals scored?,,,finalized,2026-06-16T01:55:21Z,,,,,,,,,,,,,,2026-07-29T11:46:28Z
KXWC1HTOTAL-26JUN15IRINZL-3,KXWC1HTOTAL-26JUN15IRINZL,,Over 2.5 1H goals scored?,,,finalized,2026-06-16T01:55:20Z,,,,,,,,,,,,,,2026-07-29T11:46:28Z
KXWC1HTOTAL-26JUN15IRINZL-2,KXWC1HTOTAL-26JUN15IRINZL,,Over 1.5 1H goals scored?,,,finalized,2026-06-16T01:55:20Z,,,,,,,,,,,,,,2026-07-29T11:46:28Z
KXWC1HTOTAL-26JUN15IRINZL-1,KXWC1HTOTAL-26JUN15IRINZL,,Over 0.5 1H goals scored?,,,finalized,2026-06-16T01:55:20Z,,,,,,,,,,,,,,2026-07-29T11:46:28Z
KXWC1HTOTAL-26JUN16FRASEN-4,KXWC1HTOTAL-26JUN16FRASEN,,Over 3.5 1H goals scored?,,,finalized,2026-06-16T19:55:27Z,,,,,,,,,,,,,,2026-07-29T11:46:28Z
KXWC1HTOTAL-26JUN16FRASEN-3,KXWC1HTOTAL-26JUN16FRASEN,,Over 2.5 1H goals scored?,,,finalized,2026-06-16T19:55:27Z,,,,,,,,,,,,,,2026-07-29T11:46:28Z
KXWC1HTOTAL-26JUN16FRASEN-2,KXWC1HTOTAL-26JUN16FRASEN,,Over 1.5 1H goals scored?,,,finalized,2026-06-16T19:55:27Z,,,,,,,,,,,,,,2026-07-29T11:46:28Z
KXWC1HTOTAL-26JUN16FRASEN-1,KXWC1HTOTAL-26JUN16FRASEN,,Over 0.5 1H goals scored?,,,finalized,2026-06-16T19:55:27Z,,,,,,,,,,,,,,2026-07-29T11:46:28Z
KXWC1HTOTAL-26JUN16IRQNOR-4,KXWC1HTOTAL-26JUN16IRQNOR,,Over 3.5 1H goals scored?,,,finalized,2026-06-16T22:55:28Z,,,,,,,,,,,,,,2026-07-29T11:46:28Z
KXWC1HTOTAL-26JUN16IRQNOR-3,KXWC1HTOTAL-26JUN16IRQNOR,,Over 2.5 1H goals scored?,,,finalized,2026-06-16T22:55:28Z,,,,,,,,,,,,,,2026-07-29T11:46:28Z
KXWC1HTOTAL-26JUN16IRQNOR-2,KXWC1HTOTAL-26JUN16IRQNOR,,Over 1.5 1H goals scored?,,,finalized,2026-06-16T22:55:27Z,,,,,,,,,,,,,,2026-07-29T11:46:28Z
KXWC1HTOTAL-26JUN16IRQNOR-1,KXWC1HTOTAL-26JUN16IRQNOR,,Over 0.5 1H goals scored?,,,finalized,2026-06-16T22:55:27Z,,,,,,,,,,,,,,2026-07-29T11:46:28Z
KXWC1HTOTAL-26JUN16ARGDZA-4,KXWC1HTOTAL-26JUN16ARGDZA,,Over 3.5 1H goals scored?,,,finalized,2026-06-17T01:55:26Z,,,,,,,,,,,,,,2026-07-29T11:46:28Z
KXWC1HTOTAL-26JUN16ARGDZA-3,KXWC1HTOTAL-26JUN16ARGDZA,,Over 2.5 1H goals scored?,,,finalized,2026-06-17T01:55:26Z,,,,,,,,,,,,,,2026-07-29T11:46:28Z
KXWC1HTOTAL-26JUN16ARGDZA-2,KXWC1HTOTAL-26JUN16ARGDZA,,Over 1.5 1H goals scored?,,,finalized,2026-06-17T01:55:26Z,,,,,,,,,,,,,,2026-07-29T11:46:28Z
KXWC1HTOTAL-26JUN16ARGDZA-1,KXWC1HTOTAL-26JUN16ARGDZA,,Over 0.5 1H goals scored?,,,finalized,2026-06-17T01:55:26Z,,,,,,,,,,,,,,2026-07-29T11:46:28Z
KXWC1HTOTAL-26JUN17AUTJOR-4,KXWC1HTOTAL-26JUN17AUTJOR,,Over 3.5 1H goals scored?,,,finalized,2026-06-17T04:55:21Z,,,,,,,,,,,,,,2026-07-29T11:46:28Z
KXWC1HTOTAL-26JUN17AUTJOR-3,KXWC1HTOTAL-26JUN17AUTJOR,,Over 2.5 1H goals scored?,,,finalized,2026-06-17T04:55:21Z,,,,,,,,,,,,,,2026-07-29T11:46:28Z
KXWC1HTOTAL-26JUN17AUTJOR-2,KXWC1HTOTAL-26JUN17AUTJOR,,Over 1.5 1H goals scored?,,,finalized,2026-06-17T04:55:21Z,,,,,,,,,,,,,,2026-07-29T11:46:28Z
KXWC1HTOTAL-26JUN17AUTJOR-1,KXWC1HTOTAL-26JUN17AUTJOR,,Over 0.5 1H goals scored?,,,finalized,2026-06-17T04:55:20Z,,,,,,,,,,,,,,2026-07-29T11:46:28Z
KXWC1HTOTAL-26JUN17PORCOD-4,KXWC1HTOTAL-26JUN17PORCOD,,Over 3.5 1H goals scored?,,,finalized,2026-06-17T17:55:37Z,,,,,,,,,,,,,,2026-07-29T11:46:28Z
KXWC1HTOTAL-26JUN17PORCOD-3,KXWC1HTOTAL-26JUN17PORCOD,,Over 2.5 1H goals scored?,,,finalized,2026-06-17T17:55:37Z,,,,,,,,,,,,,,2026-07-29T11:46:28Z
KXWC1HTOTAL-26JUN17PORCOD-2,KXWC1HTOTAL-26JUN17PORCOD,,Over 1.5 1H goals scored?,,,finalized,2026-06-17T17:55:37Z,,,,,,,,,,,,,,2026-07-29T11:46:28Z
KXWC1HTOTAL-26JUN17PORCOD-1,KXWC1HTOTAL-26JUN17PORCOD,,Over 0.5 1H goals scored?,,,finalized,2026-06-17T17:55:37Z,,,,,,,,,,,,,,2026-07-29T11:46:28Z
KXWC1HTOTAL-26JUN17ENGCRO-4,KXWC1HTOTAL-26JUN17ENGCRO,,Over 3.5 1H goals scored?,,,finalized,2026-06-17T20:50:51Z,,,,,,,,,,,,,,2026-07-29T11:46:28Z
KXWC1HTOTAL-26JUN17ENGCRO-3,KXWC1HTOTAL-26JUN17ENGCRO,,Over 2.5 1H goals scored?,,,finalized,2026-06-17T20:50:51Z,,,,,,,,,,,,,,2026-07-29T11:46:28Z
KXWC1HTOTAL-26JUN17ENGCRO-2,KXWC1HTOTAL-26JUN17ENGCRO,,Over 1.5 1H goals scored?,,,finalized,2026-06-17T20:50:51Z,,,,,,,,,,,,,,2026-07-29T11:46:28Z
KXWC1HTOTAL-26JUN17ENGCRO-1,KXWC1HTOTAL-26JUN17ENGCRO,,Over 0.5 1H goals scored?,,,finalized,2026-06-17T20:50:50Z,,,,,,,,,,,,,,2026-07-29T11:46:28Z
KXWC1HTOTAL-26JUN17GHAPAN-4,KXWC1HTOTAL-26JUN17GHAPAN,,Over 3.5 1H goals scored?,,,finalized,2026-06-17T23:51:01Z,,,,,,,,,,,,,,2026-07-29T11:46:28Z
KXWC1HTOTAL-26JUN17GHAPAN-3,KXWC1HTOTAL-26JUN17GHAPAN,,Over 2.5 1H goals scored?,,,finalized,2026-06-17T23:51:01Z,,,,,,,,,,,,,,2026-07-29T11:46:28Z
KXWC1HTOTAL-26JUN17GHAPAN-2,KXWC1HTOTAL-26JUN17GHAPAN,,Over 1.5 1H goals scored?,,,finalized,2026-06-17T23:51:01Z,,,,,,,,,,,,,,2026-07-29T11:46:28Z
KXWC1HTOTAL-26JUN17GHAPAN-1,KXWC1HTOTAL-26JUN17GHAPAN,,Over 0.5 1H goals scored?,,,finalized,2026-06-17T23:51:01Z,,,,,,,,,,,,,,2026-07-29T11:46:28Z
KXWC1HTOTAL-26JUN17UZBCOL-4,KXWC1HTOTAL-26JUN17UZBCOL,,Over 3.5 1H goals scored?,,,finalized,2026-06-18T02:51:05Z,,,,,,,,,,,,,,2026-07-29T11:46:28Z
KXWC1HTOTAL-26JUN17UZBCOL-3,KXWC1HTOTAL-26JUN17UZBCOL,,Over 2.5 1H goals scored?,,,finalized,2026-06-18T02:51:05Z,,,,,,,,,,,,,,2026-07-29T11:46:28Z
KXWC1HTOTAL-26JUN17UZBCOL-2,KXWC1HTOTAL-26JUN17UZBCOL,,Over 1.5 1H goals scored?,,,finalized,2026-06-18T02:51:05Z,,,,,,,,,,,,,,2026-07-29T11:46:28Z
KXWC1HTOTAL-26JUN17UZBCOL-1,KXWC1HTOTAL-26JUN17UZBCOL,,Over 0.5 1H goals scored?,,,finalized,2026-06-18T02:51:05Z,,,,,,,,,,,,,,2026-07-29T11:46:28Z
KXWC1HTOTAL-26JUN18CZERSA-4,KXWC1HTOTAL-26JUN18CZERSA,,Over 3.5 1H goals scored?,,,finalized,2026-06-18T16:51:14Z,,,,,,,,,,,,,,2026-07-29T11:46:28Z
KXWC1HTOTAL-26JUN18CZERSA-3,KXWC1HTOTAL-26JUN18CZERSA,,Over 2.5 1H goals scored?,,,finalized,2026-06-18T16:51:13Z,,,,,,,,,,,,,,2026-07-29T11:46:28Z
KXWC1HTOTAL-26JUN18CZERSA-2,KXWC1HTOTAL-26JUN18CZERSA,,Over 1.5 1H goals scored?,,,finalized,2026-06-18T16:51:13Z,,,,,,,,,,,,,,2026-07-29T11:46:28Z
KXWC1HTOTAL-26JUN18CZERSA-1,KXWC1HTOTAL-26JUN18CZERSA,,Over 0.5 1H goals scored?,,,finalized,2026-06-18T16:51:13Z,,,,,,,,,,,,,,2026-07-29T11:46:28Z
KXWC1HTOTAL-26JUN18SUIBIH-4,KXWC1HTOTAL-26JUN18SUIBIH,,Over 3.5 1H goals scored?,,,finalized,2026-06-18T19:50:49Z,,,,,,,,,,,,,,2026-07-29T11:46:28Z
KXWC1HTOTAL-26JUN18SUIBIH-3,KXWC1HTOTAL-26JUN18SUIBIH,,Over 2.5 1H goals scored?,,,finalized,2026-06-18T19:50:49Z,,,,,,,,,,,,,,2026-07-29T11:46:28Z
KXWC1HTOTAL-26JUN18SUIBIH-2,KXWC1HTOTAL-26JUN18SUIBIH,,Over 1.5 1H goals scored?,,,finalized,2026-06-18T19:50:49Z,,,,,,,,,,,,,,2026-07-29T11:46:28Z
KXWC1HTOTAL-26JUN18SUIBIH-1,KXWC1HTOTAL-26JUN18SUIBIH,,Over 0.5 1H goals scored?,,,finalized,2026-06-18T19:50:49Z,,,,,,,,,,,,,,2026-07-29T11:46:28Z
KXWC1HTOTAL-26JUN18CANQAT-4,KXWC1HTOTAL-26JUN18CANQAT,,Over 3.5 1H goals scored?,,,finalized,2026-06-18T22:55:25Z,,,,,,,,,,,,,,2026-07-29T11:46:28Z
KXWC1HTOTAL-26JUN18CANQAT-3,KXWC1HTOTAL-26JUN18CANQAT,,Over 2.5 1H goals scored?,,,finalized,2026-06-18T22:55:25Z,,,,,,,,,,,,,,2026-07-29T11:46:28Z
KXWC1HTOTAL-26JUN18CANQAT-2,KXWC1HTOTAL-26JUN18CANQAT,,Over 1.5 1H goals scored?,,,finalized,2026-06-18T22:55:24Z,,,,,,,,,,,,,,2026-07-29T11:46:28Z
KXWC1HTOTAL-26JUN18CANQAT-1,KXWC1HTOTAL-26JUN18CANQAT,,Over 0.5 1H goals scored?,,,finalized,2026-06-18T22:55:24Z,,,,,,,,,,,,,,2026-07-29T11:46:28Z
KXWC1HTOTAL-26JUN18MEXKOR-4,KXWC1HTOTAL-26JUN18MEXKOR,,Over 3.5 1H goals scored?,,,finalized,2026-06-19T01:50:39Z,,,,,,,,,,,,,,2026-07-29T11:46:28Z
KXWC1HTOTAL-26JUN18MEXKOR-3,KXWC1HTOTAL-26JUN18MEXKOR,,Over 2.5 1H goals scored?,,,finalized,2026-06-19T01:50:38Z,,,,,,,,,,,,,,2026-07-29T11:46:28Z
KXWC1HTOTAL-26JUN18MEXKOR-2,KXWC1HTOTAL-26JUN18MEXKOR,,Over 1.5 1H goals scored?,,,finalized,2026-06-19T01:50:38Z,,,,,,,,,,,,,,2026-07-29T11:46:28Z
KXWC1HTOTAL-26JUN18MEXKOR-1,KXWC1HTOTAL-26JUN18MEXKOR,,Over 0.5 1H goals scored?,,,finalized,2026-06-19T01:50:38Z,,,,,,,,,,,,,,2026-07-29T11:46:28Z
KXWC1HTOTAL-26JUN19USAAUS-4,KXWC1HTOTAL-26JUN19USAAUS,,Over 3.5 1H goals scored?,,,finalized,2026-06-19T19:55:26Z,,,,,,,,,,,,,,2026-07-29T11:46:28Z
KXWC1HTOTAL-26JUN19USAAUS-3,KXWC1HTOTAL-26JUN19USAAUS,,Over 2.5 1H goals scored?,,,finalized,2026-06-19T19:55:26Z,,,,,,,,,,,,,,2026-07-29T11:46:28Z
KXWC1HTOTAL-26JUN19USAAUS-2,KXWC1HTOTAL-26JUN19USAAUS,,Over 1.5 1H goals scored?,,,finalized,2026-06-19T19:55:26Z,,,,,,,,,,,,,,2026-07-29T11:46:28Z
KXWC1HTOTAL-26JUN19USAAUS-1,KXWC1HTOTAL-26JUN19USAAUS,,Over 0.5 1H goals scored?,,,finalized,2026-06-19T19:55:26Z,,,,,,,,,,,,,,2026-07-29T11:46:28Z
KXWC1HTOTAL-26JUN19SCOMAR-4,KXWC1HTOTAL-26JUN19SCOMAR,,Over 3.5 1H goals scored?,,,finalized,2026-06-19T22:51:03Z,,,,,,,,,,,,,,2026-07-29T11:46:28Z
KXWC1HTOTAL-26JUN19SCOMAR-3,KXWC1HTOTAL-26JUN19SCOMAR,,Over 2.5 1H goals scored?,,,finalized,2026-06-19T22:51:03Z,,,,,,,,,,,,,,2026-07-29T11:46:28Z
KXWC1HTOTAL-26JUN19SCOMAR-2,KXWC1HTOTAL-26JUN19SCOMAR,,Over 1.5 1H goals scored?,,,finalized,2026-06-19T22:51:03Z,,,,,,,,,,,,,,2026-07-29T11:46:28Z
KXWC1HTOTAL-26JUN19SCOMAR-1,KXWC1HTOTAL-26JUN19SCOMAR,,Over 0.5 1H goals scored?,,,finalized,2026-06-19T22:51:03Z,,,,,,,,,,,,,,2026-07-29T11:46:28Z
KXWC1HTOTAL-26JUN19BRAHTI-4,KXWC1HTOTAL-26JUN19BRAHTI,,Over 3.5 1H goals scored?,,,finalized,2026-06-20T01:25:27Z,,,,,,,,,,,,,,2026-07-29T11:46:28Z
KXWC1HTOTAL-26JUN19BRAHTI-3,KXWC1HTOTAL-26JUN19BRAHTI,,Over 2.5 1H goals scored?,,,finalized,2026-06-20T01:25:27Z,,,,,,,,,,,,,,2026-07-29T11:46:28Z
KXWC1HTOTAL-26JUN19BRAHTI-2,KXWC1HTOTAL-26JUN19BRAHTI,,Over 1.5 1H goals scored?,,,finalized,2026-06-20T01:25:27Z,,,,,,,,,,,,,,2026-07-29T11:46:28Z
KXWC1HTOTAL-26JUN19BRAHTI-1,KXWC1HTOTAL-26JUN19BRAHTI,,Over 0.5 1H goals scored?,,,finalized,2026-06-20T01:25:26Z,,,,,,,,,,,,,,2026-07-29T11:46:28Z
KXWC1HTOTAL-26JUN19TURPAR-4,KXWC1HTOTAL-26JUN19TURPAR,,Over 3.5 1H goals scored?,,,finalized,2026-06-20T03:55:26Z,,,,,,,,,,,,,,2026-07-29T11:46:28Z
KXWC1HTOTAL-26JUN19TURPAR-3,KXWC1HTOTAL-26JUN19TURPAR,,Over 2.5 1H goals scored?,,,finalized,2026-06-20T03:55:26Z,,,,,,,,,,,,,,2026-07-29T11:46:28Z
KXWC1HTOTAL-26JUN19TURPAR-2,KXWC1HTOTAL-26JUN19TURPAR,,Over 1.5 1H goals scored?,,,finalized,2026-06-20T03:55:26Z,,,,,,,,,,,,,,2026-07-29T11:46:28Z
KXWC1HTOTAL-26JUN19TURPAR-1,KXWC1HTOTAL-26JUN19TURPAR,,Over 0.5 1H goals scored?,,,finalized,2026-06-20T03:55:26Z,,,,,,,,,,,,,,2026-07-29T11:46:28Z
KXWC1HTOTAL-26JUN20NEDSWE-4,KXWC1HTOTAL-26JUN20NEDSWE,,Over 3.5 1H goals scored?,,,finalized,2026-06-20T17:50:43Z,,,,,,,,,,,,,,2026-07-29T11:46:28Z
KXWC1HTOTAL-26JUN20NEDSWE-3,KXWC1HTOTAL-26JUN20NEDSWE,,Over 2.5 1H goals scored?,,,finalized,2026-06-20T17:50:42Z,,,,,,,,,,,,,,2026-07-29T11:46:28Z
KXWC1HTOTAL-26JUN20NEDSWE-2,KXWC1HTOTAL-26JUN20NEDSWE,,Over 1.5 1H goals scored?,,,finalized,2026-06-20T17:50:42Z,,,,,,,,,,,,,,2026-07-29T11:46:28Z
KXWC1HTOTAL-26JUN20NEDSWE-1,KXWC1HTOTAL-26JUN20NEDSWE,,Over 0.5 1H goals scored?,,,finalized,2026-06-20T17:50:42Z,,,,,,,,,,,,,,2026-07-29T11:46:28Z
KXWC1HTOTAL-26JUN20GERCIV-4,KXWC1HTOTAL-26JUN20GERCIV,,Over 3.5 1H goals scored?,,,finalized,2026-06-20T20:55:33Z,,,,,,,,,,,,,,2026-07-29T11:46:28Z
KXWC1HTOTAL-26JUN20GERCIV-3,KXWC1HTOTAL-26JUN20GERCIV,,Over 2.5 1H goals scored?,,,finalized,2026-06-20T20:55:33Z,,,,,,,,,,,,,,2026-07-29T11:46:28Z
KXWC1HTOTAL-26JUN20GERCIV-2,KXWC1HTOTAL-26JUN20GERCIV,,Over 1.5 1H goals scored?,,,finalized,2026-06-20T20:55:33Z,,,,,,,,,,,,,,2026-07-29T11:46:28Z
KXWC1HTOTAL-26JUN20GERCIV-1,KXWC1HTOTAL-26JUN20GERCIV,,Over 0.5 1H goals scored?,,,finalized,2026-06-20T20:55:33Z,,,,,,,,,,,,,,2026-07-29T11:46:28Z
KXWC1HTOTAL-26JUN20ECUCUW-4,KXWC1HTOTAL-26JUN20ECUCUW,,Over 3.5 1H goals scored?,,,finalized,2026-06-21T00:51:09Z,,,,,,,,,,,,,,2026-07-29T11:46:28Z
KXWC1HTOTAL-26JUN20ECUCUW-3,KXWC1HTOTAL-26JUN20ECUCUW,,Over 2.5 1H goals scored?,,,finalized,2026-06-21T00:51:09Z,,,,,,,,,,,,,,2026-07-29T11:46:28Z
KXWC1HTOTAL-26JUN20ECUCUW-2,KXWC1HTOTAL-26JUN20ECUCUW,,Over 1.5 1H goals scored?,,,finalized,2026-06-21T00:51:08Z,,,,,,,,,,,,,,2026-07-29T11:46:28Z
KXWC1HTOTAL-26JUN20ECUCUW-1,KXWC1HTOTAL-26JUN20ECUCUW,,Over 0.5 1H goals scored?,,,finalized,2026-06-21T00:51:08Z,,,,,,,,,,,,,,2026-07-29T11:46:28Z
KXWC1HTOTAL-26JUN21TUNJPN-4,KXWC1HTOTAL-26JUN21TUNJPN,,Over 3.5 1H goals scored?,,,finalized,2026-06-21T04:51:00Z,,,,,,,,,,,,,,2026-07-29T11:46:28Z
KXWC1HTOTAL-26JUN21TUNJPN-3,KXWC1HTOTAL-26JUN21TUNJPN,,Over 2.5 1H goals scored?,,,finalized,2026-06-21T04:51:00Z,,,,,,,,,,,,,,2026-07-29T11:46:28Z
KXWC1HTOTAL-26JUN21TUNJPN-2,KXWC1HTOTAL-26JUN21TUNJPN,,Over 1.5 1H goals scored?,,,finalized,2026-06-21T04:51:00Z,,,,,,,,,,,,,,2026-07-29T11:46:28Z
KXWC1HTOTAL-26JUN21TUNJPN-1,KXWC1HTOTAL-26JUN21TUNJPN,,Over 0.5 1H goals scored?,,,finalized,2026-06-21T04:51:00Z,,,,,,,,,,,,,,2026-07-29T11:46:28Z
KXWC1HTOTAL-26JUN21ESPKSA-4,KXWC1HTOTAL-26JUN21ESPKSA,,Over 3.5 1H goals scored?,,,finalized,2026-06-21T16:51:15Z,,,,,,,,,,,,,,2026-07-29T11:46:28Z
KXWC1HTOTAL-26JUN21ESPKSA-3,KXWC1HTOTAL-26JUN21ESPKSA,,Over 2.5 1H goals scored?,,,finalized,2026-06-21T16:51:14Z,,,,,,,,,,,,,,2026-07-29T11:46:28Z
KXWC1HTOTAL-26JUN21ESPKSA-2,KXWC1HTOTAL-26JUN21ESPKSA,,Over 1.5 1H goals scored?,,,finalized,2026-06-21T16:51:14Z,,,,,,,,,,,,,,2026-07-29T11:46:28Z
KXWC1HTOTAL-26JUN21ESPKSA-1,KXWC1HTOTAL-26JUN21ESPKSA,,Over 0.5 1H goals scored?,,,finalized,2026-06-21T16:51:14Z,,,,,,,,,,,,,,2026-07-29T11:46:28Z
KXWC1HTOTAL-26JUN21BELIRI-4,KXWC1HTOTAL-26JUN21BELIRI,,Over 3.5 1H goals scored?,,,finalized,2026-06-21T19:55:40Z,,,,,,,,,,,,,,2026-07-29T11:46:28Z
KXWC1HTOTAL-26JUN21BELIRI-3,KXWC1HTOTAL-26JUN21BELIRI,,Over 2.5 1H goals scored?,,,finalized,2026-06-21T19:55:40Z,,,,,,,,,,,,,,2026-07-29T11:46:28Z
KXWC1HTOTAL-26JUN21BELIRI-2,KXWC1HTOTAL-26JUN21BELIRI,,Over 1.5 1H goals scored?,,,finalized,2026-06-21T19:55:40Z,,,,,,,,,,,,,,2026-07-29T11:46:28Z
KXWC1HTOTAL-26JUN21BELIRI-1,KXWC1HTOTAL-26JUN21BELIRI,,Over 0.5 1H goals scored?,,,finalized,2026-06-21T19:55:40Z,,,,,,,,,,,,,,2026-07-29T11:46:28Z
KXWC1HTOTAL-26JUN21URUCPV-4,KXWC1HTOTAL-26JUN21URUCPV,,Over 3.5 1H goals scored?,,,finalized,2026-06-21T22:55:24Z,,,,,,,,,,,,,,2026-07-29T11:46:28Z
KXWC1HTOTAL-26JUN21URUCPV-3,KXWC1HTOTAL-26JUN21URUCPV,,Over 2.5 1H goals scored?,,,finalized,2026-06-21T22:55:24Z,,,,,,,,,,,,,,2026-07-29T11:46:28Z
KXWC1HTOTAL-26JUN21URUCPV-2,KXWC1HTOTAL-26JUN21URUCPV,,Over 1.5 1H goals scored?,,,finalized,2026-06-21T22:55:23Z,,,,,,,,,,,,,,2026-07-29T11:46:28Z
KXWC1HTOTAL-26JUN21URUCPV-1,KXWC1HTOTAL-26JUN21URUCPV,,Over 0.5 1H goals scored?,,,finalized,2026-06-21T22:55:23Z,,,,,,,,,,,,,,2026-07-29T11:46:28Z
KXWC1HTOTAL-26JUN21NZLEGY-4,KXWC1HTOTAL-26JUN21NZLEGY,,Over 3.5 1H goals scored?,,,finalized,2026-06-22T01:50:20Z,,,,,,,,,,,,,,2026-07-29T11:46:28Z
KXWC1HTOTAL-26JUN21NZLEGY-3,KXWC1HTOTAL-26JUN21NZLEGY,,Over 2.5 1H goals scored?,,,finalized,2026-06-22T01:50:20Z,,,,,,,,,,,,,,2026-07-29T11:46:28Z
KXWC1HTOTAL-26JUN21NZLEGY-2,KXWC1HTOTAL-26JUN21NZLEGY,,Over 1.5 1H goals scored?,,,finalized,2026-06-22T01:50:19Z,,,,,,,,,,,,,,2026-07-29T11:46:28Z
KXWC1HTOTAL-26JUN21NZLEGY-1,KXWC1HTOTAL-26JUN21NZLEGY,,Over 0.5 1H goals scored?,,,finalized,2026-06-22T01:50:19Z,,,,,,,,,,,,,,2026-07-29T11:46:28Z
KXWC1HTOTAL-26JUN22ARGAUT-4,KXWC1HTOTAL-26JUN22ARGAUT,,Over 3.5 1H goals scored?,,,finalized,2026-06-22T17:55:11Z,,,,,,,,,,,,,,2026-07-29T11:46:28Z
KXWC1HTOTAL-26JUN22ARGAUT-3,KXWC1HTOTAL-26JUN22ARGAUT,,Over 2.5 1H goals scored?,,,finalized,2026-06-22T17:55:11Z,,,,,,,,,,,,,,2026-07-29T11:46:28Z
KXWC1HTOTAL-26JUN22ARGAUT-2,KXWC1HTOTAL-26JUN22ARGAUT,,Over 1.5 1H goals scored?,,,finalized,2026-06-22T17:55:11Z,,,,,,,,,,,,,,2026-07-29T11:46:28Z
KXWC1HTOTAL-26JUN22ARGAUT-1,KXWC1HTOTAL-26JUN22ARGAUT,,Over 0.5 1H goals scored?,,,finalized,2026-06-22T17:55:11Z,,,,,,,,,,,,,,2026-07-29T11:46:28Z
KXWC1HTOTAL-26JUN22FRAIRQ-4,KXWC1HTOTAL-26JUN22FRAIRQ,,Over 3.5 1H goals scored?,,,finalized,2026-06-22T21:50:23Z,,,,,,,,,,,,,,2026-07-29T11:46:28Z
KXWC1HTOTAL-26JUN22FRAIRQ-3,KXWC1HTOTAL-26JUN22FRAIRQ,,Over 2.5 1H goals scored?,,,finalized,2026-06-22T21:50:23Z,,,,,,,,,,,,,,2026-07-29T11:46:28Z
KXWC1HTOTAL-26JUN22FRAIRQ-2,KXWC1HTOTAL-26JUN22FRAIRQ,,Over 1.5 1H goals scored?,,,finalized,2026-06-22T21:50:23Z,,,,,,,,,,,,,,2026-07-29T11:46:28Z
KXWC1HTOTAL-26JUN22FRAIRQ-1,KXWC1HTOTAL-26JUN22FRAIRQ,,Over 0.5 1H goals scored?,,,finalized,2026-06-22T21:50:23Z,,,,,,,,,,,,,,2026-07-29T11:46:28Z
KXWC1HTOTAL-26JUN22NORSEN-4,KXWC1HTOTAL-26JUN22NORSEN,,Over 3.5 1H goals scored?,,,finalized,2026-06-23T00:50:31Z,,,,,,,,,,,,,,2026-07-29T11:46:28Z
KXWC1HTOTAL-26JUN22NORSEN-3,KXWC1HTOTAL-26JUN22NORSEN,,Over 2.5 1H goals scored?,,,finalized,2026-06-23T00:50:31Z,,,,,,,,,,,,,,2026-07-29T11:46:28Z
KXWC1HTOTAL-26JUN22NORSEN-2,KXWC1HTOTAL-26JUN22NORSEN,,Over 1.5 1H goals scored?,,,finalized,2026-06-23T00:50:31Z,,,,,,,,,,,,,,2026-07-29T11:46:28Z
KXWC1HTOTAL-26JUN22NORSEN-1,KXWC1HTOTAL-26JUN22NORSEN,,Over 0.5 1H goals scored?,,,finalized,2026-06-23T00:50:31Z,,,,,,,,,,,,,,2026-07-29T11:46:28Z
KXWC1HTOTAL-26JUN22JORDZA-4,KXWC1HTOTAL-26JUN22JORDZA,,Over 3.5 1H goals scored?,,,finalized,2026-06-23T03:51:22Z,,,,,,,,,,,,,,2026-07-29T11:46:28Z
KXWC1HTOTAL-26JUN22JORDZA-3,KXWC1HTOTAL-26JUN22JORDZA,,Over 2.5 1H goals scored?,,,finalized,2026-06-23T03:51:21Z,,,,,,,,,,,,,,2026-07-29T11:46:28Z
KXWC1HTOTAL-26JUN22JORDZA-2,KXWC1HTOTAL-26JUN22JORDZA,,Over 1.5 1H goals scored?,,,finalized,2026-06-23T03:51:21Z,,,,,,,,,,,,,,2026-07-29T11:46:28Z
KXWC1HTOTAL-26JUN22JORDZA-1,KXWC1HTOTAL-26JUN22JORDZA,,Over 0.5 1H goals scored?,,,finalized,2026-06-23T03:51:21Z,,,,,,,,,,,,,,2026-07-29T11:46:28Z
KXWC1HTOTAL-26JUN23PORUZB-4,KXWC1HTOTAL-26JUN23PORUZB,,Over 3.5 1H goals scored?,,,finalized,2026-06-23T17:55:15Z,,,,,,,,,,,,,,2026-07-29T11:46:28Z
KXWC1HTOTAL-26JUN23PORUZB-3,KXWC1HTOTAL-26JUN23PORUZB,,Over 2.5 1H goals scored?,,,finalized,2026-06-23T17:55:15Z,,,,,,,,,,,,,,2026-07-29T11:46:28Z
KXWC1HTOTAL-26JUN23PORUZB-2,KXWC1HTOTAL-26JUN23PORUZB,,Over 1.5 1H goals scored?,,,finalized,2026-06-23T17:55:15Z,,,,,,,,,,,,,,2026-07-29T11:46:28Z
KXWC1HTOTAL-26JUN23PORUZB-1,KXWC1HTOTAL-26JUN23PORUZB,,Over 0.5 1H goals scored?,,,finalized,2026-06-23T17:55:15Z,,,,,,,,,,,,,,2026-07-29T11:46:28Z
KXWC1HTOTAL-26JUN23ENGGHA-4,KXWC1HTOTAL-26JUN23ENGGHA,,Over 3.5 1H goals scored?,,,finalized,2026-06-23T20:55:20Z,,,,,,,,,,,,,,2026-07-29T11:46:28Z
KXWC1HTOTAL-26JUN23ENGGHA-3,KXWC1HTOTAL-26JUN23ENGGHA,,Over 2.5 1H goals scored?,,,finalized,2026-06-23T20:55:20Z,,,,,,,,,,,,,,2026-07-29T11:46:28Z
KXWC1HTOTAL-26JUN23ENGGHA-2,KXWC1HTOTAL-26JUN23ENGGHA,,Over 1.5 1H goals scored?,,,finalized,2026-06-23T20:55:19Z,,,,,,,,,,,,,,2026-07-29T11:46:28Z
KXWC1HTOTAL-26JUN23ENGGHA-1,KXWC1HTOTAL-26JUN23ENGGHA,,Over 0.5 1H goals scored?,,,finalized,2026-06-23T20:55:19Z,,,,,,,,,,,,,,2026-07-29T11:46:28Z
KXWC1HTOTAL-26JUN23PANCRO-4,KXWC1HTOTAL-26JUN23PANCRO,,Over 3.5 1H goals scored?,,,finalized,2026-06-23T23:50:24Z,,,,,,,,,,,,,,2026-07-29T11:46:28Z
KXWC1HTOTAL-26JUN23PANCRO-3,KXWC1HTOTAL-26JUN23PANCRO,,Over 2.5 1H goals scored?,,,finalized,2026-06-23T23:50:24Z,,,,,,,,,,,,,,2026-07-29T11:46:28Z
KXWC1HTOTAL-26JUN23PANCRO-2,KXWC1HTOTAL-26JUN23PANCRO,,Over 1.5 1H goals scored?,,,finalized,2026-06-23T23:50:24Z,,,,,,,,,,,,,,2026-07-29T11:46:28Z
KXWC1HTOTAL-26JUN23PANCRO-1,KXWC1HTOTAL-26JUN23PANCRO,,Over 0.5 1H goals scored?,,,finalized,2026-06-23T23:50:24Z,,,,,,,,,,,,,,2026-07-29T11:46:28Z
KXWC1HTOTAL-26JUN23COLCOD-4,KXWC1HTOTAL-26JUN23COLCOD,,Over 3.5 1H goals scored?,,,finalized,2026-06-24T02:50:21Z,,,,,,,,,,,,,,2026-07-29T11:46:28Z
KXWC1HTOTAL-26JUN23COLCOD-3,KXWC1HTOTAL-26JUN23COLCOD,,Over 2.5 1H goals scored?,,,finalized,2026-06-24T02:50:20Z,,,,,,,,,,,,,,2026-07-29T11:46:28Z
KXWC1HTOTAL-26JUN23COLCOD-2,KXWC1HTOTAL-26JUN23COLCOD,,Over 1.5 1H goals scored?,,,finalized,2026-06-24T02:50:20Z,,,,,,,,,,,,,,2026-07-29T11:46:28Z
KXWC1HTOTAL-26JUN23COLCOD-1,KXWC1HTOTAL-26JUN23COLCOD,,Over 0.5 1H goals scored?,,,finalized,2026-06-24T02:50:20Z,,,,,,,,,,,,,,2026-07-29T11:46:28Z
KXWC1HTOTAL-26JUN24BIHQAT-4,KXWC1HTOTAL-26JUN24BIHQAT,,Over 3.5 1H goals scored?,,,finalized,2026-06-24T19:50:28Z,,,,,,,,,,,,,,2026-07-29T11:46:28Z
KXWC1HTOTAL-26JUN24BIHQAT-3,KXWC1HTOTAL-26JUN24BIHQAT,,Over 2.5 1H goals scored?,,,finalized,2026-06-24T19:50:28Z,,,,,,,,,,,,,,2026-07-29T11:46:28Z
KXWC1HTOTAL-26JUN24BIHQAT-2,KXWC1HTOTAL-26JUN24BIHQAT,,Over 1.5 1H goals scored?,,,finalized,2026-06-24T19:50:27Z,,,,,,,,,,,,,,2026-07-29T11:46:28Z
KXWC1HTOTAL-26JUN24BIHQAT-1,KXWC1HTOTAL-26JUN24BIHQAT,,Over 0.5 1H goals scored?,,,finalized,2026-06-24T19:50:27Z,,,,,,,,,,,,,,2026-07-29T11:46:28Z
KXWC1HTOTAL-26JUN24SUICAN-4,KXWC1HTOTAL-26JUN24SUICAN,,Over 3.5 1H goals scored?,,,finalized,2026-06-24T19:50:27Z,,,,,,,,,,,,,,2026-07-29T11:46:28Z
KXWC1HTOTAL-26JUN24SUICAN-3,KXWC1HTOTAL-26JUN24SUICAN,,Over 2.5 1H goals scored?,,,finalized,2026-06-24T19:50:27Z,,,,,,,,,,,,,,2026-07-29T11:46:28Z
KXWC1HTOTAL-26JUN24SUICAN-2,KXWC1HTOTAL-26JUN24SUICAN,,Over 1.5 1H goals scored?,,,finalized,2026-06-24T19:50:26Z,,,,,,,,,,,,,,2026-07-29T11:46:28Z
KXWC1HTOTAL-26JUN24SUICAN-1,KXWC1HTOTAL-26JUN24SUICAN,,Over 0.5 1H goals scored?,,,finalized,2026-06-24T19:50:26Z,,,,,,,,,,,,,,2026-07-29T11:46:28Z
KXWC1HTOTAL-26JUN24MARHTI-4,KXWC1HTOTAL-26JUN24MARHTI,,Over 3.5 1H goals scored?,,,finalized,2026-06-24T22:50:42Z,,,,,,,,,,,,,,2026-07-29T11:46:28Z
KXWC1HTOTAL-26JUN24MARHTI-3,KXWC1HTOTAL-26JUN24MARHTI,,Over 2.5 1H goals scored?,,,finalized,2026-06-24T22:50:42Z,,,,,,,,,,,,,,2026-07-29T11:46:28Z
KXWC1HTOTAL-26JUN24MARHTI-2,KXWC1HTOTAL-26JUN24MARHTI,,Over 1.5 1H goals scored?,,,finalized,2026-06-24T22:50:42Z,,,,,,,,,,,,,,2026-07-29T11:46:28Z
KXWC1HTOTAL-26JUN24MARHTI-1,KXWC1HTOTAL-26JUN24MARHTI,,Over 0.5 1H goals scored?,,,finalized,2026-06-24T22:50:42Z,,,,,,,,,,,,,,2026-07-29T11:46:28Z
KXWC1HTOTAL-26JUN24SCOBRA-4,KXWC1HTOTAL-26JUN24SCOBRA,,Over 3.5 1H goals scored?,,,finalized,2026-06-24T22:55:20Z,,,,,,,,,,,,,,2026-07-29T11:46:28Z
KXWC1HTOTAL-26JUN24SCOBRA-3,KXWC1HTOTAL-26JUN24SCOBRA,,Over 2.5 1H goals scored?,,,finalized,2026-06-24T22:55:19Z,,,,,,,,,,,,,,2026-07-29T11:46:28Z
KXWC1HTOTAL-26JUN24SCOBRA-2,KXWC1HTOTAL-26JUN24SCOBRA,,Over 1.5 1H goals scored?,,,finalized,2026-06-24T22:55:19Z,,,,,,,,,,,,,,2026-07-29T11:46:28Z
KXWC1HTOTAL-26JUN24SCOBRA-1,KXWC1HTOTAL-26JUN24SCOBRA,,Over 0.5 1H goals scored?,,,finalized,2026-06-24T22:55:19Z,,,,,,,,,,,,,,2026-07-29T11:46:28Z
KXWC1HTOTAL-26JUN24CZEMEX-4,KXWC1HTOTAL-26JUN24CZEMEX,,Over 3.5 1H goals scored?,,,finalized,2026-06-25T01:50:24Z,,,,,,,,,,,,,,2026-07-29T11:46:28Z
KXWC1HTOTAL-26JUN24CZEMEX-3,KXWC1HTOTAL-26JUN24CZEMEX,,Over 2.5 1H goals scored?,,,finalized,2026-06-25T01:50:24Z,,,,,,,,,,,,,,2026-07-29T11:46:28Z
KXWC1HTOTAL-26JUN24CZEMEX-2,KXWC1HTOTAL-26JUN24CZEMEX,,Over 1.5 1H goals scored?,,,finalized,2026-06-25T01:50:24Z,,,,,,,,,,,,,,2026-07-29T11:46:28Z
KXWC1HTOTAL-26JUN24CZEMEX-1,KXWC1HTOTAL-26JUN24CZEMEX,,Over 0.5 1H goals scored?,,,finalized,2026-06-25T01:50:24Z,,,,,,,,,,,,,,2026-07-29T11:46:28Z
KXWC1HTOTAL-26JUN24RSAKOR-4,KXWC1HTOTAL-26JUN24RSAKOR,,Over 3.5 1H goals scored?,,,finalized,2026-06-25T01:50:23Z,,,,,,,,,,,,,,2026-07-29T11:46:28Z
KXWC1HTOTAL-26JUN24RSAKOR-3,KXWC1HTOTAL-26JUN24RSAKOR,,Over 2.5 1H goals scored?,,,finalized,2026-06-25T01:50:23Z,,,,,,,,,,,,,,2026-07-29T11:46:28Z
KXWC1HTOTAL-26JUN24RSAKOR-2,KXWC1HTOTAL-26JUN24RSAKOR,,Over 1.5 1H goals scored?,,,finalized,2026-06-25T01:50:23Z,,,,,,,,,,,,,,2026-07-29T11:46:28Z
KXWC1HTOTAL-26JUN24RSAKOR-1,KXWC1HTOTAL-26JUN24RSAKOR,,Over 0.5 1H goals scored?,,,finalized,2026-06-25T01:50:23Z,,,,,,,,,,,,,,2026-07-29T11:46:28Z
KXWC1HTOTAL-26JUN25CUWCIV-4,KXWC1HTOTAL-26JUN25CUWCIV,,Over 3.5 1H goals scored?,,,finalized,2026-06-25T20:51:16Z,,,,,,,,,,,,,,2026-07-29T11:46:28Z
KXWC1HTOTAL-26JUN25CUWCIV-3,KXWC1HTOTAL-26JUN25CUWCIV,,Over 2.5 1H goals scored?,,,finalized,2026-06-25T20:51:16Z,,,,,,,,,,,,,,2026-07-29T11:46:28Z
KXWC1HTOTAL-26JUN25CUWCIV-2,KXWC1HTOTAL-26JUN25CUWCIV,,Over 1.5 1H goals scored?,,,finalized,2026-06-25T20:51:16Z,,,,,,,,,,,,,,2026-07-29T11:46:28Z
KXWC1HTOTAL-26JUN25CUWCIV-1,KXWC1HTOTAL-26JUN25CUWCIV,,Over 0.5 1H goals scored?,,,finalized,2026-06-25T20:51:16Z,,,,,,,,,,,,,,2026-07-29T11:46:28Z
KXWC1HTOTAL-26JUN25ECUGER-4,KXWC1HTOTAL-26JUN25ECUGER,,Over 3.5 1H goals scored?,,,finalized,2026-06-25T20:51:15Z,,,,,,,,,,,,,,2026-07-29T11:46:28Z
KXWC1HTOTAL-26JUN25ECUGER-3,KXWC1HTOTAL-26JUN25ECUGER,,Over 2.5 1H goals scored?,,,finalized,2026-06-25T20:51:15Z,,,,,,,,,,,,,,2026-07-29T11:46:28Z
KXWC1HTOTAL-26JUN25ECUGER-2,KXWC1HTOTAL-26JUN25ECUGER,,Over 1.5 1H goals scored?,,,finalized,2026-06-25T20:51:15Z,,,,,,,,,,,,,,2026-07-29T11:46:28Z
KXWC1HTOTAL-26JUN25ECUGER-1,KXWC1HTOTAL-26JUN25ECUGER,,Over 0.5 1H goals scored?,,,finalized,2026-06-25T20:51:15Z,,,,,,,,,,,,,,2026-07-29T11:46:28Z
KXWC1HTOTAL-26JUN25JPNSWE-4,KXWC1HTOTAL-26JUN25JPNSWE,,Over 3.5 1H goals scored?,,,finalized,2026-06-25T23:50:32Z,,,,,,,,,,,,,,2026-07-29T11:46:28Z
KXWC1HTOTAL-26JUN25JPNSWE-3,KXWC1HTOTAL-26JUN25JPNSWE,,Over 2.5 1H goals scored?,,,finalized,2026-06-25T23:50:32Z,,,,,,,,,,,,,,2026-07-29T11:46:28Z
KXWC1HTOTAL-26JUN25JPNSWE-2,KXWC1HTOTAL-26JUN25JPNSWE,,Over 1.5 1H goals scored?,,,finalized,2026-06-25T23:50:32Z,,,,,,,,,,,,,,2026-07-29T11:46:28Z
KXWC1HTOTAL-26JUN25JPNSWE-1,KXWC1HTOTAL-26JUN25JPNSWE,,Over 0.5 1H goals scored?,,,finalized,2026-06-25T23:50:32Z,,,,,,,,,,,,,,2026-07-29T11:46:28Z
KXWC1HTOTAL-26JUN25TUNNED-4,KXWC1HTOTAL-26JUN25TUNNED,,Over 3.5 1H goals scored?,,,finalized,2026-06-25T23:50:31Z,,,,,,,,,,,,,,2026-07-29T11:46:28Z
KXWC1HTOTAL-26JUN25TUNNED-3,KXWC1HTOTAL-26JUN25TUNNED,,Over 2.5 1H goals scored?,,,finalized,2026-06-25T23:50:31Z,,,,,,,,,,,,,,2026-07-29T11:46:28Z
KXWC1HTOTAL-26JUN25TUNNED-2,KXWC1HTOTAL-26JUN25TUNNED,,Over 1.5 1H goals scored?,,,finalized,2026-06-25T23:50:31Z,,,,,,,,,,,,,,2026-07-29T11:46:28Z
KXWC1HTOTAL-26JUN25TUNNED-1,KXWC1HTOTAL-26JUN25TUNNED,,Over 0.5 1H goals scored?,,,finalized,2026-06-25T23:50:31Z,,,,,,,,,,,,,,2026-07-29T11:46:28Z
KXWC1HTOTAL-26JUN25PARAUS-4,KXWC1HTOTAL-26JUN25PARAUS,,Over 3.5 1H goals scored?,,,finalized,2026-06-26T02:51:31Z,,,,,,,,,,,,,,2026-07-29T11:46:28Z
KXWC1HTOTAL-26JUN25PARAUS-3,KXWC1HTOTAL-26JUN25PARAUS,,Over 2.5 1H goals scored?,,,finalized,2026-06-26T02:51:31Z,,,,,,,,,,,,,,2026-07-29T11:46:28Z
KXWC1HTOTAL-26JUN25PARAUS-2,KXWC1HTOTAL-26JUN25PARAUS,,Over 1.5 1H goals scored?,,,finalized,2026-06-26T02:51:31Z,,,,,,,,,,,,,,2026-07-29T11:46:28Z
KXWC1HTOTAL-26JUN25PARAUS-1,KXWC1HTOTAL-26JUN25PARAUS,,Over 0.5 1H goals scored?,,,finalized,2026-06-26T02:51:31Z,,,,,,,,,,,,,,2026-07-29T11:46:28Z
KXWC1HTOTAL-26JUN25TURUSA-4,KXWC1HTOTAL-26JUN25TURUSA,,Over 3.5 1H goals scored?,,,finalized,2026-06-26T02:51:30Z,,,,,,,,,,,,,,2026-07-29T11:46:28Z
KXWC1HTOTAL-26JUN25TURUSA-3,KXWC1HTOTAL-26JUN25TURUSA,,Over 2.5 1H goals scored?,,,finalized,2026-06-26T02:51:30Z,,,,,,,,,,,,,,2026-07-29T11:46:28Z
KXWC1HTOTAL-26JUN25TURUSA-2,KXWC1HTOTAL-26JUN25TURUSA,,Over 1.5 1H goals scored?,,,finalized,2026-06-26T02:51:30Z,,,,,,,,,,,,,,2026-07-29T11:46:28Z
KXWC1HTOTAL-26JUN25TURUSA-1,KXWC1HTOTAL-26JUN25TURUSA,,Over 0.5 1H goals scored?,,,finalized,2026-06-26T02:51:30Z,,,,,,,,,,,,,,2026-07-29T11:46:28Z
KXWC1HTOTAL-26JUN26NORFRA-4,KXWC1HTOTAL-26JUN26NORFRA,,Over 3.5 1H goals scored?,,,finalized,2026-06-26T19:55:19Z,,,,,,,,,,,,,,2026-07-29T11:46:28Z
KXWC1HTOTAL-26JUN26NORFRA-3,KXWC1HTOTAL-26JUN26NORFRA,,Over 2.5 1H goals scored?,,,finalized,2026-06-26T19:55:19Z,,,,,,,,,,,,,,2026-07-29T11:46:28Z
KXWC1HTOTAL-26JUN26NORFRA-2,KXWC1HTOTAL-26JUN26NORFRA,,Over 1.5 1H goals scored?,,,finalized,2026-06-26T19:55:19Z,,,,,,,,,,,,,,2026-07-29T11:46:28Z
KXWC1HTOTAL-26JUN26NORFRA-1,KXWC1HTOTAL-26JUN26NORFRA,,Over 0.5 1H goals scored?,,,finalized,2026-06-26T19:55:19Z,,,,,,,,,,,,,,2026-07-29T11:46:28Z
KXWC1HTOTAL-26JUN26SENIRQ-4,KXWC1HTOTAL-26JUN26SENIRQ,,Over 3.5 1H goals scored?,,,finalized,2026-06-26T20:00:38Z,,,,,,,,,,,,,,2026-07-29T11:46:28Z
KXWC1HTOTAL-26JUN26SENIRQ-3,KXWC1HTOTAL-26JUN26SENIRQ,,Over 2.5 1H goals scored?,,,finalized,2026-06-26T20:00:38Z,,,,,,,,,,,,,,2026-07-29T11:46:28Z
KXWC1HTOTAL-26JUN26SENIRQ-2,KXWC1HTOTAL-26JUN26SENIRQ,,Over 1.5 1H goals scored?,,,finalized,2026-06-26T20:00:38Z,,,,,,,,,,,,,,2026-07-29T11:46:28Z
KXWC1HTOTAL-26JUN26SENIRQ-1,KXWC1HTOTAL-26JUN26SENIRQ,,Over 0.5 1H goals scored?,,,finalized,2026-06-26T20:00:38Z,,,,,,,,,,,,,,2026-07-29T11:46:28Z
KXWC1HTOTAL-26JUN26CPVKSA-4,KXWC1HTOTAL-26JUN26CPVKSA,,Over 3.5 1H goals scored?,,,finalized,2026-06-27T00:55:19Z,,,,,,,,,,,,,,2026-07-29T11:46:28Z
KXWC1HTOTAL-26JUN26CPVKSA-3,KXWC1HTOTAL-26JUN26CPVKSA,,Over 2.5 1H goals scored?,,,finalized,2026-06-27T00:55:18Z,,,,,,,,,,,,,,2026-07-29T11:46:28Z
KXWC1HTOTAL-26JUN26CPVKSA-2,KXWC1HTOTAL-26JUN26CPVKSA,,Over 1.5 1H goals scored?,,,finalized,2026-06-27T00:55:18Z,,,,,,,,,,,,,,2026-07-29T11:46:28Z
KXWC1HTOTAL-26JUN26CPVKSA-1,KXWC1HTOTAL-26JUN26CPVKSA,,Over 0.5 1H goals scored?,,,finalized,2026-06-27T00:55:18Z,,,,,,,,,,,,,,2026-07-29T11:46:28Z
KXWC1HTOTAL-26JUN26URUESP-4,KXWC1HTOTAL-26JUN26URUESP,,Over 3.5 1H goals scored?,,,finalized,2026-06-27T00:55:18Z,,,,,,,,,,,,,,2026-07-29T11:46:28Z
KXWC1HTOTAL-26JUN26URUESP-3,KXWC1HTOTAL-26JUN26URUESP,,Over 2.5 1H goals scored?,,,finalized,2026-06-27T00:55:18Z,,,,,,,,,,,,,,2026-07-29T11:46:28Z
KXWC1HTOTAL-26JUN26URUESP-2,KXWC1HTOTAL-26JUN26URUESP,,Over 1.5 1H goals scored?,,,finalized,2026-06-27T00:55:17Z,,,,,,,,,,,,,,2026-07-29T11:46:28Z
KXWC1HTOTAL-26JUN26URUESP-1,KXWC1HTOTAL-26JUN26URUESP,,Over 0.5 1H goals scored?,,,finalized,2026-06-27T00:55:17Z,,,,,,,,,,,,,,2026-07-29T11:46:28Z
KXWC1HTOTAL-26JUN26EGYIRI-4,KXWC1HTOTAL-26JUN26EGYIRI,,Over 3.5 1H goals scored?,,,finalized,2026-06-27T03:55:13Z,,,,,,,,,,,,,,2026-07-29T11:46:28Z
KXWC1HTOTAL-26JUN26EGYIRI-3,KXWC1HTOTAL-26JUN26EGYIRI,,Over 2.5 1H goals scored?,,,finalized,2026-06-27T03:55:13Z,,,,,,,,,,,,,,2026-07-29T11:46:28Z
KXWC1HTOTAL-26JUN26EGYIRI-2,KXWC1HTOTAL-26JUN26EGYIRI,,Over 1.5 1H goals scored?,,,finalized,2026-06-27T03:55:13Z,,,,,,,,,,,,,,2026-07-29T11:46:28Z
KXWC1HTOTAL-26JUN26EGYIRI-1,KXWC1HTOTAL-26JUN26EGYIRI,,Over 0.5 1H goals scored?,,,finalized,2026-06-27T03:55:13Z,,,,,,,,,,,,,,2026-07-29T11:46:28Z
KXWC1HTOTAL-26JUN26NZLBEL-4,KXWC1HTOTAL-26JUN26NZLBEL,,Over 3.5 1H goals scored?,,,finalized,2026-06-27T03:55:12Z,,,,,,,,,,,,,,2026-07-29T11:46:28Z
KXWC1HTOTAL-26JUN26NZLBEL-3,KXWC1HTOTAL-26JUN26NZLBEL,,Over 2.5 1H goals scored?,,,finalized,2026-06-27T03:55:12Z,,,,,,,,,,,,,,2026-07-29T11:46:28Z
KXWC1HTOTAL-26JUN26NZLBEL-2,KXWC1HTOTAL-26JUN26NZLBEL,,Over 1.5 1H goals scored?,,,finalized,2026-06-27T03:55:12Z,,,,,,,,,,,,,,2026-07-29T11:46:28Z
KXWC1HTOTAL-26JUN26NZLBEL-1,KXWC1HTOTAL-26JUN26NZLBEL,,Over 0.5 1H goals scored?,,,finalized,2026-06-27T03:55:12Z,,,,,,,,,,,,,,2026-07-29T11:46:28Z
KXWC1HTOTAL-26JUN27CROGHA-4,KXWC1HTOTAL-26JUN27CROGHA,,Over 3.5 1H goals scored?,,,finalized,2026-06-27T21:50:32Z,,,,,,,,,,,,,,2026-07-29T11:46:28Z
KXWC1HTOTAL-26JUN27CROGHA-3,KXWC1HTOTAL-26JUN27CROGHA,,Over 2.5 1H goals scored?,,,finalized,2026-06-27T21:50:32Z,,,,,,,,,,,,,,2026-07-29T11:46:28Z
KXWC1HTOTAL-26JUN27CROGHA-2,KXWC1HTOTAL-26JUN27CROGHA,,Over 1.5 1H goals scored?,,,finalized,2026-06-27T21:50:32Z,,,,,,,,,,,,,,2026-07-29T11:46:28Z
KXWC1HTOTAL-26JUN27CROGHA-1,KXWC1HTOTAL-26JUN27CROGHA,,Over 0.5 1H goals scored?,,,finalized,2026-06-27T21:50:31Z,,,,,,,,,,,,,,2026-07-29T11:46:28Z
KXWC1HTOTAL-26JUN27PANENG-4,KXWC1HTOTAL-26JUN27PANENG,,Over 3.5 1H goals scored?,,,finalized,2026-06-27T21:50:31Z,,,,,,,,,,,,,,2026-07-29T11:46:28Z
KXWC1HTOTAL-26JUN27PANENG-3,KXWC1HTOTAL-26JUN27PANENG,,Over 2.5 1H goals scored?,,,finalized,2026-06-27T21:50:31Z,,,,,,,,,,,,,,2026-07-29T11:46:28Z
KXWC1HTOTAL-26JUN27PANENG-2,KXWC1HTOTAL-26JUN27PANENG,,Over 1.5 1H goals scored?,,,finalized,2026-06-27T21:50:31Z,,,,,,,,,,,,,,2026-07-29T11:46:28Z
KXWC1HTOTAL-26JUN27PANENG-1,KXWC1HTOTAL-26JUN27PANENG,,Over 0.5 1H goals scored?,,,finalized,2026-06-27T21:50:30Z,,,,,,,,,,,,,,2026-07-29T11:46:28Z
KXWC1HTOTAL-26JUN27CODUZB-4,KXWC1HTOTAL-26JUN27CODUZB,,Over 3.5 1H goals scored?,,,finalized,2026-06-28T00:25:12Z,,,,,,,,,,,,,,2026-07-29T11:46:28Z
KXWC1HTOTAL-26JUN27CODUZB-3,KXWC1HTOTAL-26JUN27CODUZB,,Over 2.5 1H goals scored?,,,finalized,2026-06-28T00:25:12Z,,,,,,,,,,,,,,2026-07-29T11:46:28Z
KXWC1HTOTAL-26JUN27CODUZB-2,KXWC1HTOTAL-26JUN27CODUZB,,Over 1.5 1H goals scored?,,,finalized,2026-06-28T00:25:12Z,,,,,,,,,,,,,,2026-07-29T11:46:28Z
KXWC1HTOTAL-26JUN27CODUZB-1,KXWC1HTOTAL-26JUN27CODUZB,,Over 0.5 1H goals scored?,,,finalized,2026-06-28T00:25:11Z,,,,,,,,,,,,,,2026-07-29T11:46:28Z
KXWC1HTOTAL-26JUN27COLPOR-4,KXWC1HTOTAL-26JUN27COLPOR,,Over 3.5 1H goals scored?,,,finalized,2026-06-28T00:20:23Z,,,,,,,,,,,,,,2026-07-29T11:46:28Z
KXWC1HTOTAL-26JUN27COLPOR-3,KXWC1HTOTAL-26JUN27COLPOR,,Over 2.5 1H goals scored?,,,finalized,2026-06-28T00:20:23Z,,,,,,,,,,,,,,2026-07-29T11:46:28Z
KXWC1HTOTAL-26JUN27COLPOR-2,KXWC1HTOTAL-26JUN27COLPOR,,Over 1.5 1H goals scored?,,,finalized,2026-06-28T00:20:23Z,,,,,,,,,,,,,,2026-07-29T11:46:28Z
KXWC1HTOTAL-26JUN27COLPOR-1,KXWC1HTOTAL-26JUN27COLPOR,,Over 0.5 1H goals scored?,,,finalized,2026-06-28T00:20:23Z,,,,,,,,,,,,,,2026-07-29T11:46:28Z
KXWC1HTOTAL-26JUN27DZAAUT-4,KXWC1HTOTAL-26JUN27DZAAUT,,Over 3.5 1H goals scored?,,,finalized,2026-06-28T02:50:29Z,,,,,,,,,,,,,,2026-07-29T11:46:28Z
KXWC1HTOTAL-26JUN27DZAAUT-3,KXWC1HTOTAL-26JUN27DZAAUT,,Over 2.5 1H goals scored?,,,finalized,2026-06-28T02:50:29Z,,,,,,,,,,,,,,2026-07-29T11:46:28Z
KXWC1HTOTAL-26JUN27DZAAUT-2,KXWC1HTOTAL-26JUN27DZAAUT,,Over 1.5 1H goals scored?,,,finalized,2026-06-28T02:50:29Z,,,,,,,,,,,,,,2026-07-29T11:46:28Z
KXWC1HTOTAL-26JUN27DZAAUT-1,KXWC1HTOTAL-26JUN27DZAAUT,,Over 0.5 1H goals scored?,,,finalized,2026-06-28T02:50:29Z,,,,,,,,,,,,,,2026-07-29T11:46:28Z
KXWC1HTOTAL-26JUN27JORARG-4,KXWC1HTOTAL-26JUN27JORARG,,Over 3.5 1H goals scored?,,,finalized,2026-06-28T02:50:28Z,,,,,,,,,,,,,,2026-07-29T11:46:28Z
KXWC1HTOTAL-26JUN27JORARG-3,KXWC1HTOTAL-26JUN27JORARG,,Over 2.5 1H goals scored?,,,finalized,2026-06-28T02:50:28Z,,,,,,,,,,,,,,2026-07-29T11:46:28Z
KXWC1HTOTAL-26JUN27JORARG-2,KXWC1HTOTAL-26JUN27JORARG,,Over 1.5 1H goals scored?,,,finalized,2026-06-28T02:50:28Z,,,,,,,,,,,,,,2026-07-29T11:46:28Z
KXWC1HTOTAL-26JUN27JORARG-1,KXWC1HTOTAL-26JUN27JORARG,,Over 0.5 1H goals scored?,,,finalized,2026-06-28T02:50:27Z,,,,,,,,,,,,,,2026-07-29T11:46:28Z
KXWC1HSPREAD-26JUL18FRAENG-FRA2,KXWC1HSPREAD-26JUL18FRAENG,,France wins by more than 1.5 goals in the 1st Half?,,,finalized,2026-07-18T21:54:18Z,,,,,,,,,,,,,,2026-07-29T11:46:28Z
KXWC1HSPREAD-26JUL18FRAENG-ENG2,KXWC1HSPREAD-26JUL18FRAENG,,England wins by more than 1.5 goals in the 1st Half?,,,finalized,2026-07-18T21:54:18Z,,,,,,,,,,,,,,2026-07-29T11:46:28Z
KXWC1HSPREAD-26JUL19ESPARG-ESP2,KXWC1HSPREAD-26JUL19ESPARG,,Spain wins by more than 1.5 goals in the 1st Half?,,,finalized,2026-07-19T19:58:50Z,,,,,,,,,,,,,,2026-07-29T11:46:28Z
KXWC1HSPREAD-26JUL19ESPARG-ARG2,KXWC1HSPREAD-26JUL19ESPARG,,Argentina wins by more than 1.5 goals in the 1st Half?,,,finalized,2026-07-19T19:58:50Z,,,,,,,,,,,,,,2026-07-29T11:46:28Z
KXWC1HSPREAD-26JUL15ENGARG-ENG2,KXWC1HSPREAD-26JUL15ENGARG,,England wins by more than 1.5 goals in the 1st Half?,,,finalized,2026-07-15T19:50:07Z,,,,,,,,,,,,,,2026-07-29T11:46:28Z
KXWC1HSPREAD-26JUL15ENGARG-ARG2,KXWC1HSPREAD-26JUL15ENGARG,,Argentina wins by more than 1.5 goals in the 1st Half?,,,finalized,2026-07-15T19:50:08Z,,,,,,,,,,,,,,2026-07-29T11:46:28Z
KXWC1HSPREAD-26JUL14FRAESP-FRA2,KXWC1HSPREAD-26JUL14FRAESP,,France wins by more than 1.5 goals in the 1st Half?,,,finalized,2026-07-14T19:55:03Z,,,,,,,,,,,,,,2026-07-29T11:46:28Z
KXWC1HSPREAD-26JUL14FRAESP-ESP2,KXWC1HSPREAD-26JUL14FRAESP,,Spain wins by more than 1.5 goals in the 1st Half?,,,finalized,2026-07-14T19:55:03Z,,,,,,,,,,,,,,2026-07-29T11:46:28Z
KXWC1HSPREAD-26JUL11ARGSUI-SUI2,KXWC1HSPREAD-26JUL11ARGSUI,,Switzerland wins by more than 1.5 goals in the 1st Half?,,,finalized,2026-07-12T01:50:05Z,,,,,,,,,,,,,,2026-07-29T11:46:28Z
KXWC1HSPREAD-26JUL11ARGSUI-ARG2,KXWC1HSPREAD-26JUL11ARGSUI,,Argentina wins by more than 1.5 goals in the 1st Half?,,,finalized,2026-07-12T01:50:05Z,,,,,,,,,,,,,,2026-07-29T11:46:28Z
KXWC1HSPREAD-26JUL10ESPBEL-ESP2,KXWC1HSPREAD-26JUL10ESPBEL,,Spain wins by more than 1.5 goals in the 1st Half?,,,finalized,2026-07-10T19:50:12Z,,,,,,,,,,,,,,2026-07-29T11:46:28Z
KXWC1HSPREAD-26JUL10ESPBEL-BEL2,KXWC1HSPREAD-26JUL10ESPBEL,,Belgium wins by more than 1.5 goals in the 1st Half?,,,finalized,2026-07-10T19:50:12Z,,,,,,,,,,,,,,2026-07-29T11:46:28Z
KXWC1HSPREAD-26JUL11NORENG-NOR2,KXWC1HSPREAD-26JUL11NORENG,,Norway wins by more than 1.5 goals in the 1st Half?,,,finalized,2026-07-11T21:50:26Z,,,,,,,,,,,,,,2026-07-29T11:46:28Z
KXWC1HSPREAD-26JUL11NORENG-ENG2,KXWC1HSPREAD-26JUL11NORENG,,England wins by more than 1.5 goals in the 1st Half?,,,finalized,2026-07-11T21:50:26Z,,,,,,,,,,,,,,2026-07-29T11:46:28Z
KXWC1HSPREAD-26JUL09FRAMAR-MAR2,KXWC1HSPREAD-26JUL09FRAMAR,,Morocco wins by more than 1.5 goals in the 1st Half?,,,finalized,2026-07-09T20:50:11Z,,,,,,,,,,,,,,2026-07-29T11:46:28Z
KXWC1HSPREAD-26JUL09FRAMAR-FRA2,KXWC1HSPREAD-26JUL09FRAMAR,,France wins by more than 1.5 goals in the 1st Half?,,,finalized,2026-07-09T20:50:11Z,,,,,,,,,,,,,,2026-07-29T11:46:28Z
KXWC1HSPREAD-26JUL07SUICOL-SUI2,KXWC1HSPREAD-26JUL07SUICOL,,Switzerland wins by more than 1.5 goals in the 1st Half?,,,finalized,2026-07-07T20:50:12Z,,,,,,,,,,,,,,2026-07-29T11:46:28Z
KXWC1HSPREAD-26JUL07SUICOL-COL2,KXWC1HSPREAD-26JUL07SUICOL,,Colombia wins by more than 1.5 goals in the 1st Half?,,,finalized,2026-07-07T20:50:12Z,,,,,,,,,,,,,,2026-07-29T11:46:28Z
KXWC1HSPREAD-26JUL07ARGEGY-EGY2,KXWC1HSPREAD-26JUL07ARGEGY,,Egypt wins by more than 1.5 goals in the 1st Half?,,,finalized,2026-07-07T16:55:03Z,,,,,,,,,,,,,,2026-07-29T11:46:28Z
KXWC1HSPREAD-26JUL07ARGEGY-ARG2,KXWC1HSPREAD-26JUL07ARGEGY,,Argentina wins by more than 1.5 goals in the 1st Half?,,,finalized,2026-07-07T16:55:03Z,,,,,,,,,,,,,,2026-07-29T11:46:28Z
KXWC1HSPREAD-26JUL06PORESP-POR2,KXWC1HSPREAD-26JUL06PORESP,,Portugal wins by more than 1.5 goals in the 1st Half?,,,finalized,2026-07-06T19:55:05Z,,,,,,,,,,,,,,2026-07-29T11:46:28Z
KXWC1HSPREAD-26JUL06PORESP-ESP2,KXWC1HSPREAD-26JUL06PORESP,,Spain wins by more than 1.5 goals in the 1st Half?,,,finalized,2026-07-06T19:55:05Z,,,,,,,,,,,,,,2026-07-29T11:46:28Z
KXWC1HSPREAD-26JUL06USABEL-USA2,KXWC1HSPREAD-26JUL06USABEL,,USA wins by more than 1.5 goals in the 1st Half?,,,finalized,2026-07-07T00:55:00Z,,,,,,,,,,,,,,2026-07-29T11:46:28Z
KXWC1HSPREAD-26JUL06USABEL-BEL2,KXWC1HSPREAD-26JUL06USABEL,,Belgium wins by more than 1.5 goals in the 1st Half?,,,finalized,2026-07-07T00:55:00Z,,,,,,,,,,,,,,2026-07-29T11:46:28Z
KXWC1HSPREAD-26JUL05MEXENG-MEX2,KXWC1HSPREAD-26JUL05MEXENG,,Mexico wins by more than 1.5 goals in the 1st Half?,,,finalized,2026-07-06T01:50:15Z,,,,,,,,,,,,,,2026-07-29T11:46:28Z
KXWC1HSPREAD-26JUL05MEXENG-ENG2,KXWC1HSPREAD-26JUL05MEXENG,,England wins by more than 1.5 goals in the 1st Half?,,,finalized,2026-07-06T01:50:16Z,,,,,,,,,,,,,,2026-07-29T11:46:28Z
KXWC1HSPREAD-26JUL04PARFRA-PAR2,KXWC1HSPREAD-26JUL04PARFRA,,Paraguay wins by more than 1.5 goals in the 1st Half?,,,finalized,2026-07-04T21:55:03Z,,,,,,,,,,,,,,2026-07-29T11:46:28Z
KXWC1HSPREAD-26JUL04PARFRA-FRA2,KXWC1HSPREAD-26JUL04PARFRA,,France wins by more than 1.5 goals in the 1st Half?,,,finalized,2026-07-04T21:55:04Z,,,,,,,,,,,,,,2026-07-29T11:46:28Z
KXWC1HSPREAD-26JUL05BRANOR-NOR2,KXWC1HSPREAD-26JUL05BRANOR,,Norway wins by more than 1.5 goals in the 1st Half?,,,finalized,2026-07-05T20:55:06Z,,,,,,,,,,,,,,2026-07-29T11:46:28Z
KXWC1HSPREAD-26JUL05BRANOR-BRA2,KXWC1HSPREAD-26JUL05BRANOR,,Brazil wins by more than 1.5 goals in the 1st Half?,,,finalized,2026-07-05T20:55:05Z,,,,,,,,,,,,,,2026-07-29T11:46:28Z
KXWC1HSPREAD-26JUL04CANMAR-MAR2,KXWC1HSPREAD-26JUL04CANMAR,,Morocco wins by more than 1.5 goals in the 1st Half?,,,finalized,2026-07-04T17:55:03Z,,,,,,,,,,,,,,2026-07-29T11:46:28Z
KXWC1HSPREAD-26JUL04CANMAR-CAN2,KXWC1HSPREAD-26JUL04CANMAR,,Canada wins by more than 1.5 goals in the 1st Half?,,,finalized,2026-07-04T17:55:03Z,,,,,,,,,,,,,,2026-07-29T11:46:28Z
KXWC1HSPREAD-26JUL02ESPAUT-ESP2,KXWC1HSPREAD-26JUL02ESPAUT,,Spain wins by more than 1.5 goals in the 1st Half?,,,finalized,2026-07-02T19:50:20Z,,,,,,,,,,,,,,2026-07-29T11:46:28Z
KXWC1HSPREAD-26JUL02ESPAUT-AUT2,KXWC1HSPREAD-26JUL02ESPAUT,,Austria wins by more than 1.5 goals in the 1st Half?,,,finalized,2026-07-02T19:50:21Z,,,,,,,,,,,,,,2026-07-29T11:46:28Z
KXWC1HSPREAD-26JUL02SUIDZA-SUI2,KXWC1HSPREAD-26JUL02SUIDZA,,Switzerland wins by more than 1.5 goals in the 1st Half?,,,finalized,2026-07-03T03:51:35Z,,,,,,,,,,,,,,2026-07-29T11:46:28Z
KXWC1HSPREAD-26JUL02SUIDZA-DZA2,KXWC1HSPREAD-26JUL02SUIDZA,,Algeria wins by more than 1.5 goals in the 1st Half?,,,finalized,2026-07-03T03:51:36Z,,,,,,,,,,,,,,2026-07-29T11:46:28Z
KXWC1HSPREAD-26JUL01ENGCOD-ENG2,KXWC1HSPREAD-26JUL01ENGCOD,,England wins by more than 1.5 goals in the 1st Half?,,,finalized,2026-07-01T16:55:06Z,,,,,,,,,,,,,,2026-07-29T11:46:28Z
KXWC1HSPREAD-26JUL01ENGCOD-COD2,KXWC1HSPREAD-26JUL01ENGCOD,,Congo DR wins by more than 1.5 goals in the 1st Half?,,,finalized,2026-07-01T16:55:06Z,,,,,,,,,,,,,,2026-07-29T11:46:28Z
KXWC1HSPREAD-26JUL01BELSEN-SEN2,KXWC1HSPREAD-26JUL01BELSEN,,Senegal wins by more than 1.5 goals in the 1st Half?,,,finalized,2026-07-01T20:50:17Z,,,,,,,,,,,,,,2026-07-29T11:46:28Z
KXWC1HSPREAD-26JUL01BELSEN-BEL2,KXWC1HSPREAD-26JUL01BELSEN,,Belgium wins by more than 1.5 goals in the 1st Half?,,,finalized,2026-07-01T20:50:17Z,,,,,,,,,,,,,,2026-07-29T11:46:28Z
KXWC1HSPREAD-26JUL02PORCRO-POR2,KXWC1HSPREAD-26JUL02PORCRO,,Portugal wins by more than 1.5 goals in the 1st Half?,,,finalized,2026-07-02T23:50:23Z,,,,,,,,,,,,,,2026-07-29T11:46:28Z
KXWC1HSPREAD-26JUL02PORCRO-CRO2,KXWC1HSPREAD-26JUL02PORCRO,,Croatia wins by more than 1.5 goals in the 1st Half?,,,finalized,2026-07-02T23:50:23Z,,,,,,,,,,,,,,2026-07-29T11:46:28Z
KXWC1HSPREAD-26JUL03COLGHA-GHA2,KXWC1HSPREAD-26JUL03COLGHA,,Ghana wins by more than 1.5 goals in the 1st Half?,,,finalized,2026-07-04T02:25:22Z,,,,,,,,,,,,,,2026-07-29T11:46:28Z
KXWC1HSPREAD-26JUL03COLGHA-COL2,KXWC1HSPREAD-26JUL03COLGHA,,Colombia wins by more than 1.5 goals in the 1st Half?,,,finalized,2026-07-04T02:25:22Z,,,,,,,,,,,,,,2026-07-29T11:46:28Z
KXWC1HSPREAD-26JUN30MEXECU-MEX2,KXWC1HSPREAD-26JUN30MEXECU,,Mexico wins by more than 1.5 goals in the 1st Half?,,,finalized,2026-07-01T02:50:11Z,,,,,,,,,,,,,,2026-07-29T11:46:28Z
KXWC1HSPREAD-26JUN30MEXECU-ECU2,KXWC1HSPREAD-26JUN30MEXECU,,Ecuador wins by more than 1.5 goals in the 1st Half?,,,finalized,2026-07-01T02:50:11Z,,,,,,,,,,,,,,2026-07-29T11:46:28Z
KXWC1HSPREAD-26JUL03AUSEGY-EGY2,KXWC1HSPREAD-26JUL03AUSEGY,,Egypt wins by more than 1.5 goals in the 1st Half?,,,finalized,2026-07-03T18:50:16Z,,,,,,,,,,,,,,2026-07-29T11:46:28Z
KXWC1HSPREAD-26JUL03AUSEGY-AUS2,KXWC1HSPREAD-26JUL03AUSEGY,,Australia wins by more than 1.5 goals in the 1st Half?,,,finalized,2026-07-03T18:50:16Z,,,,,,,,,,,,,,2026-07-29T11:46:28Z
KXWC1HSPREAD-26JUN29GERPAR-PAR2,KXWC1HSPREAD-26JUN29GERPAR,,Paraguay wins by more than 1.5 goals in the 1st Half?,,,finalized,2026-06-29T21:23:14Z,,,,,,,,,,,,,,2026-07-29T11:46:28Z
KXWC1HSPREAD-26JUN29GERPAR-GER2,KXWC1HSPREAD-26JUN29GERPAR,,Germany wins by more than 1.5 goals in the 1st Half?,,,finalized,2026-06-29T21:23:14Z,,,,,,,,,,,,,,2026-07-29T11:46:28Z
KXWC1HSPREAD-26JUN30FRASWE-SWE2,KXWC1HSPREAD-26JUN30FRASWE,,Sweden wins by more than 1.5 goals in the 1st Half?,,,finalized,2026-06-30T21:50:19Z,,,,,,,,,,,,,,2026-07-29T11:46:28Z
KXWC1HSPREAD-26JUN30FRASWE-FRA2,KXWC1HSPREAD-26JUN30FRASWE,,France wins by more than 1.5 goals in the 1st Half?,,,finalized,2026-06-30T21:50:19Z,,,,,,,,,,,,,,2026-07-29T11:46:28Z
KXWC1HSPREAD-26JUL03ARGCPV-CPV2,KXWC1HSPREAD-26JUL03ARGCPV,,Cape Verde wins by more than 1.5 goals in the 1st Half?,,,finalized,2026-07-03T22:50:15Z,,,,,,,,,,,,,,2026-07-29T11:46:28Z
KXWC1HSPREAD-26JUL03ARGCPV-ARG2,KXWC1HSPREAD-26JUL03ARGCPV,,Argentina wins by more than 1.5 goals in the 1st Half?,,,finalized,2026-07-03T22:50:15Z,,,,,,,,,,,,,,2026-07-29T11:46:28Z
KXWC1HSPREAD-26JUN30CIVNOR-NOR2,KXWC1HSPREAD-26JUN30CIVNOR,,Norway wins by more than 1.5 goals in the 1st Half?,,,finalized,2026-06-30T17:50:19Z,,,,,,,,,,,,,,2026-07-29T11:46:28Z
KXWC1HSPREAD-26JUN30CIVNOR-CIV2,KXWC1HSPREAD-26JUN30CIVNOR,,Ivory Coast wins by more than 1.5 goals in the 1st Half?,,,finalized,2026-06-30T17:50:19Z,,,,,,,,,,,,,,2026-07-29T11:46:28Z
KXWC1HSPREAD-26JUN29BRAJPN-JPN2,KXWC1HSPREAD-26JUN29BRAJPN,,Japan wins by more than 1.5 goals in the 1st Half?,,,finalized,2026-06-29T17:50:15Z,,,,,,,,,,,,,,2026-07-29T11:46:28Z
KXWC1HSPREAD-26JUN29BRAJPN-BRA2,KXWC1HSPREAD-26JUN29BRAJPN,,Brazil wins by more than 1.5 goals in the 1st Half?,,,finalized,2026-06-29T17:50:14Z,,,,,,,,,,,,,,2026-07-29T11:46:28Z
KXWC1HSPREAD-26JUN29NEDMAR-NED2,KXWC1HSPREAD-26JUN29NEDMAR,,Netherlands wins by more than 1.5 goals in the 1st Half?,,,finalized,2026-06-30T01:55:03Z,,,,,,,,,,,,,,2026-07-29T11:46:28Z
KXWC1HSPREAD-26JUN29NEDMAR-MAR2,KXWC1HSPREAD-26JUN29NEDMAR,,Morocco wins by more than 1.5 goals in the 1st Half?,,,finalized,2026-06-30T01:55:03Z,,,,,,,,,,,,,,2026-07-29T11:46:28Z
KXWC1HSPREAD-26JUL01USABIH-USA2,KXWC1HSPREAD-26JUL01USABIH,,USA wins by more than 1.5 goals in the 1st Half?,,,finalized,2026-07-02T00:55:04Z,,,,,,,,,,,,,,2026-07-29T11:46:28Z
KXWC1HSPREAD-26JUL01USABIH-BIH2,KXWC1HSPREAD-26JUL01USABIH,,Bosnia and Herzegovina wins by more than 1.5 goals in the 1st Half?,,,finalized,2026-07-02T00:55:04Z,,,,,,,,,,,,,,2026-07-29T11:46:28Z
KXWC1HSPREAD-26JUN28RSACAN-RSA2,KXWC1HSPREAD-26JUN28RSACAN,,South Africa wins by more than 1.5 goals in the 1st Half?,,,finalized,2026-06-28T19:50:16Z,,,,,,,,,,,,,,2026-07-29T11:46:28Z
KXWC1HSPREAD-26JUN28RSACAN-CAN2,KXWC1HSPREAD-26JUN28RSACAN,,Canada wins by more than 1.5 goals in the 1st Half?,,,finalized,2026-06-28T19:50:16Z,,,,,,,,,,,,,,2026-07-29T11:46:28Z
KXWC1HSPREAD-26JUN15ESPCPV-ESP3,KXWC1HSPREAD-26JUN15ESPCPV,,Spain wins by more than 2.5 goals in the 1st Half?,,,finalized,2026-06-15T16:50:45Z,,,,,,,,,,,,,,2026-07-29T11:46:28Z
KXWC1HSPREAD-26JUN11MEXRSA-RSA2,KXWC1HSPREAD-26JUN11MEXRSA,,South Africa wins by more than 1.5 goals in the 1st Half?,,,finalized,2026-06-11T19:56:36Z,,,,,,,,,,,,,,2026-07-29T11:46:28Z
KXWC1HSPREAD-26JUN11MEXRSA-MEX2,KXWC1HSPREAD-26JUN11MEXRSA,,Mexico wins by more than 1.5 goals in the 1st Half?,,,finalized,2026-06-11T19:56:35Z,,,,,,,,,,,,,,2026-07-29T11:46:28Z
KXWC1HSPREAD-26JUN11KORCZE-KOR2,KXWC1HSPREAD-26JUN11KORCZE,,Republic of Korea wins by more than 1.5 goals in the 1st Half?,,,finalized,2026-06-12T02:50:45Z,,,,,,,,,,,,,,2026-07-29T11:46:28Z
KXWC1HSPREAD-26JUN11KORCZE-CZE2,KXWC1HSPREAD-26JUN11KORCZE,,Czechia wins by more than 1.5 goals in the 1st Half?,,,finalized,2026-06-12T02:50:45Z,,,,,,,,,,,,,,2026-07-29T11:46:28Z
KXWC1HSPREAD-26JUN12CANBIH-CAN2,KXWC1HSPREAD-26JUN12CANBIH,,Canada wins by more than 1.5 goals in the 1st Half?,,,finalized,2026-06-12T19:50:45Z,,,,,,,,,,,,,,2026-07-29T11:46:28Z
KXWC1HSPREAD-26JUN12CANBIH-BIH2,KXWC1HSPREAD-26JUN12CANBIH,,Bosnia and Herzegovina wins by more than 1.5 goals in the 1st Half?,,,finalized,2026-06-12T19:50:45Z,,,,,,,,,,,,,,2026-07-29T11:46:28Z
KXWC1HSPREAD-26JUN12USAPAR-USA2,KXWC1HSPREAD-26JUN12USAPAR,,USA wins by more than 1.5 goals in the 1st Half?,,,finalized,2026-06-13T01:55:19Z,,,,,,,,,,,,,,2026-07-29T11:46:28Z
KXWC1HSPREAD-26JUN12USAPAR-PAR2,KXWC1HSPREAD-26JUN12USAPAR,,Paraguay wins by more than 1.5 goals in the 1st Half?,,,finalized,2026-06-13T01:55:19Z,,,,,,,,,,,,,,2026-07-29T11:46:28Z
KXWC1HSPREAD-26JUN13QATSUI-SUI2,KXWC1HSPREAD-26JUN13QATSUI,,Switzerland wins by more than 1.5 goals in the 1st Half?,,,finalized,2026-06-13T19:55:30Z,,,,,,,,,,,,,,2026-07-29T11:46:28Z
KXWC1HSPREAD-26JUN13QATSUI-QAT2,KXWC1HSPREAD-26JUN13QATSUI,,Qatar wins by more than 1.5 goals in the 1st Half?,,,finalized,2026-06-13T19:55:30Z,,,,,,,,,,,,,,2026-07-29T11:46:28Z
KXWC1HSPREAD-26JUN13BRAMAR-MAR2,KXWC1HSPREAD-26JUN13BRAMAR,,Morocco wins by more than 1.5 goals in the 1st Half?,,,finalized,2026-06-13T22:55:27Z,,,,,,,,,,,,,,2026-07-29T11:46:28Z
KXWC1HSPREAD-26JUN13BRAMAR-BRA2,KXWC1HSPREAD-26JUN13BRAMAR,,Brazil wins by more than 1.5 goals in the 1st Half?,,,finalized,2026-06-13T22:55:26Z,,,,,,,,,,,,,,2026-07-29T11:46:28Z
KXWC1HSPREAD-26JUN13HTISCO-SCO2,KXWC1HSPREAD-26JUN13HTISCO,,Scotland wins by more than 1.5 goals in the 1st Half?,,,finalized,2026-06-14T01:55:28Z,,,,,,,,,,,,,,2026-07-29T11:46:28Z
KXWC1HSPREAD-26JUN13HTISCO-HTI2,KXWC1HSPREAD-26JUN13HTISCO,,Haiti wins by more than 1.5 goals in the 1st Half?,,,finalized,2026-06-14T01:55:28Z,,,,,,,,,,,,,,2026-07-29T11:46:28Z
KXWC1HSPREAD-26JUN14AUSTUR-TUR2,KXWC1HSPREAD-26JUN14AUSTUR,,Turkiye wins by more than 1.5 goals in the 1st Half?,,,finalized,2026-06-14T04:50:57Z,,,,,,,,,,,,,,2026-07-29T11:46:28Z
KXWC1HSPREAD-26JUN14AUSTUR-AUS2,KXWC1HSPREAD-26JUN14AUSTUR,,Australia wins by more than 1.5 goals in the 1st Half?,,,finalized,2026-06-14T04:50:57Z,,,,,,,,,,,,,,2026-07-29T11:46:28Z
KXWC1HSPREAD-26JUN14GERCUW-GER2,KXWC1HSPREAD-26JUN14GERCUW,,Germany wins by more than 1.5 goals in the 1st Half?,,,finalized,2026-06-14T17:55:18Z,,,,,,,,,,,,,,2026-07-29T11:46:28Z
KXWC1HSPREAD-26JUN14GERCUW-CUW2,KXWC1HSPREAD-26JUN14GERCUW,,Curacao wins by more than 1.5 goals in the 1st Half?,,,finalized,2026-06-14T17:55:18Z,,,,,,,,,,,,,,2026-07-29T11:46:28Z
KXWC1HSPREAD-26JUN14NEDJPN-NED2,KXWC1HSPREAD-26JUN14NEDJPN,,Netherlands wins by more than 1.5 goals in the 1st Half?,,,finalized,2026-06-14T20:50:39Z,,,,,,,,,,,,,,2026-07-29T11:46:28Z
KXWC1HSPREAD-26JUN14NEDJPN-JPN2,KXWC1HSPREAD-26JUN14NEDJPN,,Japan wins by more than 1.5 goals in the 1st Half?,,,finalized,2026-06-14T20:50:39Z,,,,,,,,,,,,,,2026-07-29T11:46:28Z
KXWC1HSPREAD-26JUN14CIVECU-ECU2,KXWC1HSPREAD-26JUN14CIVECU,,Ecuador wins by more than 1.5 goals in the 1st Half?,,,finalized,2026-06-14T23:55:26Z,,,,,,,,,,,,,,2026-07-29T11:46:28Z
KXWC1HSPREAD-26JUN14CIVECU-CIV2,KXWC1HSPREAD-26JUN14CIVECU,,Ivory Coast wins by more than 1.5 goals in the 1st Half?,,,finalized,2026-06-14T23:55:26Z,,,,,,,,,,,,,,2026-07-29T11:46:28Z
KXWC1HSPREAD-26JUN14SWETUN-TUN2,KXWC1HSPREAD-26JUN14SWETUN,,Tunisia wins by more than 1.5 goals in the 1st Half?,,,finalized,2026-06-15T02:50:50Z,,,,,,,,,,,,,,2026-07-29T11:46:28Z
KXWC1HSPREAD-26JUN14SWETUN-SWE2,KXWC1HSPREAD-26JUN14SWETUN,,Sweden wins by more than 1.5 goals in the 1st Half?,,,finalized,2026-06-15T02:50:50Z,,,,,,,,,,,,,,2026-07-29T11:46:28Z
KXWC1HSPREAD-26JUN15ESPCPV-ESP2,KXWC1HSPREAD-26JUN15ESPCPV,,Spain wins by more than 1.5 goals in the 1st Half?,,,finalized,2026-06-15T16:50:45Z,,,,,,,,,,,,,,2026-07-29T11:46:28Z
KXWC1HSPREAD-26JUN15ESPCPV-CPV2,KXWC1HSPREAD-26JUN15ESPCPV,,Cape Verde wins by more than 1.5 goals in the 1st Half?,,,finalized,2026-06-15T16:50:45Z,,,,,,,,,,,,,,2026-07-29T11:46:28Z
KXWC1HSPREAD-26JUN15BELEGY-EGY2,KXWC1HSPREAD-26JUN15BELEGY,,Egypt wins by more than 1.5 goals in the 1st Half?,,,finalized,2026-06-15T19:51:01Z,,,,,,,,,,,,,,2026-07-29T11:46:28Z
KXWC1HSPREAD-26JUN15BELEGY-BEL2,KXWC1HSPREAD-26JUN15BELEGY,,Belgium wins by more than 1.5 goals in the 1st Half?,,,finalized,2026-06-15T19:51:01Z,,,,,,,,,,,,,,2026-07-29T11:46:28Z
KXWC1HSPREAD-26JUN15KSAURU-URU2,KXWC1HSPREAD-26JUN15KSAURU,,Uruguay wins by more than 1.5 goals in the 1st Half?,,,finalized,2026-06-15T22:55:28Z,,,,,,,,,,,,,,2026-07-29T11:46:28Z
KXWC1HSPREAD-26JUN15KSAURU-KSA2,KXWC1HSPREAD-26JUN15KSAURU,,Saudi Arabia wins by more than 1.5 goals in the 1st Half?,,,finalized,2026-06-15T22:55:28Z,,,,,,,,,,,,,,2026-07-29T11:46:28Z
KXWC1HSPREAD-26JUN15IRINZL-NZL2,KXWC1HSPREAD-26JUN15IRINZL,,New Zealand wins by more than 1.5 goals in the 1st Half?,,,finalized,2026-06-16T01:55:20Z,,,,,,,,,,,,,,2026-07-29T11:46:28Z
KXWC1HSPREAD-26JUN15IRINZL-IRI2,KXWC1HSPREAD-26JUN15IRINZL,,Iran wins by more than 1.5 goals in the 1st Half?,,,finalized,2026-06-16T01:55:20Z,,,,,,,,,,,,,,2026-07-29T11:46:28Z
KXWC1HSPREAD-26JUN16FRASEN-SEN2,KXWC1HSPREAD-26JUN16FRASEN,,Senegal wins by more than 1.5 goals in the 1st Half?,,,finalized,2026-06-16T19:55:26Z,,,,,,,,,,,,,,2026-07-29T11:46:28Z
KXWC1HSPREAD-26JUN16FRASEN-FRA2,KXWC1HSPREAD-26JUN16FRASEN,,France wins by more than 1.5 goals in the 1st Half?,,,finalized,2026-06-16T19:55:26Z,,,,,,,,,,,,,,2026-07-29T11:46:28Z
KXWC1HSPREAD-26JUN16IRQNOR-NOR2,KXWC1HSPREAD-26JUN16IRQNOR,,Norway wins by more than 1.5 goals in the 1st Half?,,,finalized,2026-06-16T22:55:26Z,,,,,,,,,,,,,,2026-07-29T11:46:28Z
KXWC1HSPREAD-26JUN16IRQNOR-IRQ2,KXWC1HSPREAD-26JUN16IRQNOR,,Iraq wins by more than 1.5 goals in the 1st Half?,,,finalized,2026-06-16T22:55:26Z,,,,,,,,,,,,,,2026-07-29T11:46:28Z
KXWC1HSPREAD-26JUN16ARGDZA-DZA2,KXWC1HSPREAD-26JUN16ARGDZA,,Algeria wins by more than 1.5 goals in the 1st Half?,,,finalized,2026-06-17T01:55:25Z,,,,,,,,,,,,,,2026-07-29T11:46:28Z
KXWC1HSPREAD-26JUN16ARGDZA-ARG2,KXWC1HSPREAD-26JUN16ARGDZA,,Argentina wins by more than 1.5 goals in the 1st Half?,,,finalized,2026-06-17T01:55:25Z,,,,,,,,,,,,,,2026-07-29T11:46:28Z
KXWC1HSPREAD-26JUN17AUTJOR-JOR2,KXWC1HSPREAD-26JUN17AUTJOR,,Jordan wins by more than 1.5 goals in the 1st Half?,,,finalized,2026-06-17T04:55:20Z,,,,,,,,,,,,,,2026-07-29T11:46:28Z
KXWC1HSPREAD-26JUN17AUTJOR-AUT2,KXWC1HSPREAD-26JUN17AUTJOR,,Austria wins by more than 1.5 goals in the 1st Half?,,,finalized,2026-06-17T04:55:20Z,,,,,,,,,,,,,,2026-07-29T11:46:28Z
KXWC1HSPREAD-26JUN17PORCOD-POR2,KXWC1HSPREAD-26JUN17PORCOD,,Portugal wins by more than 1.5 goals in the 1st Half?,,,finalized,2026-06-17T17:55:36Z,,,,,,,,,,,,,,2026-07-29T11:46:28Z
KXWC1HSPREAD-26JUN17PORCOD-COD2,KXWC1HSPREAD-26JUN17PORCOD,,Congo DR wins by more than 1.5 goals in the 1st Half?,,,finalized,2026-06-17T17:55:36Z,,,,,,,,,,,,,,2026-07-29T11:46:28Z
KXWC1HSPREAD-26JUN17ENGCRO-ENG2,KXWC1HSPREAD-26JUN17ENGCRO,,England wins by more than 1.5 goals in the 1st Half?,,,finalized,2026-06-17T20:50:50Z,,,,,,,,,,,,,,2026-07-29T11:46:28Z
KXWC1HSPREAD-26JUN17ENGCRO-CRO2,KXWC1HSPREAD-26JUN17ENGCRO,,Croatia wins by more than 1.5 goals in the 1st Half?,,,finalized,2026-06-17T20:50:50Z,,,,,,,,,,,,,,2026-07-29T11:46:28Z
KXWC1HSPREAD-26JUN17GHAPAN-PAN2,KXWC1HSPREAD-26JUN17GHAPAN,,Panama wins by more than 1.5 goals in the 1st Half?,,,finalized,2026-06-17T23:51:00Z,,,,,,,,,,,,,,2026-07-29T11:46:28Z
KXWC1HSPREAD-26JUN17GHAPAN-GHA2,KXWC1HSPREAD-26JUN17GHAPAN,,Ghana wins by more than 1.5 goals in the 1st Half?,,,finalized,2026-06-17T23:51:00Z,,,,,,,,,,,,,,2026-07-29T11:46:28Z
KXWC1HSPREAD-26JUN17UZBCOL-UZB2,KXWC1HSPREAD-26JUN17UZBCOL,,Uzbekistan wins by more than 1.5 goals in the 1st Half?,,,finalized,2026-06-18T02:51:04Z,,,,,,,,,,,,,,2026-07-29T11:46:28Z
KXWC1HSPREAD-26JUN17UZBCOL-COL2,KXWC1HSPREAD-26JUN17UZBCOL,,Colombia wins by more than 1.5 goals in the 1st Half?,,,finalized,2026-06-18T02:51:04Z,,,,,,,,,,,,,,2026-07-29T11:46:28Z
KXWC1HSPREAD-26JUN18CZERSA-RSA2,KXWC1HSPREAD-26JUN18CZERSA,,South Africa wins by more than 1.5 goals in the 1st Half?,,,finalized,2026-06-18T16:51:13Z,,,,,,,,,,,,,,2026-07-29T11:46:28Z
KXWC1HSPREAD-26JUN18CZERSA-CZE2,KXWC1HSPREAD-26JUN18CZERSA,,Czechia wins by more than 1.5 goals in the 1st Half?,,,finalized,2026-06-18T16:51:12Z,,,,,,,,,,,,,,2026-07-29T11:46:28Z
KXWC1HSPREAD-26JUN18SUIBIH-SUI2,KXWC1HSPREAD-26JUN18SUIBIH,,Switzerland wins by more than 1.5 goals in the 1st Half?,,,finalized,2026-06-18T19:50:48Z,,,,,,,,,,,,,,2026-07-29T11:46:28Z
KXWC1HSPREAD-26JUN18SUIBIH-BIH2,KXWC1HSPREAD-26JUN18SUIBIH,,Bosnia and Herzegovina wins by more than 1.5 goals in the 1st Half?,,,finalized,2026-06-18T19:50:48Z,,,,,,,,,,,,,,2026-07-29T11:46:28Z
KXWC1HSPREAD-26JUN18CANQAT-QAT2,KXWC1HSPREAD-26JUN18CANQAT,,Qatar wins by more than 1.5 goals in the 1st Half?,,,finalized,2026-06-18T22:55:24Z,,,,,,,,,,,,,,2026-07-29T11:46:28Z
KXWC1HSPREAD-26JUN18CANQAT-CAN2,KXWC1HSPREAD-26JUN18CANQAT,,Canada wins by more than 1.5 goals in the 1st Half?,,,finalized,2026-06-18T22:55:23Z,,,,,,,,,,,,,,2026-07-29T11:46:28Z
KXWC1HSPREAD-26JUN18MEXKOR-MEX2,KXWC1HSPREAD-26JUN18MEXKOR,,Mexico wins by more than 1.5 goals in the 1st Half?,,,finalized,2026-06-19T01:50:38Z,,,,,,,,,,,,,,2026-07-29T11:46:28Z
KXWC1HSPREAD-26JUN18MEXKOR-KOR2,KXWC1HSPREAD-26JUN18MEXKOR,,Republic of Korea wins by more than 1.5 goals in the 1st Half?,,,finalized,2026-06-19T01:50:38Z,,,,,,,,,,,,,,2026-07-29T11:46:28Z
KXWC1HSPREAD-26JUN19USAAUS-USA2,KXWC1HSPREAD-26JUN19USAAUS,,USA wins by more than 1.5 goals in the 1st Half?,,,finalized,2026-06-19T19:55:24Z,,,,,,,,,,,,,,2026-07-29T11:46:28Z
KXWC1HSPREAD-26JUN19USAAUS-AUS2,KXWC1HSPREAD-26JUN19USAAUS,,Australia wins by more than 1.5 goals in the 1st Half?,,,finalized,2026-06-19T19:55:25Z,,,,,,,,,,,,,,2026-07-29T11:46:28Z
KXWC1HSPREAD-26JUN19SCOMAR-SCO2,KXWC1HSPREAD-26JUN19SCOMAR,,Scotland wins by more than 1.5 goals in the 1st Half?,,,finalized,2026-06-19T22:51:02Z,,,,,,,,,,,,,,2026-07-29T11:46:28Z
KXWC1HSPREAD-26JUN19SCOMAR-MAR2,KXWC1HSPREAD-26JUN19SCOMAR,,Morocco wins by more than 1.5 goals in the 1st Half?,,,finalized,2026-06-19T22:51:02Z,,,,,,,,,,,,,,2026-07-29T11:46:28Z
KXWC1HSPREAD-26JUN19BRAHTI-HTI2,KXWC1HSPREAD-26JUN19BRAHTI,,Haiti wins by more than 1.5 goals in the 1st Half?,,,finalized,2026-06-20T01:25:26Z,,,,,,,,,,,,,,2026-07-29T11:46:28Z
KXWC1HSPREAD-26JUN19BRAHTI-BRA2,KXWC1HSPREAD-26JUN19BRAHTI,,Brazil wins by more than 1.5 goals in the 1st Half?,,,finalized,2026-06-20T01:25:26Z,,,,,,,,,,,,,,2026-07-29T11:46:28Z
KXWC1HSPREAD-26JUN19TURPAR-TUR2,KXWC1HSPREAD-26JUN19TURPAR,,Turkiye wins by more than 1.5 goals in the 1st Half?,,,finalized,2026-06-20T03:55:25Z,,,,,,,,,,,,,,2026-07-29T11:46:28Z
KXWC1HSPREAD-26JUN19TURPAR-PAR2,KXWC1HSPREAD-26JUN19TURPAR,,Paraguay wins by more than 1.5 goals in the 1st Half?,,,finalized,2026-06-20T03:55:25Z,,,,,,,,,,,,,,2026-07-29T11:46:28Z
KXWC1HSPREAD-26JUN20NEDSWE-SWE2,KXWC1HSPREAD-26JUN20NEDSWE,,Sweden wins by more than 1.5 goals in the 1st Half?,,,finalized,2026-06-20T17:50:42Z,,,,,,,,,,,,,,2026-07-29T11:46:28Z
KXWC1HSPREAD-26JUN20NEDSWE-NED2,KXWC1HSPREAD-26JUN20NEDSWE,,Netherlands wins by more than 1.5 goals in the 1st Half?,,,finalized,2026-06-20T17:50:41Z,,,,,,,,,,,,,,2026-07-29T11:46:28Z
KXWC1HSPREAD-26JUN20GERCIV-GER2,KXWC1HSPREAD-26JUN20GERCIV,,Germany wins by more than 1.5 goals in the 1st Half?,,,finalized,2026-06-20T20:55:32Z,,,,,,,,,,,,,,2026-07-29T11:46:28Z
KXWC1HSPREAD-26JUN20GERCIV-CIV2,KXWC1HSPREAD-26JUN20GERCIV,,Ivory Coast wins by more than 1.5 goals in the 1st Half?,,,finalized,2026-06-20T20:55:32Z,,,,,,,,,,,,,,2026-07-29T11:46:28Z
KXWC1HSPREAD-26JUN20ECUCUW-ECU2,KXWC1HSPREAD-26JUN20ECUCUW,,Ecuador wins by more than 1.5 goals in the 1st Half?,,,finalized,2026-06-21T00:51:07Z,,,,,,,,,,,,,,2026-07-29T11:46:28Z
KXWC1HSPREAD-26JUN20ECUCUW-CUW2,KXWC1HSPREAD-26JUN20ECUCUW,,Curacao wins by more than 1.5 goals in the 1st Half?,,,finalized,2026-06-21T00:51:08Z,,,,,,,,,,,,,,2026-07-29T11:46:28Z
KXWC1HSPREAD-26JUN21TUNJPN-TUN2,KXWC1HSPREAD-26JUN21TUNJPN,,Tunisia wins by more than 1.5 goals in the 1st Half?,,,finalized,2026-06-21T04:50:59Z,,,,,,,,,,,,,,2026-07-29T11:46:28Z
KXWC1HSPREAD-26JUN21TUNJPN-JPN2,KXWC1HSPREAD-26JUN21TUNJPN,,Japan wins by more than 1.5 goals in the 1st Half?,,,finalized,2026-06-21T04:50:59Z,,,,,,,,,,,,,,2026-07-29T11:46:28Z
KXWC1HSPREAD-26JUN21ESPKSA-KSA2,KXWC1HSPREAD-26JUN21ESPKSA,,Saudi Arabia wins by more than 1.5 goals in the 1st Half?,,,finalized,2026-06-21T16:51:13Z,,,,,,,,,,,,,,2026-07-29T11:46:28Z
KXWC1HSPREAD-26JUN21ESPKSA-ESP2,KXWC1HSPREAD-26JUN21ESPKSA,,Spain wins by more than 1.5 goals in the 1st Half?,,,finalized,2026-06-21T16:51:13Z,,,,,,,,,,,,,,2026-07-29T11:46:28Z
KXWC1HSPREAD-26JUN21BELIRI-IRI2,KXWC1HSPREAD-26JUN21BELIRI,,Iran wins by more than 1.5 goals in the 1st Half?,,,finalized,2026-06-21T19:55:39Z,,,,,,,,,,,,,,2026-07-29T11:46:28Z
KXWC1HSPREAD-26JUN21BELIRI-BEL2,KXWC1HSPREAD-26JUN21BELIRI,,Belgium wins by more than 1.5 goals in the 1st Half?,,,finalized,2026-06-21T19:55:39Z,,,,,,,,,,,,,,2026-07-29T11:46:28Z
KXWC1HSPREAD-26JUN21URUCPV-URU2,KXWC1HSPREAD-26JUN21URUCPV,,Uruguay wins by more than 1.5 goals in the 1st Half?,,,finalized,2026-06-21T22:55:22Z,,,,,,,,,,,,,,2026-07-29T11:46:28Z
KXWC1HSPREAD-26JUN21URUCPV-CPV2,KXWC1HSPREAD-26JUN21URUCPV,,Cape Verde wins by more than 1.5 goals in the 1st Half?,,,finalized,2026-06-21T22:55:23Z,,,,,,,,,,,,,,2026-07-29T11:46:28Z
KXWC1HSPREAD-26JUN21NZLEGY-NZL2,KXWC1HSPREAD-26JUN21NZLEGY,,New Zealand wins by more than 1.5 goals in the 1st Half?,,,finalized,2026-06-22T01:50:19Z,,,,,,,,,,,,,,2026-07-29T11:46:28Z
KXWC1HSPREAD-26JUN21NZLEGY-EGY2,KXWC1HSPREAD-26JUN21NZLEGY,,Egypt wins by more than 1.5 goals in the 1st Half?,,,finalized,2026-06-22T01:50:19Z,,,,,,,,,,,,,,2026-07-29T11:46:28Z
KXWC1HSPREAD-26JUN22ARGAUT-AUT2,KXWC1HSPREAD-26JUN22ARGAUT,,Austria wins by more than 1.5 goals in the 1st Half?,,,finalized,2026-06-22T17:55:10Z,,,,,,,,,,,,,,2026-07-29T11:46:28Z
KXWC1HSPREAD-26JUN22ARGAUT-ARG2,KXWC1HSPREAD-26JUN22ARGAUT,,Argentina wins by more than 1.5 goals in the 1st Half?,,,finalized,2026-06-22T17:55:10Z,,,,,,,,,,,,,,2026-07-29T11:46:28Z
KXWC1HSPREAD-26JUN22FRAIRQ-IRQ2,KXWC1HSPREAD-26JUN22FRAIRQ,,Iraq wins by more than 1.5 goals in the 1st Half?,,,finalized,2026-06-22T21:50:22Z,,,,,,,,,,,,,,2026-07-29T11:46:28Z
KXWC1HSPREAD-26JUN22FRAIRQ-FRA2,KXWC1HSPREAD-26JUN22FRAIRQ,,France wins by more than 1.5 goals in the 1st Half?,,,finalized,2026-06-22T21:50:22Z,,,,,,,,,,,,,,2026-07-29T11:46:28Z
KXWC1HSPREAD-26JUN22NORSEN-SEN2,KXWC1HSPREAD-26JUN22NORSEN,,Senegal wins by more than 1.5 goals in the 1st Half?,,,finalized,2026-06-23T00:50:30Z,,,,,,,,,,,,,,2026-07-29T11:46:28Z
KXWC1HSPREAD-26JUN22NORSEN-NOR2,KXWC1HSPREAD-26JUN22NORSEN,,Norway wins by more than 1.5 goals in the 1st Half?,,,finalized,2026-06-23T00:50:30Z,,,,,,,,,,,,,,2026-07-29T11:46:28Z
KXWC1HSPREAD-26JUN22JORDZA-JOR2,KXWC1HSPREAD-26JUN22JORDZA,,Jordan wins by more than 1.5 goals in the 1st Half?,,,finalized,2026-06-23T03:51:20Z,,,,,,,,,,,,,,2026-07-29T11:46:28Z
KXWC1HSPREAD-26JUN22JORDZA-DZA2,KXWC1HSPREAD-26JUN22JORDZA,,Algeria wins by more than 1.5 goals in the 1st Half?,,,finalized,2026-06-23T03:51:21Z,,,,,,,,,,,,,,2026-07-29T11:46:28Z
KXWC1HSPREAD-26JUN23PORUZB-UZB2,KXWC1HSPREAD-26JUN23PORUZB,,Uzbekistan wins by more than 1.5 goals in the 1st Half?,,,finalized,2026-06-23T17:55:14Z,,,,,,,,,,,,,,2026-07-29T11:46:28Z
KXWC1HSPREAD-26JUN23PORUZB-POR2,KXWC1HSPREAD-26JUN23PORUZB,,Portugal wins by more than 1.5 goals in the 1st Half?,,,finalized,2026-06-23T17:55:14Z,,,,,,,,,,,,,,2026-07-29T11:46:28Z
KXWC1HSPREAD-26JUN23ENGGHA-GHA2,KXWC1HSPREAD-26JUN23ENGGHA,,Ghana wins by more than 1.5 goals in the 1st Half?,,,finalized,2026-06-23T20:55:19Z,,,,,,,,,,,,,,2026-07-29T11:46:28Z
KXWC1HSPREAD-26JUN23ENGGHA-ENG2,KXWC1HSPREAD-26JUN23ENGGHA,,England wins by more than 1.5 goals in the 1st Half?,,,finalized,2026-06-23T20:55:18Z,,,,,,,,,,,,,,2026-07-29T11:46:28Z
KXWC1HSPREAD-26JUN23PANCRO-PAN2,KXWC1HSPREAD-26JUN23PANCRO,,Panama wins by more than 1.5 goals in the 1st Half?,,,finalized,2026-06-23T23:50:23Z,,,,,,,,,,,,,,2026-07-29T11:46:28Z
KXWC1HSPREAD-26JUN23PANCRO-CRO2,KXWC1HSPREAD-26JUN23PANCRO,,Croatia wins by more than 1.5 goals in the 1st Half?,,,finalized,2026-06-23T23:50:23Z,,,,,,,,,,,,,,2026-07-29T11:46:28Z
KXWC1HSPREAD-26JUN23COLCOD-COL2,KXWC1HSPREAD-26JUN23COLCOD,,Colombia wins by more than 1.5 goals in the 1st Half?,,,finalized,2026-06-24T02:50:19Z,,,,,,,,,,,,,,2026-07-29T11:46:28Z
KXWC1HSPREAD-26JUN23COLCOD-COD2,KXWC1HSPREAD-26JUN23COLCOD,,Congo DR wins by more than 1.5 goals in the 1st Half?,,,finalized,2026-06-24T02:50:20Z,,,,,,,,,,,,,,2026-07-29T11:46:28Z
KXWC1HSPREAD-26JUN24BIHQAT-QAT2,KXWC1HSPREAD-26JUN24BIHQAT,,Qatar wins by more than 1.5 goals in the 1st Half?,,,finalized,2026-06-24T19:50:26Z,,,,,,,,,,,,,,2026-07-29T11:46:28Z
KXWC1HSPREAD-26JUN24BIHQAT-BIH2,KXWC1HSPREAD-26JUN24BIHQAT,,Bosnia and Herzegovina wins by more than 1.5 goals in the 1st Half?,,,finalized,2026-06-24T19:50:25Z,,,,,,,,,,,,,,2026-07-29T11:46:28Z
KXWC1HSPREAD-26JUN24SUICAN-SUI2,KXWC1HSPREAD-26JUN24SUICAN,,Switzerland wins by more than 1.5 goals in the 1st Half?,,,finalized,2026-06-24T19:50:25Z,,,,,,,,,,,,,,2026-07-29T11:46:28Z
KXWC1HSPREAD-26JUN24SUICAN-CAN2,KXWC1HSPREAD-26JUN24SUICAN,,Canada wins by more than 1.5 goals in the 1st Half?,,,finalized,2026-06-24T19:50:25Z,,,,,,,,,,,,,,2026-07-29T11:46:28Z
KXWC1HSPREAD-26JUN24MARHTI-MAR2,KXWC1HSPREAD-26JUN24MARHTI,,Morocco wins by more than 1.5 goals in the 1st Half?,,,finalized,2026-06-24T22:50:40Z,,,,,,,,,,,,,,2026-07-29T11:46:28Z
KXWC1HSPREAD-26JUN24MARHTI-HTI2,KXWC1HSPREAD-26JUN24MARHTI,,Haiti wins by more than 1.5 goals in the 1st Half?,,,finalized,2026-06-24T22:50:41Z,,,,,,,,,,,,,,2026-07-29T11:46:28Z
KXWC1HSPREAD-26JUN24SCOBRA-SCO2,KXWC1HSPREAD-26JUN24SCOBRA,,Scotland wins by more than 1.5 goals in the 1st Half?,,,finalized,2026-06-24T22:55:18Z,,,,,,,,,,,,,,2026-07-29T11:46:28Z
KXWC1HSPREAD-26JUN24SCOBRA-BRA2,KXWC1HSPREAD-26JUN24SCOBRA,,Brazil wins by more than 1.5 goals in the 1st Half?,,,finalized,2026-06-24T22:55:18Z,,,,,,,,,,,,,,2026-07-29T11:46:28Z
KXWC1HSPREAD-26JUN24CZEMEX-MEX2,KXWC1HSPREAD-26JUN24CZEMEX,,Mexico wins by more than 1.5 goals in the 1st Half?,,,finalized,2026-06-25T01:50:22Z,,,,,,,,,,,,,,2026-07-29T11:46:28Z
KXWC1HSPREAD-26JUN24CZEMEX-CZE2,KXWC1HSPREAD-26JUN24CZEMEX,,Czechia wins by more than 1.5 goals in the 1st Half?,,,finalized,2026-06-25T01:50:22Z,,,,,,,,,,,,,,2026-07-29T11:46:28Z
KXWC1HSPREAD-26JUN24RSAKOR-RSA2,KXWC1HSPREAD-26JUN24RSAKOR,,South Africa wins by more than 1.5 goals in the 1st Half?,,,finalized,2026-06-25T01:50:22Z,,,,,,,,,,,,,,2026-07-29T11:46:28Z
KXWC1HSPREAD-26JUN24RSAKOR-KOR2,KXWC1HSPREAD-26JUN24RSAKOR,,Republic of Korea wins by more than 1.5 goals in the 1st Half?,,,finalized,2026-06-25T01:50:22Z,,,,,,,,,,,,,,2026-07-29T11:46:28Z
KXWC1HSPREAD-26JUN25CUWCIV-CUW2,KXWC1HSPREAD-26JUN25CUWCIV,,Curacao wins by more than 1.5 goals in the 1st Half?,,,finalized,2026-06-25T20:51:14Z,,,,,,,,,,,,,,2026-07-29T11:46:28Z
KXWC1HSPREAD-26JUN25CUWCIV-CIV2,KXWC1HSPREAD-26JUN25CUWCIV,,Ivory Coast wins by more than 1.5 goals in the 1st Half?,,,finalized,2026-06-25T20:51:14Z,,,,,,,,,,,,,,2026-07-29T11:46:28Z
KXWC1HSPREAD-26JUN25ECUGER-GER2,KXWC1HSPREAD-26JUN25ECUGER,,Germany wins by more than 1.5 goals in the 1st Half?,,,finalized,2026-06-25T20:51:13Z,,,,,,,,,,,,,,2026-07-29T11:46:28Z
KXWC1HSPREAD-26JUN25ECUGER-ECU2,KXWC1HSPREAD-26JUN25ECUGER,,Ecuador wins by more than 1.5 goals in the 1st Half?,,,finalized,2026-06-25T20:51:13Z,,,,,,,,,,,,,,2026-07-29T11:46:28Z
KXWC1HSPREAD-26JUN25JPNSWE-SWE2,KXWC1HSPREAD-26JUN25JPNSWE,,Sweden wins by more than 1.5 goals in the 1st Half?,,,finalized,2026-06-25T23:50:30Z,,,,,,,,,,,,,,2026-07-29T11:46:28Z
KXWC1HSPREAD-26JUN25JPNSWE-JPN2,KXWC1HSPREAD-26JUN25JPNSWE,,Japan wins by more than 1.5 goals in the 1st Half?,,,finalized,2026-06-25T23:50:30Z,,,,,,,,,,,,,,2026-07-29T11:46:28Z
KXWC1HSPREAD-26JUN25TUNNED-TUN2,KXWC1HSPREAD-26JUN25TUNNED,,Tunisia wins by more than 1.5 goals in the 1st Half?,,,finalized,2026-06-25T23:50:29Z,,,,,,,,,,,,,,2026-07-29T11:46:28Z
KXWC1HSPREAD-26JUN25TUNNED-NED2,KXWC1HSPREAD-26JUN25TUNNED,,Netherlands wins by more than 1.5 goals in the 1st Half?,,,finalized,2026-06-25T23:50:29Z,,,,,,,,,,,,,,2026-07-29T11:46:28Z
KXWC1HSPREAD-26JUN25PARAUS-PAR2,KXWC1HSPREAD-26JUN25PARAUS,,Paraguay wins by more than 1.5 goals in the 1st Half?,,,finalized,2026-06-26T02:51:29Z,,,,,,,,,,,,,,2026-07-29T11:46:28Z
KXWC1HSPREAD-26JUN25PARAUS-AUS2,KXWC1HSPREAD-26JUN25PARAUS,,Australia wins by more than 1.5 goals in the 1st Half?,,,finalized,2026-06-26T02:51:29Z,,,,,,,,,,,,,,2026-07-29T11:46:28Z
KXWC1HSPREAD-26JUN25TURUSA-USA2,KXWC1HSPREAD-26JUN25TURUSA,,USA wins by more than 1.5 goals in the 1st Half?,,,finalized,2026-06-26T02:51:29Z,,,,,,,,,,,,,,2026-07-29T11:46:28Z
KXWC1HSPREAD-26JUN25TURUSA-TUR2,KXWC1HSPREAD-26JUN25TURUSA,,Turkiye wins by more than 1.5 goals in the 1st Half?,,,finalized,2026-06-26T02:51:29Z,,,,,,,,,,,,,,2026-07-29T11:46:28Z
KXWC1HSPREAD-26JUN26NORFRA-NOR2,KXWC1HSPREAD-26JUN26NORFRA,,Norway wins by more than 1.5 goals in the 1st Half?,,,finalized,2026-06-26T19:55:17Z,,,,,,,,,,,,,,2026-07-29T11:46:28Z
KXWC1HSPREAD-26JUN26NORFRA-FRA2,KXWC1HSPREAD-26JUN26NORFRA,,France wins by more than 1.5 goals in the 1st Half?,,,finalized,2026-06-26T19:55:18Z,,,,,,,,,,,,,,2026-07-29T11:46:28Z
KXWC1HSPREAD-26JUN26SENIRQ-SEN2,KXWC1HSPREAD-26JUN26SENIRQ,,Senegal wins by more than 1.5 goals in the 1st Half?,,,finalized,2026-06-26T20:00:36Z,,,,,,,,,,,,,,2026-07-29T11:46:28Z
KXWC1HSPREAD-26JUN26SENIRQ-IRQ2,KXWC1HSPREAD-26JUN26SENIRQ,,Iraq wins by more than 1.5 goals in the 1st Half?,,,finalized,2026-06-26T20:00:37Z,,,,,,,,,,,,,,2026-07-29T11:46:28Z
KXWC1HSPREAD-26JUN26CPVKSA-KSA2,KXWC1HSPREAD-26JUN26CPVKSA,,Saudi Arabia wins by more than 1.5 goals in the 1st Half?,,,finalized,2026-06-27T00:55:17Z,,,,,,,,,,,,,,2026-07-29T11:46:28Z
KXWC1HSPREAD-26JUN26CPVKSA-CPV2,KXWC1HSPREAD-26JUN26CPVKSA,,Cape Verde wins by more than 1.5 goals in the 1st Half?,,,finalized,2026-06-27T00:55:16Z,,,,,,,,,,,,,,2026-07-29T11:46:28Z
KXWC1HSPREAD-26JUN26URUESP-URU2,KXWC1HSPREAD-26JUN26URUESP,,Uruguay wins by more than 1.5 goals in the 1st Half?,,,finalized,2026-06-27T00:55:16Z,,,,,,,,,,,,,,2026-07-29T11:46:28Z
KXWC1HSPREAD-26JUN26URUESP-ESP2,KXWC1HSPREAD-26JUN26URUESP,,Spain wins by more than 1.5 goals in the 1st Half?,,,finalized,2026-06-27T00:55:16Z,,,,,,,,,,,,,,2026-07-29T11:46:28Z
KXWC1HSPREAD-26JUN26EGYIRI-IRI2,KXWC1HSPREAD-26JUN26EGYIRI,,Iran wins by more than 1.5 goals in the 1st Half?,,,finalized,2026-06-27T03:55:11Z,,,,,,,,,,,,,,2026-07-29T11:46:28Z
KXWC1HSPREAD-26JUN26EGYIRI-EGY2,KXWC1HSPREAD-26JUN26EGYIRI,,Egypt wins by more than 1.5 goals in the 1st Half?,,,finalized,2026-06-27T03:55:11Z,,,,,,,,,,,,,,2026-07-29T11:46:28Z
KXWC1HSPREAD-26JUN26NZLBEL-NZL2,KXWC1HSPREAD-26JUN26NZLBEL,,New Zealand wins by more than 1.5 goals in the 1st Half?,,,finalized,2026-06-27T03:55:10Z,,,,,,,,,,,,,,2026-07-29T11:46:28Z
KXWC1HSPREAD-26JUN26NZLBEL-BEL2,KXWC1HSPREAD-26JUN26NZLBEL,,Belgium wins by more than 1.5 goals in the 1st Half?,,,finalized,2026-06-27T03:55:10Z,,,,,,,,,,,,,,2026-07-29T11:46:28Z
KXWC1HSPREAD-26JUN27CROGHA-GHA2,KXWC1HSPREAD-26JUN27CROGHA,,Ghana wins by more than 1.5 goals in the 1st Half?,,,finalized,2026-06-27T21:50:29Z,,,,,,,,,,,,,,2026-07-29T11:46:28Z
KXWC1HSPREAD-26JUN27CROGHA-CRO2,KXWC1HSPREAD-26JUN27CROGHA,,Croatia wins by more than 1.5 goals in the 1st Half?,,,finalized,2026-06-27T21:50:29Z,,,,,,,,,,,,,,2026-07-29T11:46:28Z
KXWC1HSPREAD-26JUN27PANENG-PAN2,KXWC1HSPREAD-26JUN27PANENG,,Panama wins by more than 1.5 goals in the 1st Half?,,,finalized,2026-06-27T21:50:29Z,,,,,,,,,,,,,,2026-07-29T11:46:28Z
KXWC1HSPREAD-26JUN27PANENG-ENG2,KXWC1HSPREAD-26JUN27PANENG,,England wins by more than 1.5 goals in the 1st Half?,,,finalized,2026-06-27T21:50:29Z,,,,,,,,,,,,,,2026-07-29T11:46:28Z
KXWC1HSPREAD-26JUN27CODUZB-UZB2,KXWC1HSPREAD-26JUN27CODUZB,,Uzbekistan wins by more than 1.5 goals in the 1st Half?,,,finalized,2026-06-28T00:25:11Z,,,,,,,,,,,,,,2026-07-29T11:46:28Z
KXWC1HSPREAD-26JUN27CODUZB-COD2,KXWC1HSPREAD-26JUN27CODUZB,,Congo DR wins by more than 1.5 goals in the 1st Half?,,,finalized,2026-06-28T00:25:10Z,,,,,,,,,,,,,,2026-07-29T11:46:28Z
KXWC1HSPREAD-26JUN27COLPOR-POR2,KXWC1HSPREAD-26JUN27COLPOR,,Portugal wins by more than 1.5 goals in the 1st Half?,,,finalized,2026-06-28T00:20:22Z,,,,,,,,,,,,,,2026-07-29T11:46:28Z
KXWC1HSPREAD-26JUN27COLPOR-COL2,KXWC1HSPREAD-26JUN27COLPOR,,Colombia wins by more than 1.5 goals in the 1st Half?,,,finalized,2026-06-28T00:20:22Z,,,,,,,,,,,,,,2026-07-29T11:46:28Z
KXWC1HSPREAD-26JUN27DZAAUT-DZA2,KXWC1HSPREAD-26JUN27DZAAUT,,Algeria wins by more than 1.5 goals in the 1st Half?,,,finalized,2026-06-28T02:50:27Z,,,,,,,,,,,,,,2026-07-29T11:46:28Z
KXWC1HSPREAD-26JUN27DZAAUT-AUT2,KXWC1HSPREAD-26JUN27DZAAUT,,Austria wins by more than 1.5 goals in the 1st Half?,,,finalized,2026-06-28T02:50:27Z,,,,,,,,,,,,,,2026-07-29T11:46:28Z
KXWC1HSPREAD-26JUN27JORARG-JOR2,KXWC1HSPREAD-26JUN27JORARG,,Jordan wins by more than 1.5 goals in the 1st Half?,,,finalized,2026-06-28T02:50:26Z,,,,,,,,,,,,,,2026-07-29T11:46:28Z
KXWC1HSPREAD-26JUN27JORARG-ARG2,KXWC1HSPREAD-26JUN27JORARG,,Argentina wins by more than 1.5 goals in the 1st Half?,,,finalized,2026-06-28T02:50:26Z,,,,,,,,,,,,,,2026-07-29T11:46:28Z
KXWC1HBTTS-26JUL18FRAENG-BTTS,KXWC1HBTTS-26JUL18FRAENG,,Will both teams score in the 1st Half?,,,finalized,2026-07-18T21:54:20Z,,,,,,,,,,,,,,2026-07-29T11:46:28Z
KXWC1HBTTS-26JUL19ESPARG-BTTS,KXWC1HBTTS-26JUL19ESPARG,,Will both teams score in the 1st Half?,,,finalized,2026-07-19T19:58:51Z,,,,,,,,,,,,,,2026-07-29T11:46:28Z
KXWC1HBTTS-26JUL15ENGARG-BTTS,KXWC1HBTTS-26JUL15ENGARG,,Will both teams score in the 1st Half?,,,finalized,2026-07-15T19:50:09Z,,,,,,,,,,,,,,2026-07-29T11:46:28Z
KXWC1HBTTS-26JUL14FRAESP-BTTS,KXWC1HBTTS-26JUL14FRAESP,,Will both teams score in the 1st Half?,,,finalized,2026-07-14T19:55:04Z,,,,,,,,,,,,,,2026-07-29T11:46:28Z
KXWC1HBTTS-26JUL11ARGSUI-BTTS,KXWC1HBTTS-26JUL11ARGSUI,,Will both teams score in the 1st Half?,,,finalized,2026-07-12T01:50:06Z,,,,,,,,,,,,,,2026-07-29T11:46:28Z
KXWC1HBTTS-26JUL10ESPBEL-BTTS,KXWC1HBTTS-26JUL10ESPBEL,,Will both teams score in the 1st Half?,,,finalized,2026-07-10T19:50:14Z,,,,,,,,,,,,,,2026-07-29T11:46:28Z
KXWC1HBTTS-26JUL11NORENG-BTTS,KXWC1HBTTS-26JUL11NORENG,,Will both teams score in the 1st Half?,,,finalized,2026-07-11T21:50:28Z,,,,,,,,,,,,,,2026-07-29T11:46:28Z
KXWC1HBTTS-26JUL09FRAMAR-BTTS,KXWC1HBTTS-26JUL09FRAMAR,,Will both teams score in the 1st Half?,,,finalized,2026-07-09T20:50:12Z,,,,,,,,,,,,,,2026-07-29T11:46:28Z
KXWC1HBTTS-26JUL07SUICOL-BTTS,KXWC1HBTTS-26JUL07SUICOL,,Will both teams score in the 1st Half?,,,finalized,2026-07-07T20:50:14Z,,,,,,,,,,,,,,2026-07-29T11:46:28Z
KXWC1HBTTS-26JUL07ARGEGY-BTTS,KXWC1HBTTS-26JUL07ARGEGY,,Will both teams score in the 1st Half?,,,finalized,2026-07-07T16:55:05Z,,,,,,,,,,,,,,2026-07-29T11:46:28Z
KXWC1HBTTS-26JUL06PORESP-BTTS,KXWC1HBTTS-26JUL06PORESP,,Will both teams score in the 1st Half?,,,finalized,2026-07-06T19:50:19Z,,,,,,,,,,,,,,2026-07-29T11:46:28Z
KXWC1HBTTS-26JUL06USABEL-BTTS,KXWC1HBTTS-26JUL06USABEL,,Will both teams score in the 1st Half?,,,finalized,2026-07-07T00:55:01Z,,,,,,,,,,,,,,2026-07-29T11:46:28Z
KXWC1HBTTS-26JUL05MEXENG-BTTS,KXWC1HBTTS-26JUL05MEXENG,,Will both teams score in the 1st Half?,,,finalized,2026-07-06T01:50:17Z,,,,,,,,,,,,,,2026-07-29T11:46:28Z
KXWC1HBTTS-26JUL04PARFRA-BTTS,KXWC1HBTTS-26JUL04PARFRA,,Will both teams score in the 1st Half?,,,finalized,2026-07-04T21:55:05Z,,,,,,,,,,,,,,2026-07-29T11:46:28Z
KXWC1HBTTS-26JUL05BRANOR-BTTS,KXWC1HBTTS-26JUL05BRANOR,,Will both teams score in the 1st Half?,,,finalized,2026-07-05T20:55:07Z,,,,,,,,,,,,,,2026-07-29T11:46:28Z
KXWC1HBTTS-26JUL04CANMAR-BTTS,KXWC1HBTTS-26JUL04CANMAR,,Will both teams score in the 1st Half?,,,finalized,2026-07-04T17:55:05Z,,,,,,,,,,,,,,2026-07-29T11:46:28Z
KXWC1HBTTS-26JUL02ESPAUT-BTTS,KXWC1HBTTS-26JUL02ESPAUT,,Will both teams score in the 1st Half?,,,finalized,2026-07-02T19:50:22Z,,,,,,,,,,,,,,2026-07-29T11:46:28Z
KXWC1HBTTS-26JUL02SUIDZA-BTTS,KXWC1HBTTS-26JUL02SUIDZA,,Will both teams score in the 1st Half?,,,finalized,2026-07-03T03:51:37Z,,,,,,,,,,,,,,2026-07-29T11:46:28Z
KXWC1HBTTS-26JUL01ENGCOD-BTTS,KXWC1HBTTS-26JUL01ENGCOD,,Will both teams score in the 1st Half?,,,finalized,2026-07-01T16:55:08Z,,,,,,,,,,,,,,2026-07-29T11:46:28Z
KXWC1HBTTS-26JUL01BELSEN-BTTS,KXWC1HBTTS-26JUL01BELSEN,,Will both teams score in the 1st Half?,,,finalized,2026-07-01T20:50:19Z,,,,,,,,,,,,,,2026-07-29T11:46:28Z
KXWC1HBTTS-26JUL02PORCRO-BTTS,KXWC1HBTTS-26JUL02PORCRO,,Will both teams score in the 1st Half?,,,finalized,2026-07-02T23:50:25Z,,,,,,,,,,,,,,2026-07-29T11:46:28Z
KXWC1HBTTS-26JUL03COLGHA-BTTS,KXWC1HBTTS-26JUL03COLGHA,,Will both teams score in the 1st Half?,,,finalized,2026-07-04T02:25:24Z,,,,,,,,,,,,,,2026-07-29T11:46:28Z
KXWC1HBTTS-26JUN30MEXECU-BTTS,KXWC1HBTTS-26JUN30MEXECU,,Will both teams score in the 1st Half?,,,finalized,2026-07-01T02:50:13Z,,,,,,,,,,,,,,2026-07-29T11:46:28Z
KXWC1HBTTS-26JUL03AUSEGY-BTTS,KXWC1HBTTS-26JUL03AUSEGY,,Will both teams score in the 1st Half?,,,finalized,2026-07-03T18:50:18Z,,,,,,,,,,,,,,2026-07-29T11:46:28Z
KXWC1HBTTS-26JUN29GERPAR-BTTS,KXWC1HBTTS-26JUN29GERPAR,,Will both teams score in the 1st Half?,,,finalized,2026-06-29T21:23:16Z,,,,,,,,,,,,,,2026-07-29T11:46:28Z
KXWC1HBTTS-26JUN30FRASWE-BTTS,KXWC1HBTTS-26JUN30FRASWE,,Will both teams score in the 1st Half?,,,finalized,2026-06-30T21:50:21Z,,,,,,,,,,,,,,2026-07-29T11:46:28Z
KXWC1HBTTS-26JUL03ARGCPV-BTTS,KXWC1HBTTS-26JUL03ARGCPV,,Will both teams score in the 1st Half?,,,finalized,2026-07-03T22:50:17Z,,,,,,,,,,,,,,2026-07-29T11:46:28Z
KXWC1HBTTS-26JUN30CIVNOR-BTTS,KXWC1HBTTS-26JUN30CIVNOR,,Will both teams score in the 1st Half?,,,finalized,2026-06-30T17:50:20Z,,,,,,,,,,,,,,2026-07-29T11:46:28Z
KXWC1HBTTS-26JUN29BRAJPN-BTTS,KXWC1HBTTS-26JUN29BRAJPN,,Will both teams score in the 1st Half?,,,finalized,2026-06-29T17:50:17Z,,,,,,,,,,,,,,2026-07-29T11:46:28Z
KXWC1HBTTS-26JUN29NEDMAR-BTTS,KXWC1HBTTS-26JUN29NEDMAR,,Will both teams score in the 1st Half?,,,finalized,2026-06-30T01:55:05Z,,,,,,,,,,,,,,2026-07-29T11:46:28Z
KXWC1HBTTS-26JUL01USABIH-BTTS,KXWC1HBTTS-26JUL01USABIH,,Will both teams score in the 1st Half?,,,finalized,2026-07-02T00:55:06Z,,,,,,,,,,,,,,2026-07-29T11:46:28Z
KXWC1HBTTS-26JUN28RSACAN-BTTS,KXWC1HBTTS-26JUN28RSACAN,,Will both teams score in the 1st Half?,1st Half - Both Teams To Score,,finalized,2026-06-28T19:50:18Z,,,,,,,,,,,,,,2026-07-29T11:46:28Z
KXWC1HBTTS-26JUN11MEXRSA-BTTS,KXWC1HBTTS-26JUN11MEXRSA,,Will both teams score in the 1st Half?,,,finalized,2026-06-11T19:56:37Z,,,,,,,,,,,,,,2026-07-29T11:46:28Z
KXWC1HBTTS-26JUN11KORCZE-BTTS,KXWC1HBTTS-26JUN11KORCZE,,Will both teams score in the 1st Half?,,,finalized,2026-06-12T02:50:47Z,,,,,,,,,,,,,,2026-07-29T11:46:28Z
KXWC1HBTTS-26JUN12CANBIH-BTTS,KXWC1HBTTS-26JUN12CANBIH,,Will both teams score in the 1st Half?,,,finalized,2026-06-12T19:50:46Z,,,,,,,,,,,,,,2026-07-29T11:46:28Z
KXWC1HBTTS-26JUN12USAPAR-BTTS,KXWC1HBTTS-26JUN12USAPAR,,Will both teams score in the 1st Half?,,,finalized,2026-06-13T01:55:21Z,,,,,,,,,,,,,,2026-07-29T11:46:28Z
KXWC1HBTTS-26JUN13QATSUI-BTTS,KXWC1HBTTS-26JUN13QATSUI,,Will both teams score in the 1st Half?,,,finalized,2026-06-13T19:55:32Z,,,,,,,,,,,,,,2026-07-29T11:46:28Z
KXWC1HBTTS-26JUN13BRAMAR-BTTS,KXWC1HBTTS-26JUN13BRAMAR,,Will both teams score in the 1st Half?,,,finalized,2026-06-13T22:43:05Z,,,,,,,,,,,,,,2026-07-29T11:46:28Z
KXWC1HBTTS-26JUN13HTISCO-BTTS,KXWC1HBTTS-26JUN13HTISCO,,Will both teams score in the 1st Half?,,,finalized,2026-06-14T01:55:30Z,,,,,,,,,,,,,,2026-07-29T11:46:28Z
KXWC1HBTTS-26JUN14AUSTUR-BTTS,KXWC1HBTTS-26JUN14AUSTUR,,Will both teams score in the 1st Half?,,,finalized,2026-06-14T04:50:59Z,,,,,,,,,,,,,,2026-07-29T11:46:28Z
KXWC1HBTTS-26JUN14GERCUW-BTTS,KXWC1HBTTS-26JUN14GERCUW,,Will both teams score in the 1st Half?,,,finalized,2026-06-14T17:55:20Z,,,,,,,,,,,,,,2026-07-29T11:46:28Z
KXWC1HBTTS-26JUN14NEDJPN-BTTS,KXWC1HBTTS-26JUN14NEDJPN,,Will both teams score in the 1st Half?,,,finalized,2026-06-14T20:50:41Z,,,,,,,,,,,,,,2026-07-29T11:46:28Z
KXWC1HBTTS-26JUN14CIVECU-BTTS,KXWC1HBTTS-26JUN14CIVECU,,Will both teams score in the 1st Half?,,,finalized,2026-06-14T23:55:28Z,,,,,,,,,,,,,,2026-07-29T11:46:28Z
KXWC1HBTTS-26JUN14SWETUN-BTTS,KXWC1HBTTS-26JUN14SWETUN,,Will both teams score in the 1st Half?,,,finalized,2026-06-15T02:50:07Z,,,,,,,,,,,,,,2026-07-29T11:46:28Z
KXWC1HBTTS-26JUN15ESPCPV-BTTS,KXWC1HBTTS-26JUN15ESPCPV,,Will both teams score in the 1st Half?,,,finalized,2026-06-15T16:50:47Z,,,,,,,,,,,,,,2026-07-29T11:46:28Z
KXWC1HBTTS-26JUN15BELEGY-BTTS,KXWC1HBTTS-26JUN15BELEGY,,Will both teams score in the 1st Half?,,,finalized,2026-06-15T19:51:02Z,,,,,,,,,,,,,,2026-07-29T11:46:28Z
KXWC1HBTTS-26JUN15KSAURU-BTTS,KXWC1HBTTS-26JUN15KSAURU,,Will both teams score in the 1st Half?,,,finalized,2026-06-15T22:55:30Z,,,,,,,,,,,,,,2026-07-29T11:46:28Z
KXWC1HBTTS-26JUN15IRINZL-BTTS,KXWC1HBTTS-26JUN15IRINZL,,Will both teams score in the 1st Half?,,,finalized,2026-06-16T01:55:21Z,,,,,,,,,,,,,,2026-07-29T11:46:28Z
KXWC1HBTTS-26JUN16FRASEN-BTTS,KXWC1HBTTS-26JUN16FRASEN,,Will both teams score in the 1st Half?,,,finalized,2026-06-16T19:55:28Z,,,,,,,,,,,,,,2026-07-29T11:46:28Z
KXWC1HBTTS-26JUN16IRQNOR-BTTS,KXWC1HBTTS-26JUN16IRQNOR,,Will both teams score in the 1st Half?,,,finalized,2026-06-16T22:55:29Z,,,,,,,,,,,,,,2026-07-29T11:46:28Z
KXWC1HBTTS-26JUN16ARGDZA-BTTS,KXWC1HBTTS-26JUN16ARGDZA,,Will both teams score in the 1st Half?,,,finalized,2026-06-17T01:55:27Z,,,,,,,,,,,,,,2026-07-29T11:46:28Z
KXWC1HBTTS-26JUN17AUTJOR-BTTS,KXWC1HBTTS-26JUN17AUTJOR,,Will both teams score in the 1st Half?,,,finalized,2026-06-17T04:55:21Z,,,,,,,,,,,,,,2026-07-29T11:46:28Z
KXWC1HBTTS-26JUN17PORCOD-BTTS,KXWC1HBTTS-26JUN17PORCOD,,Will both teams score in the 1st Half?,,,finalized,2026-06-17T17:55:38Z,,,,,,,,,,,,,,2026-07-29T11:46:28Z
KXWC1HBTTS-26JUN17ENGCRO-BTTS,KXWC1HBTTS-26JUN17ENGCRO,,Will both teams score in the 1st Half?,,,finalized,2026-06-17T20:50:51Z,,,,,,,,,,,,,,2026-07-29T11:46:28Z
KXWC1HBTTS-26JUN17GHAPAN-BTTS,KXWC1HBTTS-26JUN17GHAPAN,,Will both teams score in the 1st Half?,,,finalized,2026-06-17T23:51:02Z,,,,,,,,,,,,,,2026-07-29T11:46:28Z
KXWC1HBTTS-26JUN17UZBCOL-BTTS,KXWC1HBTTS-26JUN17UZBCOL,,Will both teams score in the 1st Half?,,,finalized,2026-06-18T02:51:06Z,,,,,,,,,,,,,,2026-07-29T11:46:28Z
KXWC1HBTTS-26JUN18CZERSA-BTTS,KXWC1HBTTS-26JUN18CZERSA,,Will both teams score in the 1st Half?,,,finalized,2026-06-18T16:51:14Z,,,,,,,,,,,,,,2026-07-29T11:46:28Z
KXWC1HBTTS-26JUN18SUIBIH-BTTS,KXWC1HBTTS-26JUN18SUIBIH,,Will both teams score in the 1st Half?,,,finalized,2026-06-18T19:50:50Z,,,,,,,,,,,,,,2026-07-29T11:46:28Z
KXWC1HBTTS-26JUN18CANQAT-BTTS,KXWC1HBTTS-26JUN18CANQAT,,Will both teams score in the 1st Half?,,,finalized,2026-06-18T22:55:25Z,,,,,,,,,,,,,,2026-07-29T11:46:28Z
KXWC1HBTTS-26JUN18MEXKOR-BTTS,KXWC1HBTTS-26JUN18MEXKOR,,Will both teams score in the 1st Half?,,,finalized,2026-06-19T01:50:39Z,,,,,,,,,,,,,,2026-07-29T11:46:28Z
KXWC1HBTTS-26JUN19USAAUS-BTTS,KXWC1HBTTS-26JUN19USAAUS,,Will both teams score in the 1st Half?,,,finalized,2026-06-19T19:55:27Z,,,,,,,,,,,,,,2026-07-29T11:46:28Z
KXWC1HBTTS-26JUN19SCOMAR-BTTS,KXWC1HBTTS-26JUN19SCOMAR,,Will both teams score in the 1st Half?,,,finalized,2026-06-19T22:51:04Z,,,,,,,,,,,,,,2026-07-29T11:46:28Z
KXWC1HBTTS-26JUN19BRAHTI-BTTS,KXWC1HBTTS-26JUN19BRAHTI,,Will both teams score in the 1st Half?,,,finalized,2026-06-20T01:25:28Z,,,,,,,,,,,,,,2026-07-29T11:46:28Z
KXWC1HBTTS-26JUN19TURPAR-BTTS,KXWC1HBTTS-26JUN19TURPAR,,Will both teams score in the 1st Half?,,,finalized,2026-06-20T03:55:27Z,,,,,,,,,,,,,,2026-07-29T11:46:28Z
KXWC1HBTTS-26JUN20NEDSWE-BTTS,KXWC1HBTTS-26JUN20NEDSWE,,Will both teams score in the 1st Half?,,,finalized,2026-06-20T17:50:43Z,,,,,,,,,,,,,,2026-07-29T11:46:28Z
KXWC1HBTTS-26JUN20GERCIV-BTTS,KXWC1HBTTS-26JUN20GERCIV,,Will both teams score in the 1st Half?,,,finalized,2026-06-20T20:55:34Z,,,,,,,,,,,,,,2026-07-29T11:46:28Z
KXWC1HBTTS-26JUN20ECUCUW-BTTS,KXWC1HBTTS-26JUN20ECUCUW,,Will both teams score in the 1st Half?,,,finalized,2026-06-21T00:51:10Z,,,,,,,,,,,,,,2026-07-29T11:46:28Z
KXWC1HBTTS-26JUN21TUNJPN-BTTS,KXWC1HBTTS-26JUN21TUNJPN,,Will both teams score in the 1st Half?,,,finalized,2026-06-21T04:51:01Z,,,,,,,,,,,,,,2026-07-29T11:46:28Z
KXWC1HBTTS-26JUN21ESPKSA-BTTS,KXWC1HBTTS-26JUN21ESPKSA,,Will both teams score in the 1st Half?,,,finalized,2026-06-21T16:51:15Z,,,,,,,,,,,,,,2026-07-29T11:46:28Z
KXWC1HBTTS-26JUN21BELIRI-BTTS,KXWC1HBTTS-26JUN21BELIRI,,Will both teams score in the 1st Half?,,,finalized,2026-06-21T19:55:41Z,,,,,,,,,,,,,,2026-07-29T11:46:28Z
KXWC1HBTTS-26JUN21URUCPV-BTTS,KXWC1HBTTS-26JUN21URUCPV,,Will both teams score in the 1st Half?,,,finalized,2026-06-21T22:55:25Z,,,,,,,,,,,,,,2026-07-29T11:46:28Z
KXWC1HBTTS-26JUN21NZLEGY-BTTS,KXWC1HBTTS-26JUN21NZLEGY,,Will both teams score in the 1st Half?,,,finalized,2026-06-22T01:50:20Z,,,,,,,,,,,,,,2026-07-29T11:46:28Z
KXWC1HBTTS-26JUN22ARGAUT-BTTS,KXWC1HBTTS-26JUN22ARGAUT,,Will both teams score in the 1st Half?,,,finalized,2026-06-22T17:55:12Z,,,,,,,,,,,,,,2026-07-29T11:46:28Z
KXWC1HBTTS-26JUN22FRAIRQ-BTTS,KXWC1HBTTS-26JUN22FRAIRQ,,Will both teams score in the 1st Half?,,,finalized,2026-06-22T21:50:24Z,,,,,,,,,,,,,,2026-07-29T11:46:28Z
KXWC1HBTTS-26JUN22NORSEN-BTTS,KXWC1HBTTS-26JUN22NORSEN,,Will both teams score in the 1st Half?,,,finalized,2026-06-23T00:50:32Z,,,,,,,,,,,,,,2026-07-29T11:46:28Z
KXWC1HBTTS-26JUN22JORDZA-BTTS,KXWC1HBTTS-26JUN22JORDZA,,Will both teams score in the 1st Half?,,,finalized,2026-06-23T03:51:22Z,,,,,,,,,,,,,,2026-07-29T11:46:28Z
KXWC1HBTTS-26JUN23PORUZB-BTTS,KXWC1HBTTS-26JUN23PORUZB,,Will both teams score in the 1st Half?,,,finalized,2026-06-23T17:50:32Z,,,,,,,,,,,,,,2026-07-29T11:46:28Z
KXWC1HBTTS-26JUN23ENGGHA-BTTS,KXWC1HBTTS-26JUN23ENGGHA,,Will both teams score in the 1st Half?,,,finalized,2026-06-23T20:55:21Z,,,,,,,,,,,,,,2026-07-29T11:46:28Z
KXWC1HBTTS-26JUN23PANCRO-BTTS,KXWC1HBTTS-26JUN23PANCRO,,Will both teams score in the 1st Half?,,,finalized,2026-06-23T23:50:25Z,,,,,,,,,,,,,,2026-07-29T11:46:28Z
KXWC1HBTTS-26JUN23COLCOD-BTTS,KXWC1HBTTS-26JUN23COLCOD,,Will both teams score in the 1st Half?,,,finalized,2026-06-24T02:50:21Z,,,,,,,,,,,,,,2026-07-29T11:46:28Z
KXWC1HBTTS-26JUN24BIHQAT-BTTS,KXWC1HBTTS-26JUN24BIHQAT,,Will both teams score in the 1st Half?,,,finalized,2026-06-24T19:50:29Z,,,,,,,,,,,,,,2026-07-29T11:46:28Z
KXWC1HBTTS-26JUN24SUICAN-BTTS,KXWC1HBTTS-26JUN24SUICAN,,Will both teams score in the 1st Half?,,,finalized,2026-06-24T19:50:28Z,,,,,,,,,,,,,,2026-07-29T11:46:28Z
KXWC1HBTTS-26JUN24MARHTI-BTTS,KXWC1HBTTS-26JUN24MARHTI,,Will both teams score in the 1st Half?,,,finalized,2026-06-24T22:50:44Z,,,,,,,,,,,,,,2026-07-29T11:46:28Z
KXWC1HBTTS-26JUN24SCOBRA-BTTS,KXWC1HBTTS-26JUN24SCOBRA,,Will both teams score in the 1st Half?,,,finalized,2026-06-24T22:55:21Z,,,,,,,,,,,,,,2026-07-29T11:46:28Z
KXWC1HBTTS-26JUN24CZEMEX-BTTS,KXWC1HBTTS-26JUN24CZEMEX,,Will both teams score in the 1st Half?,,,finalized,2026-06-25T01:50:25Z,,,,,,,,,,,,,,2026-07-29T11:46:28Z
KXWC1HBTTS-26JUN24RSAKOR-BTTS,KXWC1HBTTS-26JUN24RSAKOR,,Will both teams score in the 1st Half?,,,finalized,2026-06-25T01:50:25Z,,,,,,,,,,,,,,2026-07-29T11:46:28Z
KXWC1HBTTS-26JUN25CUWCIV-BTTS,KXWC1HBTTS-26JUN25CUWCIV,,Will both teams score in the 1st Half?,,,finalized,2026-06-25T20:51:17Z,,,,,,,,,,,,,,2026-07-29T11:46:28Z
KXWC1HBTTS-26JUN25ECUGER-BTTS,KXWC1HBTTS-26JUN25ECUGER,,Will both teams score in the 1st Half?,,,finalized,2026-06-25T20:51:17Z,,,,,,,,,,,,,,2026-07-29T11:46:28Z
KXWC1HBTTS-26JUN25JPNSWE-BTTS,KXWC1HBTTS-26JUN25JPNSWE,,Will both teams score in the 1st Half?,,,finalized,2026-06-25T23:50:33Z,,,,,,,,,,,,,,2026-07-29T11:46:28Z
KXWC1HBTTS-26JUN25TUNNED-BTTS,KXWC1HBTTS-26JUN25TUNNED,,Will both teams score in the 1st Half?,,,finalized,2026-06-25T23:50:33Z,,,,,,,,,,,,,,2026-07-29T11:46:28Z
KXWC1HBTTS-26JUN25PARAUS-BTTS,KXWC1HBTTS-26JUN25PARAUS,,Will both teams score in the 1st Half?,,,finalized,2026-06-26T02:51:32Z,,,,,,,,,,,,,,2026-07-29T11:46:28Z
KXWC1HBTTS-26JUN25TURUSA-BTTS,KXWC1HBTTS-26JUN25TURUSA,,Will both teams score in the 1st Half?,,,finalized,2026-06-26T02:51:32Z,,,,,,,,,,,,,,2026-07-29T11:46:28Z
KXWC1HBTTS-26JUN26NORFRA-BTTS,KXWC1HBTTS-26JUN26NORFRA,,Will both teams score in the 1st Half?,,,finalized,2026-06-26T19:55:21Z,,,,,,,,,,,,,,2026-07-29T11:46:28Z
KXWC1HBTTS-26JUN26SENIRQ-BTTS,KXWC1HBTTS-26JUN26SENIRQ,,Will both teams score in the 1st Half?,,,finalized,2026-06-26T20:00:39Z,,,,,,,,,,,,,,2026-07-29T11:46:28Z
KXWC1HBTTS-26JUN26CPVKSA-BTTS,KXWC1HBTTS-26JUN26CPVKSA,,Will both teams score in the 1st Half?,,,finalized,2026-06-27T00:55:20Z,,,,,,,,,,,,,,2026-07-29T11:46:28Z
KXWC1HBTTS-26JUN26URUESP-BTTS,KXWC1HBTTS-26JUN26URUESP,,Will both teams score in the 1st Half?,,,finalized,2026-06-27T00:55:19Z,,,,,,,,,,,,,,2026-07-29T11:46:28Z
KXWC1HBTTS-26JUN26EGYIRI-BTTS,KXWC1HBTTS-26JUN26EGYIRI,,Will both teams score in the 1st Half?,,,finalized,2026-06-27T03:55:14Z,,,,,,,,,,,,,,2026-07-29T11:46:28Z
KXWC1HBTTS-26JUN26NZLBEL-BTTS,KXWC1HBTTS-26JUN26NZLBEL,,Will both teams score in the 1st Half?,,,finalized,2026-06-27T03:55:14Z,,,,,,,,,,,,,,2026-07-29T11:46:28Z
KXWC1HBTTS-26JUN27CROGHA-BTTS,KXWC1HBTTS-26JUN27CROGHA,,Will both teams score in the 1st Half?,,,finalized,2026-06-27T21:50:33Z,,,,,,,,,,,,,,2026-07-29T11:46:28Z
KXWC1HBTTS-26JUN27PANENG-BTTS,KXWC1HBTTS-26JUN27PANENG,,Will both teams score in the 1st Half?,,,finalized,2026-06-27T21:50:33Z,,,,,,,,,,,,,,2026-07-29T11:46:28Z
KXWC1HBTTS-26JUN27CODUZB-BTTS,KXWC1HBTTS-26JUN27CODUZB,,Will both teams score in the 1st Half?,,,finalized,2026-06-28T00:25:13Z,,,,,,,,,,,,,,2026-07-29T11:46:28Z
KXWC1HBTTS-26JUN27COLPOR-BTTS,KXWC1HBTTS-26JUN27COLPOR,,Will both teams score in the 1st Half?,,,finalized,2026-06-28T00:20:24Z,,,,,,,,,,,,,,2026-07-29T11:46:28Z
KXWC1HBTTS-26JUN27DZAAUT-BTTS,KXWC1HBTTS-26JUN27DZAAUT,,Will both teams score in the 1st Half?,,,finalized,2026-06-28T02:50:30Z,,,,,,,,,,,,,,2026-07-29T11:46:28Z
KXWC1HBTTS-26JUN27JORARG-BTTS,KXWC1HBTTS-26JUN27JORARG,,Will both teams score in the 1st Half?,,,finalized,2026-06-28T02:50:30Z,,,,,,,,,,,,,,2026-07-29T11:46:28Z
KXWCGAME-26JUL19ESPARG-TIE,KXWCGAME-26JUL19ESPARG,,Spain vs Argentina Winner?,,,finalized,2026-07-19T21:18:52Z,,,,,,,,,,,,,,2026-07-29T11:46:28Z
KXWCGAME-26JUL19ESPARG-ESP,KXWCGAME-26JUL19ESPARG,,Spain vs Argentina Winner?,,,finalized,2026-07-19T21:18:52Z,,,,,,,,,,,,,,2026-07-29T11:46:28Z
KXWCGAME-26JUL19ESPARG-ARG,KXWCGAME-26JUL19ESPARG,,Spain vs Argentina Winner?,,,finalized,2026-07-19T21:18:52Z,,,,,,,,,,,,,,2026-07-29T11:46:28Z
KXWCGAME-26JUL18FRAENG-TIE,KXWCGAME-26JUL18FRAENG,,France vs England Winner?,,,finalized,2026-07-18T23:04:26Z,,,,,,,,,,,,,,2026-07-29T11:46:28Z
KXWCGAME-26JUL18FRAENG-FRA,KXWCGAME-26JUL18FRAENG,,France vs England Winner?,,,finalized,2026-07-18T23:04:26Z,,,,,,,,,,,,,,2026-07-29T11:46:28Z
KXWCGAME-26JUL18FRAENG-ENG,KXWCGAME-26JUL18FRAENG,,France vs England Winner?,,,finalized,2026-07-18T23:04:26Z,,,,,,,,,,,,,,2026-07-29T11:46:28Z
KXWCGAME-26JUL15ENGARG-TIE,KXWCGAME-26JUL15ENGARG,,England vs Argentina Winner?,,,finalized,2026-07-15T21:04:21Z,,,,,,,,,,,,,,2026-07-29T11:46:28Z
KXWCGAME-26JUL15ENGARG-ENG,KXWCGAME-26JUL15ENGARG,,England vs Argentina Winner?,,,finalized,2026-07-15T21:04:21Z,,,,,,,,,,,,,,2026-07-29T11:46:28Z
KXWCGAME-26JUL15ENGARG-ARG,KXWCGAME-26JUL15ENGARG,,England vs Argentina Winner?,,,finalized,2026-07-15T21:04:21Z,,,,,,,,,,,,,,2026-07-29T11:46:28Z
KXWCGAME-26JUL14FRAESP-TIE,KXWCGAME-26JUL14FRAESP,,France vs Spain Winner?,,,finalized,2026-07-14T20:59:36Z,,,,,,,,,,,,,,2026-07-29T11:46:28Z
KXWCGAME-26JUL14FRAESP-FRA,KXWCGAME-26JUL14FRAESP,,France vs Spain Winner?,,,finalized,2026-07-14T20:59:36Z,,,,,,,,,,,,,,2026-07-29T11:46:28Z
KXWCGAME-26JUL14FRAESP-ESP,KXWCGAME-26JUL14FRAESP,,France vs Spain Winner?,,,finalized,2026-07-14T20:59:36Z,,,,,,,,,,,,,,2026-07-29T11:46:28Z
KXWCGAME-26JUL11ARGSUI-TIE,KXWCGAME-26JUL11ARGSUI,,Argentina vs Switzerland Winner?,,,finalized,2026-07-12T03:04:25Z,,,,,,,,,,,,,,2026-07-29T11:46:28Z
KXWCGAME-26JUL11ARGSUI-SUI,KXWCGAME-26JUL11ARGSUI,,Argentina vs Switzerland Winner?,,,finalized,2026-07-12T03:04:25Z,,,,,,,,,,,,,,2026-07-29T11:46:28Z
KXWCGAME-26JUL11ARGSUI-ARG,KXWCGAME-26JUL11ARGSUI,,Argentina vs Switzerland Winner?,,,finalized,2026-07-12T03:04:25Z,,,,,,,,,,,,,,2026-07-29T11:46:28Z
KXWCGAME-26JUL10ESPBEL-TIE,KXWCGAME-26JUL10ESPBEL,,Spain vs Belgium Winner?,,,finalized,2026-07-10T20:59:36Z,,,,,,,,,,,,,,2026-07-29T11:46:28Z
KXWCGAME-26JUL10ESPBEL-ESP,KXWCGAME-26JUL10ESPBEL,,Spain vs Belgium Winner?,,,finalized,2026-07-10T20:59:36Z,,,,,,,,,,,,,,2026-07-29T11:46:28Z
KXWCGAME-26JUL10ESPBEL-BEL,KXWCGAME-26JUL10ESPBEL,,Spain vs Belgium Winner?,,,finalized,2026-07-10T20:59:36Z,,,,,,,,,,,,,,2026-07-29T11:46:28Z
KXWCGAME-26JUL11NORENG-TIE,KXWCGAME-26JUL11NORENG,,Norway vs England Winner?,,,finalized,2026-07-11T23:04:26Z,,,,,,,,,,,,,,2026-07-29T11:46:28Z
KXWCGAME-26JUL11NORENG-NOR,KXWCGAME-26JUL11NORENG,,Norway vs England Winner?,,,finalized,2026-07-11T23:04:26Z,,,,,,,,,,,,,,2026-07-29T11:46:28Z
KXWCGAME-26JUL11NORENG-ENG,KXWCGAME-26JUL11NORENG,,Norway vs England Winner?,,,finalized,2026-07-11T23:04:26Z,,,,,,,,,,,,,,2026-07-29T11:46:28Z
KXWCGAME-26JUL09FRAMAR-TIE,KXWCGAME-26JUL09FRAMAR,,France vs Morocco Winner?,,,finalized,2026-07-09T22:04:24Z,,,,,,,,,,,,,,2026-07-29T11:46:28Z
KXWCGAME-26JUL09FRAMAR-MAR,KXWCGAME-26JUL09FRAMAR,,France vs Morocco Winner?,,,finalized,2026-07-09T22:04:24Z,,,,,,,,,,,,,,2026-07-29T11:46:28Z
KXWCGAME-26JUL09FRAMAR-FRA,KXWCGAME-26JUL09FRAMAR,,France vs Morocco Winner?,,,finalized,2026-07-09T22:04:24Z,,,,,,,,,,,,,,2026-07-29T11:46:28Z
KXWCGAME-26JUL07SUICOL-TIE,KXWCGAME-26JUL07SUICOL,,Switzerland vs Colombia Winner?,,,finalized,2026-07-07T21:54:24Z,,,,,,,,,,,,,,2026-07-29T11:46:28Z
KXWCGAME-26JUL07SUICOL-SUI,KXWCGAME-26JUL07SUICOL,,Switzerland vs Colombia Winner?,,,finalized,2026-07-07T21:54:24Z,,,,,,,,,,,,,,2026-07-29T11:46:28Z
KXWCGAME-26JUL07SUICOL-COL,KXWCGAME-26JUL07SUICOL,,Switzerland vs Colombia Winner?,,,finalized,2026-07-07T21:54:24Z,,,,,,,,,,,,,,2026-07-29T11:46:28Z
KXWCGAME-26JUL07ARGEGY-TIE,KXWCGAME-26JUL07ARGEGY,,Argentina vs Egypt Winner?,,,finalized,2026-07-07T18:04:28Z,,,,,,,,,,,,,,2026-07-29T11:46:28Z
KXWCGAME-26JUL07ARGEGY-EGY,KXWCGAME-26JUL07ARGEGY,,Argentina vs Egypt Winner?,,,finalized,2026-07-07T18:04:28Z,,,,,,,,,,,,,,2026-07-29T11:46:28Z
KXWCGAME-26JUL07ARGEGY-ARG,KXWCGAME-26JUL07ARGEGY,,Argentina vs Egypt Winner?,,,finalized,2026-07-07T18:04:28Z,,,,,,,,,,,,,,2026-07-29T11:46:28Z
KXWCGAME-26JUL06PORESP-TIE,KXWCGAME-26JUL06PORESP,,Portugal vs Spain Winner?,,,finalized,2026-07-06T21:04:28Z,,,,,,,,,,,,,,2026-07-29T11:46:28Z
KXWCGAME-26JUL06PORESP-POR,KXWCGAME-26JUL06PORESP,,Portugal vs Spain Winner?,,,finalized,2026-07-06T21:04:28Z,,,,,,,,,,,,,,2026-07-29T11:46:28Z
KXWCGAME-26JUL06PORESP-ESP,KXWCGAME-26JUL06PORESP,,Portugal vs Spain Winner?,,,finalized,2026-07-06T21:04:28Z,,,,,,,,,,,,,,2026-07-29T11:46:28Z
KXWCGAME-26JUL06USABEL-USA,KXWCGAME-26JUL06USABEL,,USA vs Belgium Winner?,,,finalized,2026-07-07T01:59:41Z,,,,,,,,,,,,,,2026-07-29T11:46:28Z
KXWCGAME-26JUL06USABEL-TIE,KXWCGAME-26JUL06USABEL,,USA vs Belgium Winner?,,,finalized,2026-07-07T01:59:41Z,,,,,,,,,,,,,,2026-07-29T11:46:28Z
KXWCGAME-26JUL06USABEL-BEL,KXWCGAME-26JUL06USABEL,,USA vs Belgium Winner?,,,finalized,2026-07-07T01:59:41Z,,,,,,,,,,,,,,2026-07-29T11:46:28Z
KXWCGAME-26JUL05MEXENG-TIE,KXWCGAME-26JUL05MEXENG,,Mexico vs England Winner?,,,finalized,2026-07-06T03:04:24Z,,,,,,,,,,,,,,2026-07-29T11:46:28Z
KXWCGAME-26JUL05MEXENG-MEX,KXWCGAME-26JUL05MEXENG,,Mexico vs England Winner?,,,finalized,2026-07-06T03:04:24Z,,,,,,,,,,,,,,2026-07-29T11:46:28Z
KXWCGAME-26JUL05MEXENG-ENG,KXWCGAME-26JUL05MEXENG,,Mexico vs England Winner?,,,finalized,2026-07-06T03:04:24Z,,,,,,,,,,,,,,2026-07-29T11:46:28Z
KXWCGAME-26JUL04PARFRA-TIE,KXWCGAME-26JUL04PARFRA,,Paraguay vs France Winner?,,,finalized,2026-07-04T23:04:22Z,,,,,,,,,,,,,,2026-07-29T11:46:28Z
KXWCGAME-26JUL04PARFRA-PAR,KXWCGAME-26JUL04PARFRA,,Paraguay vs France Winner?,,,finalized,2026-07-04T23:04:22Z,,,,,,,,,,,,,,2026-07-29T11:46:28Z
KXWCGAME-26JUL04PARFRA-FRA,KXWCGAME-26JUL04PARFRA,,Paraguay vs France Winner?,,,finalized,2026-07-04T23:04:22Z,,,,,,,,,,,,,,2026-07-29T11:46:28Z
KXWCGAME-26JUL05BRANOR-TIE,KXWCGAME-26JUL05BRANOR,,Brazil vs Norway Winner?,,,finalized,2026-07-05T22:04:30Z,,,,,,,,,,,,,,2026-07-29T11:46:28Z
KXWCGAME-26JUL05BRANOR-NOR,KXWCGAME-26JUL05BRANOR,,Brazil vs Norway Winner?,,,finalized,2026-07-05T22:04:30Z,,,,,,,,,,,,,,2026-07-29T11:46:28Z
KXWCGAME-26JUL05BRANOR-BRA,KXWCGAME-26JUL05BRANOR,,Brazil vs Norway Winner?,,,finalized,2026-07-05T22:04:30Z,,,,,,,,,,,,,,2026-07-29T11:46:28Z
KXWCGAME-26JUL04CANMAR-TIE,KXWCGAME-26JUL04CANMAR,,Canada vs Morocco Winner?,,,finalized,2026-07-04T19:04:29Z,,,,,,,,,,,,,,2026-07-29T11:46:28Z
KXWCGAME-26JUL04CANMAR-MAR,KXWCGAME-26JUL04CANMAR,,Canada vs Morocco Winner?,,,finalized,2026-07-04T19:04:29Z,,,,,,,,,,,,,,2026-07-29T11:46:28Z
KXWCGAME-26JUL04CANMAR-CAN,KXWCGAME-26JUL04CANMAR,,Canada vs Morocco Winner?,,,finalized,2026-07-04T19:04:29Z,,,,,,,,,,,,,,2026-07-29T11:46:28Z
KXWCGAME-26JUL02SUIDZA-TIE,KXWCGAME-26JUL02SUIDZA,,Switzerland vs Algeria Winner?,,,finalized,2026-07-03T04:59:40Z,,,,,,,,,,,,,,2026-07-29T11:46:28Z
KXWCGAME-26JUL02SUIDZA-SUI,KXWCGAME-26JUL02SUIDZA,,Switzerland vs Algeria Winner?,,,finalized,2026-07-03T04:59:40Z,,,,,,,,,,,,,,2026-07-29T11:46:28Z
KXWCGAME-26JUL02SUIDZA-DZA,KXWCGAME-26JUL02SUIDZA,,Switzerland vs Algeria Winner?,,,finalized,2026-07-03T04:59:40Z,,,,,,,,,,,,,,2026-07-29T11:46:28Z
KXWCGAME-26JUL02ESPAUT-TIE,KXWCGAME-26JUL02ESPAUT,,Spain vs Austria Winner?,,,finalized,2026-07-02T20:59:39Z,,,,,,,,,,,,,,2026-07-29T11:46:28Z
KXWCGAME-26JUL02ESPAUT-ESP,KXWCGAME-26JUL02ESPAUT,,Spain vs Austria Winner?,,,finalized,2026-07-02T20:59:39Z,,,,,,,,,,,,,,2026-07-29T11:46:28Z
KXWCGAME-26JUL02ESPAUT-AUT,KXWCGAME-26JUL02ESPAUT,,Spain vs Austria Winner?,,,finalized,2026-07-02T20:59:39Z,,,,,,,,,,,,,,2026-07-29T11:46:28Z
KXWCGAME-26JUL03COLGHA-TIE,KXWCGAME-26JUL03COLGHA,,Colombia vs Ghana Winner?,,,finalized,2026-07-04T03:34:23Z,,,,,,,,,,,,,,2026-07-29T11:46:28Z
KXWCGAME-26JUL03COLGHA-GHA,KXWCGAME-26JUL03COLGHA,,Colombia vs Ghana Winner?,,,finalized,2026-07-04T03:34:23Z,,,,,,,,,,,,,,2026-07-29T11:46:28Z
KXWCGAME-26JUL03COLGHA-COL,KXWCGAME-26JUL03COLGHA,,Colombia vs Ghana Winner?,,,finalized,2026-07-04T03:34:23Z,,,,,,,,,,,,,,2026-07-29T11:46:28Z
KXWCGAME-26JUL02PORCRO-TIE,KXWCGAME-26JUL02PORCRO,,Portugal vs Croatia Winner?,,,finalized,2026-07-03T01:09:33Z,,,,,,,,,,,,,,2026-07-29T11:46:28Z
KXWCGAME-26JUL02PORCRO-POR,KXWCGAME-26JUL02PORCRO,,Portugal vs Croatia Winner?,,,finalized,2026-07-03T01:09:33Z,,,,,,,,,,,,,,2026-07-29T11:46:28Z
KXWCGAME-26JUL02PORCRO-CRO,KXWCGAME-26JUL02PORCRO,,Portugal vs Croatia Winner?,,,finalized,2026-07-03T01:09:33Z,,,,,,,,,,,,,,2026-07-29T11:46:28Z
KXWCGAME-26JUL01BELSEN-TIE,KXWCGAME-26JUL01BELSEN,,Belgium vs Senegal Winner?,,,finalized,2026-07-01T22:49:33Z,,,,,,,,,,,,,,2026-07-29T11:46:28Z
KXWCGAME-26JUL01BELSEN-SEN,KXWCGAME-26JUL01BELSEN,,Belgium vs Senegal Winner?,,,finalized,2026-07-01T22:49:33Z,,,,,,,,,,,,,,2026-07-29T11:46:28Z
KXWCGAME-26JUL01BELSEN-BEL,KXWCGAME-26JUL01BELSEN,,Belgium vs Senegal Winner?,,,finalized,2026-07-01T22:49:33Z,,,,,,,,,,,,,,2026-07-29T11:46:28Z
KXWCGAME-26JUL01ENGCOD-TIE,KXWCGAME-26JUL01ENGCOD,,England vs Congo DR Winner?,,,finalized,2026-07-01T17:59:52Z,,,,,,,,,,,,,,2026-07-29T11:46:28Z
KXWCGAME-26JUL01ENGCOD-ENG,KXWCGAME-26JUL01ENGCOD,,England vs Congo DR Winner?,,,finalized,2026-07-01T17:59:52Z,,,,,,,,,,,,,,2026-07-29T11:46:28Z
KXWCGAME-26JUL01ENGCOD-COD,KXWCGAME-26JUL01ENGCOD,,England vs Congo DR Winner?,,,finalized,2026-07-01T17:59:52Z,,,,,,,,,,,,,,2026-07-29T11:46:28Z
KXWCGAME-26JUN30MEXECU-TIE,KXWCGAME-26JUN30MEXECU,,Mexico vs Ecuador Winner?,,,finalized,2026-07-01T04:04:41Z,,,,,,,,,,,,,,2026-07-29T11:46:28Z
KXWCGAME-26JUN30MEXECU-MEX,KXWCGAME-26JUN30MEXECU,,Mexico vs Ecuador Winner?,,,finalized,2026-07-01T04:04:41Z,,,,,,,,,,,,,,2026-07-29T11:46:28Z
KXWCGAME-26JUN30MEXECU-ECU,KXWCGAME-26JUN30MEXECU,,Mexico vs Ecuador Winner?,,,finalized,2026-07-01T04:04:41Z,,,,,,,,,,,,,,2026-07-29T11:46:28Z
KXWCGAME-26JUL03AUSEGY-TIE,KXWCGAME-26JUL03AUSEGY,,Australia vs Egypt Winner?,,,finalized,2026-07-03T19:59:40Z,,,,,,,,,,,,,,2026-07-29T11:46:28Z
KXWCGAME-26JUL03AUSEGY-EGY,KXWCGAME-26JUL03AUSEGY,,Australia vs Egypt Winner?,,,finalized,2026-07-03T19:59:40Z,,,,,,,,,,,,,,2026-07-29T11:46:28Z
KXWCGAME-26JUL03AUSEGY-AUS,KXWCGAME-26JUL03AUSEGY,,Australia vs Egypt Winner?,,,finalized,2026-07-03T19:59:40Z,,,,,,,,,,,,,,2026-07-29T11:46:28Z
KXWCGAME-26JUL03ARGCPV-TIE,KXWCGAME-26JUL03ARGCPV,,Argentina vs Cape Verde Winner?,,,finalized,2026-07-03T23:59:41Z,,,,,,,,,,,,,,2026-07-29T11:46:28Z
KXWCGAME-26JUL03ARGCPV-CPV,KXWCGAME-26JUL03ARGCPV,,Argentina vs Cape Verde Winner?,,,finalized,2026-07-03T23:59:41Z,,,,,,,,,,,,,,2026-07-29T11:46:28Z
KXWCGAME-26JUL03ARGCPV-ARG,KXWCGAME-26JUL03ARGCPV,,Argentina vs Cape Verde Winner?,,,finalized,2026-07-03T23:59:41Z,,,,,,,,,,,,,,2026-07-29T11:46:28Z
KXWCGAME-26JUN30FRASWE-TIE,KXWCGAME-26JUN30FRASWE,,France vs Sweden Winner?,,,finalized,2026-06-30T22:54:45Z,,,,,,,,,,,,,,2026-07-29T11:46:28Z
KXWCGAME-26JUN30FRASWE-SWE,KXWCGAME-26JUN30FRASWE,,France vs Sweden Winner?,,,finalized,2026-06-30T22:54:45Z,,,,,,,,,,,,,,2026-07-29T11:46:28Z
KXWCGAME-26JUN30FRASWE-FRA,KXWCGAME-26JUN30FRASWE,,France vs Sweden Winner?,,,finalized,2026-06-30T22:54:45Z,,,,,,,,,,,,,,2026-07-29T11:46:28Z
KXWCGAME-26JUN29GERPAR-TIE,KXWCGAME-26JUN29GERPAR,,Germany vs Paraguay Winner?,,,finalized,2026-06-29T22:35:00Z,,,,,,,,,,,,,,2026-07-29T11:46:28Z
KXWCGAME-26JUN29GERPAR-PAR,KXWCGAME-26JUN29GERPAR,,Germany vs Paraguay Winner?,,,finalized,2026-06-29T22:35:00Z,,,,,,,,,,,,,,2026-07-29T11:46:28Z
KXWCGAME-26JUN29GERPAR-GER,KXWCGAME-26JUN29GERPAR,,Germany vs Paraguay Winner?,,,finalized,2026-06-29T22:35:00Z,,,,,,,,,,,,,,2026-07-29T11:46:28Z
KXWCGAME-26JUN30CIVNOR-TIE,KXWCGAME-26JUN30CIVNOR,,Ivory Coast vs Norway Winner?,,,finalized,2026-06-30T18:59:27Z,,,,,,,,,,,,,,2026-07-29T11:46:28Z
KXWCGAME-26JUN30CIVNOR-NOR,KXWCGAME-26JUN30CIVNOR,,Ivory Coast vs Norway Winner?,,,finalized,2026-06-30T18:59:27Z,,,,,,,,,,,,,,2026-07-29T11:46:28Z
KXWCGAME-26JUN30CIVNOR-CIV,KXWCGAME-26JUN30CIVNOR,,Ivory Coast vs Norway Winner?,,,finalized,2026-06-30T18:59:27Z,,,,,,,,,,,,,,2026-07-29T11:46:28Z
KXWCGAME-26JUL01USABIH-USA,KXWCGAME-26JUL01USABIH,,USA vs Bosnia and Herzegovina Winner?,,,finalized,2026-07-02T02:09:30Z,,,,,,,,,,,,,,2026-07-29T11:46:28Z
KXWCGAME-26JUL01USABIH-TIE,KXWCGAME-26JUL01USABIH,,USA vs Bosnia and Herzegovina Winner?,,,finalized,2026-07-02T02:09:30Z,,,,,,,,,,,,,,2026-07-29T11:46:28Z
KXWCGAME-26JUL01USABIH-BIH,KXWCGAME-26JUL01USABIH,,USA vs Bosnia and Herzegovina Winner?,,,finalized,2026-07-02T02:09:30Z,,,,,,,,,,,,,,2026-07-29T11:46:28Z
KXWCGAME-26JUN29NEDMAR-TIE,KXWCGAME-26JUN29NEDMAR,,Netherlands vs Morocco Winner?,,,finalized,2026-06-30T03:00:30Z,,,,,,,,,,,,,,2026-07-29T11:46:28Z
KXWCGAME-26JUN29NEDMAR-NED,KXWCGAME-26JUN29NEDMAR,,Netherlands vs Morocco Winner?,,,finalized,2026-06-30T03:00:30Z,,,,,,,,,,,,,,2026-07-29T11:46:28Z
KXWCGAME-26JUN29NEDMAR-MAR,KXWCGAME-26JUN29NEDMAR,,Netherlands vs Morocco Winner?,,,finalized,2026-06-30T03:00:30Z,,,,,,,,,,,,,,2026-07-29T11:46:28Z
KXWCGAME-26JUN29BRAJPN-TIE,KXWCGAME-26JUN29BRAJPN,,Brazil vs Japan Winner?,,,finalized,2026-06-29T19:03:58Z,,,,,,,,,,,,,,2026-07-29T11:46:28Z
KXWCGAME-26JUN29BRAJPN-JPN,KXWCGAME-26JUN29BRAJPN,,Brazil vs Japan Winner?,,,finalized,2026-06-29T19:03:58Z,,,,,,,,,,,,,,2026-07-29T11:46:28Z
KXWCGAME-26JUN29BRAJPN-BRA,KXWCGAME-26JUN29BRAJPN,,Brazil vs Japan Winner?,,,finalized,2026-06-29T19:03:58Z,,,,,,,,,,,,,,2026-07-29T11:46:28Z
KXWCGAME-26JUN28RSACAN-TIE,KXWCGAME-26JUN28RSACAN,,South Africa vs Canada Winner?,,,finalized,2026-06-28T20:59:58Z,,,,,,,,,,,,,,2026-07-29T11:46:28Z
KXWCGAME-26JUN28RSACAN-RSA,KXWCGAME-26JUN28RSACAN,,South Africa vs Canada Winner?,,,finalized,2026-06-28T20:59:58Z,,,,,,,,,,,,,,2026-07-29T11:46:28Z
KXWCGAME-26JUN28RSACAN-CAN,KXWCGAME-26JUN28RSACAN,,South Africa vs Canada Winner?,,,finalized,2026-06-28T20:59:58Z,,,,,,,,,,,,,,2026-07-29T11:46:28Z
KXWCGAME-26JUN27CODUZB-UZB,KXWCGAME-26JUN27CODUZB,,Congo DR vs Uzbekistan Winner?,,,finalized,2026-06-28T01:34:24Z,,,,,,,,,,,,,,2026-07-29T11:46:28Z
KXWCGAME-26JUN27CODUZB-TIE,KXWCGAME-26JUN27CODUZB,,Congo DR vs Uzbekistan Winner?,,,finalized,2026-06-28T01:34:24Z,,,,,,,,,,,,,,2026-07-29T11:46:28Z
KXWCGAME-26JUN27CODUZB-COD,KXWCGAME-26JUN27CODUZB,,Congo DR vs Uzbekistan Winner?,Congo DR,,finalized,2026-06-28T01:34:24Z,,,,,,,,,,,,,,2026-07-29T11:46:28Z
KXWCGAME-26JUN26SENIRQ-TIE,KXWCGAME-26JUN26SENIRQ,,Senegal vs Iraq Winner?,,,finalized,2026-06-26T21:04:26Z,,,,,,,,,,,,,,2026-07-29T11:46:28Z
KXWCGAME-26JUN26SENIRQ-SEN,KXWCGAME-26JUN26SENIRQ,,Senegal vs Iraq Winner?,,,finalized,2026-06-26T21:04:26Z,,,,,,,,,,,,,,2026-07-29T11:46:28Z
KXWCGAME-26JUN26SENIRQ-IRQ,KXWCGAME-26JUN26SENIRQ,,Senegal vs Iraq Winner?,,,finalized,2026-06-26T21:04:26Z,,,,,,,,,,,,,,2026-07-29T11:46:28Z
KXWCGAME-26JUN25TURUSA-USA,KXWCGAME-26JUN25TURUSA,,Turkiye vs USA Winner?,,,finalized,2026-06-26T04:03:34Z,,,,,,,,,,,,,,2026-07-29T11:46:28Z
KXWCGAME-26JUN25TURUSA-TUR,KXWCGAME-26JUN25TURUSA,,Turkiye vs USA Winner?,Turkiye,,finalized,2026-06-26T04:03:34Z,,,,,,,,,,,,,,2026-07-29T11:46:28Z
KXWCGAME-26JUN25TURUSA-TIE,KXWCGAME-26JUN25TURUSA,,Turkiye vs USA Winner?,,,finalized,2026-06-26T04:03:34Z,,,,,,,,,,,,,,2026-07-29T11:46:28Z
KXWCGAME-26JUN25JPNSWE-TIE,KXWCGAME-26JUN25JPNSWE,,Japan vs Sweden Winner?,,,finalized,2026-06-26T00:59:40Z,,,,,,,,,,,,,,2026-07-29T11:46:28Z
KXWCGAME-26JUN25JPNSWE-SWE,KXWCGAME-26JUN25JPNSWE,,Japan vs Sweden Winner?,,,finalized,2026-06-26T00:59:40Z,,,,,,,,,,,,,,2026-07-29T11:46:28Z
KXWCGAME-26JUN25JPNSWE-JPN,KXWCGAME-26JUN25JPNSWE,,Japan vs Sweden Winner?,,,finalized,2026-06-26T00:59:40Z,,,,,,,,,,,,,,2026-07-29T11:46:28Z
KXWCGAME-26JUN24CZEMEX-TIE,KXWCGAME-26JUN24CZEMEX,,Czechia vs Mexico Winner?,,,finalized,2026-06-25T02:58:50Z,,,,,,,,,,,,,,2026-07-29T11:46:28Z
KXWCGAME-26JUN24CZEMEX-MEX,KXWCGAME-26JUN24CZEMEX,,Czechia vs Mexico Winner?,,,finalized,2026-06-25T02:58:50Z,,,,,,,,,,,,,,2026-07-29T11:46:28Z
KXWCGAME-26JUN24CZEMEX-CZE,KXWCGAME-26JUN24CZEMEX,,Czechia vs Mexico Winner?,,,finalized,2026-06-25T02:58:50Z,,,,,,,,,,,,,,2026-07-29T11:46:28Z
KXWCGAME-26JUN24BIHQAT-TIE,KXWCGAME-26JUN24BIHQAT,,Bosnia and Herzegovina vs Qatar Winner?,,,finalized,2026-06-24T21:00:18Z,,,,,,,,,,,,,,2026-07-29T11:46:28Z
KXWCGAME-26JUN24BIHQAT-QAT,KXWCGAME-26JUN24BIHQAT,,Bosnia and Herzegovina vs Qatar Winner?,,,finalized,2026-06-24T21:00:18Z,,,,,,,,,,,,,,2026-07-29T11:46:28Z
KXWCGAME-26JUN24BIHQAT-BIH,KXWCGAME-26JUN24BIHQAT,,Bosnia and Herzegovina vs Qatar Winner?,,,finalized,2026-06-24T21:00:18Z,,,,,,,,,,,,,,2026-07-29T11:46:28Z
KXWCGAME-26JUN23COLCOD-TIE,KXWCGAME-26JUN23COLCOD,,Colombia vs Congo DR Winner?,,,finalized,2026-06-24T03:59:39Z,,,,,,,,,,,,,,2026-07-29T11:46:28Z
KXWCGAME-26JUN23COLCOD-COL,KXWCGAME-26JUN23COLCOD,,Colombia vs Congo DR Winner?,,,finalized,2026-06-24T03:59:39Z,,,,,,,,,,,,,,2026-07-29T11:46:28Z
KXWCGAME-26JUN23COLCOD-COD,KXWCGAME-26JUN23COLCOD,,Colombia vs Congo DR Winner?,Congo DR,,finalized,2026-06-24T03:59:39Z,,,,,,,,,,,,,,2026-07-29T11:46:28Z
KXWCGAME-26JUN22FRAIRQ-TIE,KXWCGAME-26JUN22FRAIRQ,,France vs Iraq Winner?,,,finalized,2026-06-23T00:49:33Z,,,,,,,,,,,,,,2026-07-29T11:46:28Z
KXWCGAME-26JUN22FRAIRQ-IRQ,KXWCGAME-26JUN22FRAIRQ,,France vs Iraq Winner?,,,finalized,2026-06-23T00:49:33Z,,,,,,,,,,,,,,2026-07-29T11:46:28Z
KXWCGAME-26JUN22FRAIRQ-FRA,KXWCGAME-26JUN22FRAIRQ,,France vs Iraq Winner?,,,finalized,2026-06-23T00:49:33Z,,,,,,,,,,,,,,2026-07-29T11:46:28Z
KXWCGAME-26JUN20NEDSWE-TIE,KXWCGAME-26JUN20NEDSWE,,Netherlands vs Sweden Winner?,,,finalized,2026-06-20T19:06:22Z,,,,,,,,,,,,,,2026-07-29T11:46:28Z
KXWCGAME-26JUN20NEDSWE-SWE,KXWCGAME-26JUN20NEDSWE,,Netherlands vs Sweden Winner?,,,finalized,2026-06-20T19:06:22Z,,,,,,,,,,,,,,2026-07-29T11:46:28Z
KXWCGAME-26JUN20NEDSWE-NED,KXWCGAME-26JUN20NEDSWE,,Netherlands vs Sweden Winner?,,,finalized,2026-06-20T19:06:22Z,,,,,,,,,,,,,,2026-07-29T11:46:28Z
KXWCGAME-26JUN19TURPAR-TUR,KXWCGAME-26JUN19TURPAR,,Turkiye vs Paraguay Winner?,Turkiye,,finalized,2026-06-20T05:10:54Z,,,,,,,,,,,,,,2026-07-29T11:46:28Z
KXWCGAME-26JUN19TURPAR-TIE,KXWCGAME-26JUN19TURPAR,,Turkiye vs Paraguay Winner?,,,finalized,2026-06-20T05:10:54Z,,,,,,,,,,,,,,2026-07-29T11:46:28Z
KXWCGAME-26JUN19TURPAR-PAR,KXWCGAME-26JUN19TURPAR,,Turkiye vs Paraguay Winner?,,,finalized,2026-06-20T05:10:54Z,,,,,,,,,,,,,,2026-07-29T11:46:28Z
KXWCGAME-26JUN18SUIBIH-TIE,KXWCGAME-26JUN18SUIBIH,,Switzerland vs Bosnia and Herzegovina Winner?,,,finalized,2026-06-18T20:59:14Z,,,,,,,,,,,,,,2026-07-29T11:46:28Z
KXWCGAME-26JUN18SUIBIH-SUI,KXWCGAME-26JUN18SUIBIH,,Switzerland vs Bosnia and Herzegovina Winner?,,,finalized,2026-06-18T20:59:14Z,,,,,,,,,,,,,,2026-07-29T11:46:28Z
KXWCGAME-26JUN18SUIBIH-BIH,KXWCGAME-26JUN18SUIBIH,,Switzerland vs Bosnia and Herzegovina Winner?,,,finalized,2026-06-18T20:59:14Z,,,,,,,,,,,,,,2026-07-29T11:46:28Z
KXWCGAME-26JUN18CZERSA-TIE,KXWCGAME-26JUN18CZERSA,,Czechia vs South Africa Winner?,,,finalized,2026-06-18T18:03:24Z,,,,,,,,,,,,,,2026-07-29T11:46:28Z
KXWCGAME-26JUN18CZERSA-RSA,KXWCGAME-26JUN18CZERSA,,Czechia vs South Africa Winner?,,,finalized,2026-06-18T18:03:24Z,,,,,,,,,,,,,,2026-07-29T11:46:28Z
KXWCGAME-26JUN18CZERSA-CZE,KXWCGAME-26JUN18CZERSA,,Czechia vs South Africa Winner?,,,finalized,2026-06-18T18:03:24Z,,,,,,,,,,,,,,2026-07-29T11:46:28Z
KXWCGAME-26JUN17PORCOD-TIE,KXWCGAME-26JUN17PORCOD,,Portugal vs Congo DR Winner?,,,finalized,2026-06-17T19:01:43Z,,,,,,,,,,,,,,2026-07-29T11:46:28Z
KXWCGAME-26JUN17PORCOD-POR,KXWCGAME-26JUN17PORCOD,,Portugal vs Congo DR Winner?,,,finalized,2026-06-17T19:01:43Z,,,,,,,,,,,,,,2026-07-29T11:46:28Z
KXWCGAME-26JUN17PORCOD-COD,KXWCGAME-26JUN17PORCOD,,Portugal vs Congo DR Winner?,Congo DR,,finalized,2026-06-17T19:01:43Z,,,,,,,,,,,,,,2026-07-29T11:46:28Z
KXWCGAME-26JUN16IRQNOR-TIE,KXWCGAME-26JUN16IRQNOR,,Iraq vs Norway Winner?,,,finalized,2026-06-17T00:06:28Z,,,,,,,,,,,,,,2026-07-29T11:46:28Z
KXWCGAME-26JUN16IRQNOR-NOR,KXWCGAME-26JUN16IRQNOR,,Iraq vs Norway Winner?,,,finalized,2026-06-17T00:06:28Z,,,,,,,,,,,,,,2026-07-29T11:46:28Z
KXWCGAME-26JUN16IRQNOR-IRQ,KXWCGAME-26JUN16IRQNOR,,Iraq vs Norway Winner?,,,finalized,2026-06-17T00:06:28Z,,,,,,,,,,,,,,2026-07-29T11:46:28Z
KXWCGAME-26JUN14SWETUN-TUN,KXWCGAME-26JUN14SWETUN,,Sweden vs Tunisia Winner?,,,finalized,2026-06-15T03:59:26Z,,,,,,,,,,,,,,2026-07-29T11:46:28Z
KXWCGAME-26JUN14SWETUN-TIE,KXWCGAME-26JUN14SWETUN,,Sweden vs Tunisia Winner?,,,finalized,2026-06-15T03:59:26Z,,,,,,,,,,,,,,2026-07-29T11:46:28Z
KXWCGAME-26JUN14SWETUN-SWE,KXWCGAME-26JUN14SWETUN,,Sweden vs Tunisia Winner?,,,finalized,2026-06-15T03:59:26Z,,,,,,,,,,,,,,2026-07-29T11:46:28Z
KXWCGAME-26JUN14AUSTUR-TUR,KXWCGAME-26JUN14AUSTUR,,Australia vs Turkiye Winner?,Turkiye,,finalized,2026-06-14T05:58:11Z,,,,,,,,,,,,,,2026-07-29T11:46:28Z
KXWCGAME-26JUN14AUSTUR-TIE,KXWCGAME-26JUN14AUSTUR,,Australia vs Turkiye Winner?,,,finalized,2026-06-14T05:58:11Z,,,,,,,,,,,,,,2026-07-29T11:46:28Z
KXWCGAME-26JUN14AUSTUR-AUS,KXWCGAME-26JUN14AUSTUR,,Australia vs Turkiye Winner?,,,finalized,2026-06-14T05:58:11Z,,,,,,,,,,,,,,2026-07-29T11:46:28Z
KXWCGAME-26JUN12CANBIH-TIE,KXWCGAME-26JUN12CANBIH,,Canada vs Bosnia and Herzegovina Winner?,,,finalized,2026-06-12T20:59:58Z,,,,,,,,,,,,,,2026-07-29T11:46:28Z
KXWCGAME-26JUN12CANBIH-CAN,KXWCGAME-26JUN12CANBIH,,Canada vs Bosnia and Herzegovina Winner?,,,finalized,2026-06-12T20:59:58Z,,,,,,,,,,,,,,2026-07-29T11:46:28Z
KXWCGAME-26JUN12CANBIH-BIH,KXWCGAME-26JUN12CANBIH,,Canada vs Bosnia and Herzegovina Winner?,,,finalized,2026-06-12T20:59:58Z,,,,,,,,,,,,,,2026-07-29T11:46:28Z
KXWCGAME-26JUN11KORCZE-TIE,KXWCGAME-26JUN11KORCZE,,Korea Republic vs Czechia Winner?,,,finalized,2026-06-12T04:00:48Z,,,,,,,,,,,,,,2026-07-29T11:46:28Z
KXWCGAME-26JUN11KORCZE-KOR,KXWCGAME-26JUN11KORCZE,,Korea Republic vs Czechia Winner?,Korea Republic,,finalized,2026-06-12T04:00:48Z,,,,,,,,,,,,,,2026-07-29T11:46:28Z
KXWCGAME-26JUN11KORCZE-CZE,KXWCGAME-26JUN11KORCZE,,Korea Republic vs Czechia Winner?,,,finalized,2026-06-12T04:00:48Z,,,,,,,,,,,,,,2026-07-29T11:46:28Z
KXWCGAME-26JUN27JORARG-TIE,KXWCGAME-26JUN27JORARG,,Jordan vs Argentina Winner?,,,finalized,2026-06-28T03:59:48Z,,,,,,,,,,,,,,2026-07-29T11:46:28Z
KXWCGAME-26JUN27JORARG-JOR,KXWCGAME-26JUN27JORARG,,Jordan vs Argentina Winner?,Jordan,,finalized,2026-06-28T03:59:48Z,,,,,,,,,,,,,,2026-07-29T11:46:28Z
KXWCGAME-26JUN27JORARG-ARG,KXWCGAME-26JUN27JORARG,,Jordan vs Argentina Winner?,Argentina,,finalized,2026-06-28T03:59:48Z,,,,,,,,,,,,,,2026-07-29T11:46:28Z
KXWCGAME-26JUN27DZAAUT-TIE,KXWCGAME-26JUN27DZAAUT,,Algeria vs Austria Winner?,,,finalized,2026-06-28T03:59:49Z,,,,,,,,,,,,,,2026-07-29T11:46:28Z
KXWCGAME-26JUN27DZAAUT-DZA,KXWCGAME-26JUN27DZAAUT,,Algeria vs Austria Winner?,Algeria,,finalized,2026-06-28T03:59:49Z,,,,,,,,,,,,,,2026-07-29T11:46:28Z
KXWCGAME-26JUN27DZAAUT-AUT,KXWCGAME-26JUN27DZAAUT,,Algeria vs Austria Winner?,Austria,,finalized,2026-06-28T03:59:49Z,,,,,,,,,,,,,,2026-07-29T11:46:28Z
KXWCGAME-26JUN27CROGHA-TIE,KXWCGAME-26JUN27CROGHA,,Croatia vs Ghana Winner?,,,finalized,2026-06-27T22:59:47Z,,,,,,,,,,,,,,2026-07-29T11:46:28Z
KXWCGAME-26JUN27CROGHA-GHA,KXWCGAME-26JUN27CROGHA,,Croatia vs Ghana Winner?,Ghana,,finalized,2026-06-27T22:59:47Z,,,,,,,,,,,,,,2026-07-29T11:46:28Z
KXWCGAME-26JUN27CROGHA-CRO,KXWCGAME-26JUN27CROGHA,,Croatia vs Ghana Winner?,Croatia,,finalized,2026-06-27T22:59:47Z,,,,,,,,,,,,,,2026-07-29T11:46:28Z
KXWCGAME-26JUN27COLPOR-TIE,KXWCGAME-26JUN27COLPOR,,Colombia vs Portugal Winner?,,,finalized,2026-06-28T01:29:42Z,,,,,,,,,,,,,,2026-07-29T11:46:28Z
KXWCGAME-26JUN27COLPOR-POR,KXWCGAME-26JUN27COLPOR,,Colombia vs Portugal Winner?,Portugal,,finalized,2026-06-28T01:29:42Z,,,,,,,,,,,,,,2026-07-29T11:46:28Z
KXWCGAME-26JUN27COLPOR-COL,KXWCGAME-26JUN27COLPOR,,Colombia vs Portugal Winner?,Colombia,,finalized,2026-06-28T01:29:42Z,,,,,,,,,,,,,,2026-07-29T11:46:28Z
KXWCGAME-26JUN26EGYIRI-TIE,KXWCGAME-26JUN26EGYIRI,,Egypt vs IR Iran Winner?,,,finalized,2026-06-27T05:04:22Z,,,,,,,,,,,,,,2026-07-29T11:46:28Z
KXWCGAME-26JUN26EGYIRI-IRI,KXWCGAME-26JUN26EGYIRI,,Egypt vs IR Iran Winner?,IR Iran,,finalized,2026-06-27T05:04:22Z,,,,,,,,,,,,,,2026-07-29T11:46:28Z
KXWCGAME-26JUN26EGYIRI-EGY,KXWCGAME-26JUN26EGYIRI,,Egypt vs IR Iran Winner?,Egypt,,finalized,2026-06-27T05:04:22Z,,,,,,,,,,,,,,2026-07-29T11:46:28Z
KXWCGAME-26JUN27PANENG-TIE,KXWCGAME-26JUN27PANENG,,Panama vs England Winner?,,,finalized,2026-06-27T22:54:29Z,,,,,,,,,,,,,,2026-07-29T11:46:28Z
KXWCGAME-26JUN27PANENG-PAN,KXWCGAME-26JUN27PANENG,,Panama vs England Winner?,Panama,,finalized,2026-06-27T22:54:29Z,,,,,,,,,,,,,,2026-07-29T11:46:28Z
KXWCGAME-26JUN27PANENG-ENG,KXWCGAME-26JUN27PANENG,,Panama vs England Winner?,England,,finalized,2026-06-27T22:54:29Z,,,,,,,,,,,,,,2026-07-29T11:46:28Z
KXWCGAME-26JUN26NZLBEL-TIE,KXWCGAME-26JUN26NZLBEL,,New Zealand vs Belgium Winner?,,,finalized,2026-06-27T04:59:37Z,,,,,,,,,,,,,,2026-07-29T11:46:28Z
KXWCGAME-26JUN26NZLBEL-NZL,KXWCGAME-26JUN26NZLBEL,,New Zealand vs Belgium Winner?,New Zealand,,finalized,2026-06-27T04:59:37Z,,,,,,,,,,,,,,2026-07-29T11:46:28Z
KXWCGAME-26JUN26NZLBEL-BEL,KXWCGAME-26JUN26NZLBEL,,New Zealand vs Belgium Winner?,Belgium,,finalized,2026-06-27T04:59:37Z,,,,,,,,,,,,,,2026-07-29T11:46:28Z
KXWCGAME-26JUN26CPVKSA-TIE,KXWCGAME-26JUN26CPVKSA,,Cape Verde vs Saudi Arabia Winner?,,,finalized,2026-06-27T01:59:41Z,,,,,,,,,,,,,,2026-07-29T11:46:28Z
KXWCGAME-26JUN26CPVKSA-KSA,KXWCGAME-26JUN26CPVKSA,,Cape Verde vs Saudi Arabia Winner?,Saudi Arabia,,finalized,2026-06-27T01:59:41Z,,,,,,,,,,,,,,2026-07-29T11:46:28Z
KXWCGAME-26JUN26CPVKSA-CPV,KXWCGAME-26JUN26CPVKSA,,Cape Verde vs Saudi Arabia Winner?,Cape Verde,,finalized,2026-06-27T01:59:41Z,,,,,,,,,,,,,,2026-07-29T11:46:28Z
KXWCGAME-26JUN26NORFRA-TIE,KXWCGAME-26JUN26NORFRA,,Norway vs France Winner?,,,finalized,2026-06-26T21:00:37Z,,,,,,,,,,,,,,2026-07-29T11:46:28Z
KXWCGAME-26JUN26NORFRA-NOR,KXWCGAME-26JUN26NORFRA,,Norway vs France Winner?,Norway,,finalized,2026-06-26T21:00:37Z,,,,,,,,,,,,,,2026-07-29T11:46:28Z
KXWCGAME-26JUN26NORFRA-FRA,KXWCGAME-26JUN26NORFRA,,Norway vs France Winner?,France,,finalized,2026-06-26T21:00:37Z,,,,,,,,,,,,,,2026-07-29T11:46:28Z
KXWCGAME-26JUN26URUESP-URU,KXWCGAME-26JUN26URUESP,,Uruguay vs Spain Winner?,Uruguay,,finalized,2026-06-27T02:04:26Z,,,,,,,,,,,,,,2026-07-29T11:46:28Z
KXWCGAME-26JUN26URUESP-TIE,KXWCGAME-26JUN26URUESP,,Uruguay vs Spain Winner?,,,finalized,2026-06-27T02:04:26Z,,,,,,,,,,,,,,2026-07-29T11:46:28Z
KXWCGAME-26JUN26URUESP-ESP,KXWCGAME-26JUN26URUESP,,Uruguay vs Spain Winner?,Spain,,finalized,2026-06-27T02:04:26Z,,,,,,,,,,,,,,2026-07-29T11:46:28Z
KXWCGAME-26JUN25PARAUS-TIE,KXWCGAME-26JUN25PARAUS,,Paraguay vs Australia Winner?,,,finalized,2026-06-26T03:59:49Z,,,,,,,,,,,,,,2026-07-29T11:46:28Z
KXWCGAME-26JUN25PARAUS-PAR,KXWCGAME-26JUN25PARAUS,,Paraguay vs Australia Winner?,Paraguay,,finalized,2026-06-26T03:59:49Z,,,,,,,,,,,,,,2026-07-29T11:46:28Z
KXWCGAME-26JUN25PARAUS-AUS,KXWCGAME-26JUN25PARAUS,,Paraguay vs Australia Winner?,Australia,,finalized,2026-06-26T03:59:49Z,,,,,,,,,,,,,,2026-07-29T11:46:28Z
KXWCGAME-26JUN25TUNNED-TUN,KXWCGAME-26JUN25TUNNED,,Tunisia vs Netherlands Winner?,Tunisia,,finalized,2026-06-26T00:54:28Z,,,,,,,,,,,,,,2026-07-29T11:46:28Z
KXWCGAME-26JUN25TUNNED-TIE,KXWCGAME-26JUN25TUNNED,,Tunisia vs Netherlands Winner?,,,finalized,2026-06-26T00:54:28Z,,,,,,,,,,,,,,2026-07-29T11:46:28Z
KXWCGAME-26JUN25TUNNED-NED,KXWCGAME-26JUN25TUNNED,,Tunisia vs Netherlands Winner?,Netherlands,,finalized,2026-06-26T00:54:28Z,,,,,,,,,,,,,,2026-07-29T11:46:28Z
KXWCGAME-26JUN25CUWCIV-TIE,KXWCGAME-26JUN25CUWCIV,,Curacao vs Ivory Coast Winner?,,,finalized,2026-06-25T21:59:43Z,,,,,,,,,,,,,,2026-07-29T11:46:28Z
KXWCGAME-26JUN25CUWCIV-CUW,KXWCGAME-26JUN25CUWCIV,,Curacao vs Ivory Coast Winner?,Curacao,,finalized,2026-06-25T21:59:43Z,,,,,,,,,,,,,,2026-07-29T11:46:28Z
KXWCGAME-26JUN25CUWCIV-CIV,KXWCGAME-26JUN25CUWCIV,,Curacao vs Ivory Coast Winner?,Ivory Coast,,finalized,2026-06-25T21:59:43Z,,,,,,,,,,,,,,2026-07-29T11:46:28Z
KXWCGAME-26JUN25ECUGER-TIE,KXWCGAME-26JUN25ECUGER,,Ecuador vs Germany Winner?,,,finalized,2026-06-25T22:00:22Z,,,,,,,,,,,,,,2026-07-29T11:46:28Z
KXWCGAME-26JUN25ECUGER-GER,KXWCGAME-26JUN25ECUGER,,Ecuador vs Germany Winner?,Germany,,finalized,2026-06-25T22:00:22Z,,,,,,,,,,,,,,2026-07-29T11:46:28Z
KXWCGAME-26JUN25ECUGER-ECU,KXWCGAME-26JUN25ECUGER,,Ecuador vs Germany Winner?,Ecuador,,finalized,2026-06-25T22:00:22Z,,,,,,,,,,,,,,2026-07-29T11:46:28Z
KXWCGAME-26JUN24RSAKOR-TIE,KXWCGAME-26JUN24RSAKOR,,South Africa vs Korea Republic Winner?,,,finalized,2026-06-25T02:58:12Z,,,,,,,,,,,,,,2026-07-29T11:46:28Z
KXWCGAME-26JUN24RSAKOR-RSA,KXWCGAME-26JUN24RSAKOR,,South Africa vs Korea Republic Winner?,South Africa,,finalized,2026-06-25T02:58:12Z,,,,,,,,,,,,,,2026-07-29T11:46:28Z
KXWCGAME-26JUN24RSAKOR-KOR,KXWCGAME-26JUN24RSAKOR,,South Africa vs Korea Republic Winner?,Korea Republic,,finalized,2026-06-25T02:58:12Z,,,,,,,,,,,,,,2026-07-29T11:46:28Z
KXWCGAME-26JUN24SCOBRA-TIE,KXWCGAME-26JUN24SCOBRA,,Scotland vs Brazil Winner?,,,finalized,2026-06-25T00:04:27Z,,,,,,,,,,,,,,2026-07-29T11:46:28Z
KXWCGAME-26JUN24SCOBRA-SCO,KXWCGAME-26JUN24SCOBRA,,Scotland vs Brazil Winner?,Scotland,,finalized,2026-06-25T00:04:27Z,,,,,,,,,,,,,,2026-07-29T11:46:28Z
KXWCGAME-26JUN24SCOBRA-BRA,KXWCGAME-26JUN24SCOBRA,,Scotland vs Brazil Winner?,Brazil,,finalized,2026-06-25T00:04:27Z,,,,,,,,,,,,,,2026-07-29T11:46:28Z
KXWCGAME-26JUN24MARHTI-TIE,KXWCGAME-26JUN24MARHTI,,Morocco vs Haiti Winner?,,,finalized,2026-06-25T00:04:58Z,,,,,,,,,,,,,,2026-07-29T11:46:28Z
KXWCGAME-26JUN24MARHTI-MAR,KXWCGAME-26JUN24MARHTI,,Morocco vs Haiti Winner?,Morocco,,finalized,2026-06-25T00:04:58Z,,,,,,,,,,,,,,2026-07-29T11:46:28Z
KXWCGAME-26JUN24MARHTI-HTI,KXWCGAME-26JUN24MARHTI,,Morocco vs Haiti Winner?,Haiti,,finalized,2026-06-25T00:04:58Z,,,,,,,,,,,,,,2026-07-29T11:46:28Z
KXWCGAME-26JUN23PANCRO-TIE,KXWCGAME-26JUN23PANCRO,,Panama vs Croatia Winner?,,,finalized,2026-06-24T00:54:27Z,,,,,,,,,,,,,,2026-07-29T11:46:28Z
KXWCGAME-26JUN23PANCRO-PAN,KXWCGAME-26JUN23PANCRO,,Panama vs Croatia Winner?,Panama,,finalized,2026-06-24T00:54:27Z,,,,,,,,,,,,,,2026-07-29T11:46:28Z
KXWCGAME-26JUN23PANCRO-CRO,KXWCGAME-26JUN23PANCRO,,Panama vs Croatia Winner?,Croatia,,finalized,2026-06-24T00:54:27Z,,,,,,,,,,,,,,2026-07-29T11:46:28Z
KXWCGAME-26JUN24SUICAN-TIE,KXWCGAME-26JUN24SUICAN,,Switzerland vs Canada Winner?,,,finalized,2026-06-24T21:00:02Z,,,,,,,,,,,,,,2026-07-29T11:46:28Z
KXWCGAME-26JUN24SUICAN-SUI,KXWCGAME-26JUN24SUICAN,,Switzerland vs Canada Winner?,Switzerland,,finalized,2026-06-24T21:00:02Z,,,,,,,,,,,,,,2026-07-29T11:46:28Z
KXWCGAME-26JUN24SUICAN-CAN,KXWCGAME-26JUN24SUICAN,,Switzerland vs Canada Winner?,Canada,,finalized,2026-06-24T21:00:02Z,,,,,,,,,,,,,,2026-07-29T11:46:28Z
KXWCGAME-26JUN23ENGGHA-TIE,KXWCGAME-26JUN23ENGGHA,,England vs Ghana Winner?,,,finalized,2026-06-23T21:59:41Z,,,,,,,,,,,,,,2026-07-29T11:46:28Z
KXWCGAME-26JUN23ENGGHA-GHA,KXWCGAME-26JUN23ENGGHA,,England vs Ghana Winner?,Ghana,,finalized,2026-06-23T21:59:41Z,,,,,,,,,,,,,,2026-07-29T11:46:28Z
KXWCGAME-26JUN23ENGGHA-ENG,KXWCGAME-26JUN23ENGGHA,,England vs Ghana Winner?,England,,finalized,2026-06-23T21:59:41Z,,,,,,,,,,,,,,2026-07-29T11:46:28Z
KXWCGAME-26JUN23PORUZB-UZB,KXWCGAME-26JUN23PORUZB,,Portugal vs Uzbekistan Winner?,Uzbekistan,,finalized,2026-06-23T18:59:43Z,,,,,,,,,,,,,,2026-07-29T11:46:28Z
KXWCGAME-26JUN23PORUZB-TIE,KXWCGAME-26JUN23PORUZB,,Portugal vs Uzbekistan Winner?,,,finalized,2026-06-23T18:59:43Z,,,,,,,,,,,,,,2026-07-29T11:46:28Z
KXWCGAME-26JUN23PORUZB-POR,KXWCGAME-26JUN23PORUZB,,Portugal vs Uzbekistan Winner?,Portugal,,finalized,2026-06-23T18:59:43Z,,,,,,,,,,,,,,2026-07-29T11:46:28Z
KXWCGAME-26JUN22JORDZA-TIE,KXWCGAME-26JUN22JORDZA,,Jordan vs Algeria Winner?,,,finalized,2026-06-23T04:59:39Z,,,,,,,,,,,,,,2026-07-29T11:46:28Z
KXWCGAME-26JUN22JORDZA-JOR,KXWCGAME-26JUN22JORDZA,,Jordan vs Algeria Winner?,Jordan,,finalized,2026-06-23T04:59:39Z,,,,,,,,,,,,,,2026-07-29T11:46:28Z
KXWCGAME-26JUN22JORDZA-DZA,KXWCGAME-26JUN22JORDZA,,Jordan vs Algeria Winner?,Algeria,,finalized,2026-06-23T04:59:39Z,,,,,,,,,,,,,,2026-07-29T11:46:28Z
KXWCGAME-26JUN22ARGAUT-TIE,KXWCGAME-26JUN22ARGAUT,,Argentina vs Austria Winner?,,,finalized,2026-06-22T19:04:16Z,,,,,,,,,,,,,,2026-07-29T11:46:28Z
KXWCGAME-26JUN22ARGAUT-AUT,KXWCGAME-26JUN22ARGAUT,,Argentina vs Austria Winner?,Austria,,finalized,2026-06-22T19:04:16Z,,,,,,,,,,,,,,2026-07-29T11:46:28Z
KXWCGAME-26JUN22ARGAUT-ARG,KXWCGAME-26JUN22ARGAUT,,Argentina vs Austria Winner?,Argentina,,finalized,2026-06-22T19:04:16Z,,,,,,,,,,,,,,2026-07-29T11:46:28Z
KXWCGAME-26JUN22NORSEN-TIE,KXWCGAME-26JUN22NORSEN,,Norway vs Senegal Winner?,,,finalized,2026-06-23T02:00:17Z,,,,,,,,,,,,,,2026-07-29T11:46:28Z
KXWCGAME-26JUN22NORSEN-SEN,KXWCGAME-26JUN22NORSEN,,Norway vs Senegal Winner?,Senegal,,finalized,2026-06-23T02:00:17Z,,,,,,,,,,,,,,2026-07-29T11:46:28Z
KXWCGAME-26JUN22NORSEN-NOR,KXWCGAME-26JUN22NORSEN,,Norway vs Senegal Winner?,Norway,,finalized,2026-06-23T02:00:17Z,,,,,,,,,,,,,,2026-07-29T11:46:28Z
KXWCGAME-26JUN21NZLEGY-TIE,KXWCGAME-26JUN21NZLEGY,,New Zealand vs Egypt Winner?,,,finalized,2026-06-22T03:04:26Z,,,,,,,,,,,,,,2026-07-29T11:46:28Z
KXWCGAME-26JUN21NZLEGY-NZL,KXWCGAME-26JUN21NZLEGY,,New Zealand vs Egypt Winner?,New Zealand,,finalized,2026-06-22T03:04:26Z,,,,,,,,,,,,,,2026-07-29T11:46:28Z
KXWCGAME-26JUN21NZLEGY-EGY,KXWCGAME-26JUN21NZLEGY,,New Zealand vs Egypt Winner?,Egypt,,finalized,2026-06-22T03:04:26Z,,,,,,,,,,,,,,2026-07-29T11:46:28Z
KXWCGAME-26JUN21URUCPV-URU,KXWCGAME-26JUN21URUCPV,,Uruguay vs Cape Verde Winner?,Uruguay,,finalized,2026-06-22T00:05:12Z,,,,,,,,,,,,,,2026-07-29T11:46:28Z
KXWCGAME-26JUN21URUCPV-TIE,KXWCGAME-26JUN21URUCPV,,Uruguay vs Cape Verde Winner?,,,finalized,2026-06-22T00:05:12Z,,,,,,,,,,,,,,2026-07-29T11:46:28Z
KXWCGAME-26JUN21URUCPV-CPV,KXWCGAME-26JUN21URUCPV,,Uruguay vs Cape Verde Winner?,Cape Verde,,finalized,2026-06-22T00:05:12Z,,,,,,,,,,,,,,2026-07-29T11:46:28Z
KXWCGAME-26JUN21BELIRI-TIE,KXWCGAME-26JUN21BELIRI,,Belgium vs IR Iran Winner?,,,finalized,2026-06-21T20:59:59Z,,,,,,,,,,,,,,2026-07-29T11:46:28Z
KXWCGAME-26JUN21BELIRI-IRI,KXWCGAME-26JUN21BELIRI,,Belgium vs IR Iran Winner?,IR Iran,,finalized,2026-06-21T20:59:59Z,,,,,,,,,,,,,,2026-07-29T11:46:28Z
KXWCGAME-26JUN21BELIRI-BEL,KXWCGAME-26JUN21BELIRI,,Belgium vs IR Iran Winner?,Belgium,,finalized,2026-06-21T20:59:59Z,,,,,,,,,,,,,,2026-07-29T11:46:28Z
KXWCGAME-26JUN21TUNJPN-TUN,KXWCGAME-26JUN21TUNJPN,,Tunisia vs Japan Winner?,Tunisia,,finalized,2026-06-21T05:57:29Z,,,,,,,,,,,,,,2026-07-29T11:46:28Z
KXWCGAME-26JUN21TUNJPN-TIE,KXWCGAME-26JUN21TUNJPN,,Tunisia vs Japan Winner?,,,finalized,2026-06-21T05:57:29Z,,,,,,,,,,,,,,2026-07-29T11:46:28Z
KXWCGAME-26JUN21TUNJPN-JPN,KXWCGAME-26JUN21TUNJPN,,Tunisia vs Japan Winner?,Japan,,finalized,2026-06-21T05:57:29Z,,,,,,,,,,,,,,2026-07-29T11:46:28Z
KXWCGAME-26JUN21ESPKSA-TIE,KXWCGAME-26JUN21ESPKSA,,Spain vs Saudi Arabia Winner?,,,finalized,2026-06-21T18:03:55Z,,,,,,,,,,,,,,2026-07-29T11:46:28Z
KXWCGAME-26JUN21ESPKSA-KSA,KXWCGAME-26JUN21ESPKSA,,Spain vs Saudi Arabia Winner?,Saudi Arabia,,finalized,2026-06-21T18:03:55Z,,,,,,,,,,,,,,2026-07-29T11:46:28Z
KXWCGAME-26JUN21ESPKSA-ESP,KXWCGAME-26JUN21ESPKSA,,Spain vs Saudi Arabia Winner?,Spain,,finalized,2026-06-21T18:03:55Z,,,,,,,,,,,,,,2026-07-29T11:46:28Z
KXWCGAME-26JUN20ECUCUW-TIE,KXWCGAME-26JUN20ECUCUW,,Ecuador vs Curacao Winner?,,,finalized,2026-06-21T01:58:46Z,,,,,,,,,,,,,,2026-07-29T11:46:28Z
KXWCGAME-26JUN20ECUCUW-ECU,KXWCGAME-26JUN20ECUCUW,,Ecuador vs Curacao Winner?,Ecuador,,finalized,2026-06-21T01:58:46Z,,,,,,,,,,,,,,2026-07-29T11:46:28Z
KXWCGAME-26JUN20ECUCUW-CUW,KXWCGAME-26JUN20ECUCUW,,Ecuador vs Curacao Winner?,Curacao,,finalized,2026-06-21T01:58:46Z,,,,,,,,,,,,,,2026-07-29T11:46:28Z
KXWCGAME-26JUN19BRAHTI-TIE,KXWCGAME-26JUN19BRAHTI,,Brazil vs Haiti Winner?,,,finalized,2026-06-20T02:52:13Z,,,,,,,,,,,,,,2026-07-29T11:46:28Z
KXWCGAME-26JUN19BRAHTI-HTI,KXWCGAME-26JUN19BRAHTI,,Brazil vs Haiti Winner?,Haiti,,finalized,2026-06-20T02:52:13Z,,,,,,,,,,,,,,2026-07-29T11:46:28Z
KXWCGAME-26JUN19BRAHTI-BRA,KXWCGAME-26JUN19BRAHTI,,Brazil vs Haiti Winner?,Brazil,,finalized,2026-06-20T02:52:13Z,,,,,,,,,,,,,,2026-07-29T11:46:28Z
KXWCGAME-26JUN20GERCIV-TIE,KXWCGAME-26JUN20GERCIV,,Germany vs Ivory Coast Winner?,,,finalized,2026-06-20T22:01:26Z,,,,,,,,,,,,,,2026-07-29T11:46:28Z
KXWCGAME-26JUN20GERCIV-GER,KXWCGAME-26JUN20GERCIV,,Germany vs Ivory Coast Winner?,Germany,,finalized,2026-06-20T22:01:26Z,,,,,,,,,,,,,,2026-07-29T11:46:28Z
KXWCGAME-26JUN20GERCIV-CIV,KXWCGAME-26JUN20GERCIV,,Germany vs Ivory Coast Winner?,Ivory Coast,,finalized,2026-06-20T22:01:26Z,,,,,,,,,,,,,,2026-07-29T11:46:28Z
KXWCGAME-26JUN19SCOMAR-TIE,KXWCGAME-26JUN19SCOMAR,,Scotland vs Morocco Winner?,,,finalized,2026-06-20T00:03:23Z,,,,,,,,,,,,,,2026-07-29T11:46:28Z
KXWCGAME-26JUN19SCOMAR-SCO,KXWCGAME-26JUN19SCOMAR,,Scotland vs Morocco Winner?,Scotland,,finalized,2026-06-20T00:03:23Z,,,,,,,,,,,,,,2026-07-29T11:46:28Z
KXWCGAME-26JUN19SCOMAR-MAR,KXWCGAME-26JUN19SCOMAR,,Scotland vs Morocco Winner?,Morocco,,finalized,2026-06-20T00:03:23Z,,,,,,,,,,,,,,2026-07-29T11:46:28Z
KXWCGAME-26JUN19USAAUS-USA,KXWCGAME-26JUN19USAAUS,,USA vs Australia Winner?,USA,,finalized,2026-06-19T21:10:36Z,,,,,,,,,,,,,,2026-07-29T11:46:28Z
KXWCGAME-26JUN19USAAUS-TIE,KXWCGAME-26JUN19USAAUS,,USA vs Australia Winner?,,,finalized,2026-06-19T21:10:36Z,,,,,,,,,,,,,,2026-07-29T11:46:28Z
KXWCGAME-26JUN19USAAUS-AUS,KXWCGAME-26JUN19USAAUS,,USA vs Australia Winner?,Australia,,finalized,2026-06-19T21:10:36Z,,,,,,,,,,,,,,2026-07-29T11:46:28Z
KXWCGAME-26JUN18MEXKOR-TIE,KXWCGAME-26JUN18MEXKOR,,Mexico vs Korea Republic Winner?,,,finalized,2026-06-19T03:06:17Z,,,,,,,,,,,,,,2026-07-29T11:46:28Z
KXWCGAME-26JUN18MEXKOR-MEX,KXWCGAME-26JUN18MEXKOR,,Mexico vs Korea Republic Winner?,Mexico,,finalized,2026-06-19T03:06:17Z,,,,,,,,,,,,,,2026-07-29T11:46:28Z
KXWCGAME-26JUN18MEXKOR-KOR,KXWCGAME-26JUN18MEXKOR,,Mexico vs Korea Republic Winner?,Korea Republic,,finalized,2026-06-19T03:06:17Z,,,,,,,,,,,,,,2026-07-29T11:46:28Z
KXWCGAME-26JUN17UZBCOL-UZB,KXWCGAME-26JUN17UZBCOL,,Uzbekistan vs Colombia Winner?,Uzbekistan,,finalized,2026-06-18T04:06:35Z,,,,,,,,,,,,,,2026-07-29T11:46:28Z
KXWCGAME-26JUN17UZBCOL-TIE,KXWCGAME-26JUN17UZBCOL,,Uzbekistan vs Colombia Winner?,,,finalized,2026-06-18T04:06:35Z,,,,,,,,,,,,,,2026-07-29T11:46:28Z
KXWCGAME-26JUN17UZBCOL-COL,KXWCGAME-26JUN17UZBCOL,,Uzbekistan vs Colombia Winner?,Colombia,,finalized,2026-06-18T04:06:35Z,,,,,,,,,,,,,,2026-07-29T11:46:28Z
KXWCGAME-26JUN17ENGCRO-TIE,KXWCGAME-26JUN17ENGCRO,,England vs Croatia Winner?,,,finalized,2026-06-17T22:08:34Z,,,,,,,,,,,,,,2026-07-29T11:46:28Z
KXWCGAME-26JUN17ENGCRO-ENG,KXWCGAME-26JUN17ENGCRO,,England vs Croatia Winner?,England,,finalized,2026-06-17T22:08:34Z,,,,,,,,,,,,,,2026-07-29T11:46:28Z
KXWCGAME-26JUN17ENGCRO-CRO,KXWCGAME-26JUN17ENGCRO,,England vs Croatia Winner?,Croatia,,finalized,2026-06-17T22:08:34Z,,,,,,,,,,,,,,2026-07-29T11:46:28Z
KXWCGAME-26JUN18CANQAT-TIE,KXWCGAME-26JUN18CANQAT,,Canada vs Qatar Winner?,,,finalized,2026-06-19T00:03:08Z,,,,,,,,,,,,,,2026-07-29T11:46:28Z
KXWCGAME-26JUN18CANQAT-QAT,KXWCGAME-26JUN18CANQAT,,Canada vs Qatar Winner?,Qatar,,finalized,2026-06-19T00:03:08Z,,,,,,,,,,,,,,2026-07-29T11:46:28Z
KXWCGAME-26JUN18CANQAT-CAN,KXWCGAME-26JUN18CANQAT,,Canada vs Qatar Winner?,Canada,,finalized,2026-06-19T00:03:08Z,,,,,,,,,,,,,,2026-07-29T11:46:28Z
KXWCGAME-26JUN17GHAPAN-TIE,KXWCGAME-26JUN17GHAPAN,,Ghana vs Panama Winner?,,,finalized,2026-06-18T01:05:03Z,,,,,,,,,,,,,,2026-07-29T11:46:28Z
KXWCGAME-26JUN17GHAPAN-PAN,KXWCGAME-26JUN17GHAPAN,,Ghana vs Panama Winner?,Panama,,finalized,2026-06-18T01:05:03Z,,,,,,,,,,,,,,2026-07-29T11:46:28Z
KXWCGAME-26JUN17GHAPAN-GHA,KXWCGAME-26JUN17GHAPAN,,Ghana vs Panama Winner?,Ghana,,finalized,2026-06-18T01:05:03Z,,,,,,,,,,,,,,2026-07-29T11:46:28Z
KXWCGAME-26JUN17AUTJOR-TIE,KXWCGAME-26JUN17AUTJOR,,Austria vs Jordan Winner?,,,finalized,2026-06-17T06:10:02Z,,,,,,,,,,,,,,2026-07-29T11:46:28Z
KXWCGAME-26JUN17AUTJOR-JOR,KXWCGAME-26JUN17AUTJOR,,Austria vs Jordan Winner?,Jordan,,finalized,2026-06-17T06:10:02Z,,,,,,,,,,,,,,2026-07-29T11:46:28Z
KXWCGAME-26JUN17AUTJOR-AUT,KXWCGAME-26JUN17AUTJOR,,Austria vs Jordan Winner?,Austria,,finalized,2026-06-17T06:10:02Z,,,,,,,,,,,,,,2026-07-29T11:46:28Z
KXWCGAME-26JUN16ARGDZA-TIE,KXWCGAME-26JUN16ARGDZA,,Argentina vs Algeria Winner?,,,finalized,2026-06-17T03:01:01Z,,,,,,,,,,,,,,2026-07-29T11:46:28Z
KXWCGAME-26JUN16ARGDZA-DZA,KXWCGAME-26JUN16ARGDZA,,Argentina vs Algeria Winner?,Algeria,,finalized,2026-06-17T03:01:01Z,,,,,,,,,,,,,,2026-07-29T11:46:28Z
KXWCGAME-26JUN16ARGDZA-ARG,KXWCGAME-26JUN16ARGDZA,,Argentina vs Algeria Winner?,Argentina,,finalized,2026-06-17T03:01:01Z,,,,,,,,,,,,,,2026-07-29T11:46:28Z
KXWCGAME-26JUN16FRASEN-TIE,KXWCGAME-26JUN16FRASEN,,France vs Senegal Winner?,,,finalized,2026-06-16T21:06:11Z,,,,,,,,,,,,,,2026-07-29T11:46:28Z
KXWCGAME-26JUN16FRASEN-SEN,KXWCGAME-26JUN16FRASEN,,France vs Senegal Winner?,Senegal,,finalized,2026-06-16T21:06:11Z,,,,,,,,,,,,,,2026-07-29T11:46:28Z
KXWCGAME-26JUN16FRASEN-FRA,KXWCGAME-26JUN16FRASEN,,France vs Senegal Winner?,France,,finalized,2026-06-16T21:06:11Z,,,,,,,,,,,,,,2026-07-29T11:46:28Z
KXWCGAME-26JUN15IRINZL-TIE,KXWCGAME-26JUN15IRINZL,,IR Iran vs New Zealand Winner?,,,finalized,2026-06-16T03:04:42Z,,,,,,,,,,,,,,2026-07-29T11:46:28Z
KXWCGAME-26JUN15IRINZL-NZL,KXWCGAME-26JUN15IRINZL,,IR Iran vs New Zealand Winner?,New Zealand,,finalized,2026-06-16T03:04:42Z,,,,,,,,,,,,,,2026-07-29T11:46:28Z
KXWCGAME-26JUN15IRINZL-IRI,KXWCGAME-26JUN15IRINZL,,IR Iran vs New Zealand Winner?,IR Iran,,finalized,2026-06-16T03:04:42Z,,,,,,,,,,,,,,2026-07-29T11:46:28Z
KXWCGAME-26JUN15BELEGY-TIE,KXWCGAME-26JUN15BELEGY,,Belgium vs Egypt Winner?,,,finalized,2026-06-15T20:59:13Z,,,,,,,,,,,,,,2026-07-29T11:46:28Z
KXWCGAME-26JUN15BELEGY-EGY,KXWCGAME-26JUN15BELEGY,,Belgium vs Egypt Winner?,Egypt,,finalized,2026-06-15T20:59:13Z,,,,,,,,,,,,,,2026-07-29T11:46:28Z
KXWCGAME-26JUN15BELEGY-BEL,KXWCGAME-26JUN15BELEGY,,Belgium vs Egypt Winner?,Belgium,,finalized,2026-06-15T20:59:13Z,,,,,,,,,,,,,,2026-07-29T11:46:28Z
KXWCGAME-26JUN15KSAURU-URU,KXWCGAME-26JUN15KSAURU,,Saudi Arabia vs Uruguay Winner?,Uruguay,,finalized,2026-06-16T00:07:33Z,,,,,,,,,,,,,,2026-07-29T11:46:28Z
KXWCGAME-26JUN15KSAURU-TIE,KXWCGAME-26JUN15KSAURU,,Saudi Arabia vs Uruguay Winner?,,,finalized,2026-06-16T00:07:33Z,,,,,,,,,,,,,,2026-07-29T11:46:28Z
KXWCGAME-26JUN15KSAURU-KSA,KXWCGAME-26JUN15KSAURU,,Saudi Arabia vs Uruguay Winner?,Saudi Arabia,,finalized,2026-06-16T00:07:33Z,,,,,,,,,,,,,,2026-07-29T11:46:28Z
KXWCGAME-26JUN14CIVECU-TIE,KXWCGAME-26JUN14CIVECU,,Ivory Coast vs Ecuador Winner?,,,finalized,2026-06-15T01:05:51Z,,,,,,,,,,,,,,2026-07-29T11:46:28Z
KXWCGAME-26JUN14CIVECU-ECU,KXWCGAME-26JUN14CIVECU,,Ivory Coast vs Ecuador Winner?,Ecuador,,finalized,2026-06-15T01:05:51Z,,,,,,,,,,,,,,2026-07-29T11:46:28Z
KXWCGAME-26JUN14CIVECU-CIV,KXWCGAME-26JUN14CIVECU,,Ivory Coast vs Ecuador Winner?,Ivory Coast,,finalized,2026-06-15T01:05:51Z,,,,,,,,,,,,,,2026-07-29T11:46:28Z
KXWCGAME-26JUN15ESPCPV-TIE,KXWCGAME-26JUN15ESPCPV,,Spain vs Cape Verde Winner?,,,finalized,2026-06-15T17:57:43Z,,,,,,,,,,,,,,2026-07-29T11:46:28Z
KXWCGAME-26JUN15ESPCPV-ESP,KXWCGAME-26JUN15ESPCPV,,Spain vs Cape Verde Winner?,Spain,,finalized,2026-06-15T17:57:43Z,,,,,,,,,,,,,,2026-07-29T11:46:28Z
KXWCGAME-26JUN15ESPCPV-CPV,KXWCGAME-26JUN15ESPCPV,,Spain vs Cape Verde Winner?,Cape Verde,,finalized,2026-06-15T17:57:43Z,,,,,,,,,,,,,,2026-07-29T11:46:28Z
KXWCGAME-26JUN14GERCUW-TIE,KXWCGAME-26JUN14GERCUW,,Germany vs Curacao Winner?,,,finalized,2026-06-14T19:00:24Z,,,,,,,,,,,,,,2026-07-29T11:46:28Z
KXWCGAME-26JUN14GERCUW-GER,KXWCGAME-26JUN14GERCUW,,Germany vs Curacao Winner?,Germany,,finalized,2026-06-14T19:00:24Z,,,,,,,,,,,,,,2026-07-29T11:46:28Z
KXWCGAME-26JUN14GERCUW-CUW,KXWCGAME-26JUN14GERCUW,,Germany vs Curacao Winner?,Curacao,,finalized,2026-06-14T19:00:24Z,,,,,,,,,,,,,,2026-07-29T11:46:28Z
KXWCGAME-26JUN14NEDJPN-TIE,KXWCGAME-26JUN14NEDJPN,,Netherlands vs Japan Winner?,,,finalized,2026-06-14T21:57:40Z,,,,,,,,,,,,,,2026-07-29T11:46:28Z
KXWCGAME-26JUN14NEDJPN-NED,KXWCGAME-26JUN14NEDJPN,,Netherlands vs Japan Winner?,Netherlands,,finalized,2026-06-14T21:57:40Z,,,,,,,,,,,,,,2026-07-29T11:46:28Z
KXWCGAME-26JUN14NEDJPN-JPN,KXWCGAME-26JUN14NEDJPN,,Netherlands vs Japan Winner?,Japan,,finalized,2026-06-14T21:57:40Z,,,,,,,,,,,,,,2026-07-29T11:46:28Z
KXWCGAME-26JUN13HTISCO-TIE,KXWCGAME-26JUN13HTISCO,,Haiti vs Scotland Winner?,,,finalized,2026-06-14T03:04:47Z,,,,,,,,,,,,,,2026-07-29T11:46:28Z
KXWCGAME-26JUN13HTISCO-SCO,KXWCGAME-26JUN13HTISCO,,Haiti vs Scotland Winner?,Scotland,,finalized,2026-06-14T03:04:47Z,,,,,,,,,,,,,,2026-07-29T11:46:28Z
KXWCGAME-26JUN13HTISCO-HTI,KXWCGAME-26JUN13HTISCO,,Haiti vs Scotland Winner?,Haiti,,finalized,2026-06-14T03:04:47Z,,,,,,,,,,,,,,2026-07-29T11:46:28Z
KXWCGAME-26JUN13QATSUI-TIE,KXWCGAME-26JUN13QATSUI,,Qatar vs Switzerland Winner?,Tie,,finalized,2026-06-13T21:07:53Z,,,,,,,,,,,,,,2026-07-29T11:46:28Z
KXWCGAME-26JUN13QATSUI-SUI,KXWCGAME-26JUN13QATSUI,,Qatar vs Switzerland Winner?,Switzerland,,finalized,2026-06-13T21:07:53Z,,,,,,,,,,,,,,2026-07-29T11:46:28Z
KXWCGAME-26JUN13QATSUI-QAT,KXWCGAME-26JUN13QATSUI,,Qatar vs Switzerland Winner?,Qatar,,finalized,2026-06-13T21:07:53Z,,,,,,,,,,,,,,2026-07-29T11:46:28Z
KXWCGAME-26JUN13BRAMAR-TIE,KXWCGAME-26JUN13BRAMAR,,Brazil vs Morocco Winner?,,,finalized,2026-06-14T00:07:37Z,,,,,,,,,,,,,,2026-07-29T11:46:28Z
KXWCGAME-26JUN13BRAMAR-MAR,KXWCGAME-26JUN13BRAMAR,,Brazil vs Morocco Winner?,Morocco,,finalized,2026-06-14T00:07:37Z,,,,,,,,,,,,,,2026-07-29T11:46:28Z
KXWCGAME-26JUN13BRAMAR-BRA,KXWCGAME-26JUN13BRAMAR,,Brazil vs Morocco Winner?,Brazil,,finalized,2026-06-14T00:07:37Z,,,,,,,,,,,,,,2026-07-29T11:46:28Z
KXWCGAME-26JUN12USAPAR-USA,KXWCGAME-26JUN12USAPAR,,USA vs Paraguay Winner?,USA,,finalized,2026-06-13T03:03:46Z,,,,,,,,,,,,,,2026-07-29T11:46:28Z
KXWCGAME-26JUN12USAPAR-TIE,KXWCGAME-26JUN12USAPAR,,USA vs Paraguay Winner?,,,finalized,2026-06-13T03:03:46Z,,,,,,,,,,,,,,2026-07-29T11:46:28Z
KXWCGAME-26JUN12USAPAR-PAR,KXWCGAME-26JUN12USAPAR,,USA vs Paraguay Winner?,Paraguay,,finalized,2026-06-13T03:03:46Z,,,,,,,,,,,,,,2026-07-29T11:46:28Z
KXWCGAME-26JUN11MEXRSA-TIE,KXWCGAME-26JUN11MEXRSA,,Mexico vs South Africa Winner?,,,finalized,2026-06-11T21:07:29Z,,,,,,,,,,,,,,2026-07-29T11:46:28Z
KXWCGAME-26JUN11MEXRSA-RSA,KXWCGAME-26JUN11MEXRSA,,Mexico vs South Africa Winner?,South Africa,,finalized,2026-06-11T21:07:29Z,,,,,,,,,,,,,,2026-07-29T11:46:28Z
KXWCGAME-26JUN11MEXRSA-MEX,KXWCGAME-26JUN11MEXRSA,,Mexico vs South Africa Winner?,Mexico,,finalized,2026-06-11T21:07:29Z,,,,,,,,,,,,,,2026-07-29T11:46:28Z
KXWCADVANCE-26JUL18FRAENG-FRA,KXWCADVANCE-26JUL18FRAENG,,France vs England: To Advance,France advances,,finalized,2026-07-18T23:05:04Z,,,,,,,,,,,,,,2026-07-29T11:46:28Z
KXWCADVANCE-26JUL18FRAENG-ENG,KXWCADVANCE-26JUL18FRAENG,,France vs England: To Advance,England advances,,finalized,2026-07-18T23:05:04Z,,,,,,,,,,,,,,2026-07-29T11:46:28Z
KXWCADVANCE-26JUL15ENGARG-ENG,KXWCADVANCE-26JUL15ENGARG,,England vs Argentina: To Advance,,,finalized,2026-07-15T21:04:36Z,,,,,,,,,,,,,,2026-07-29T11:46:28Z
KXWCADVANCE-26JUL15ENGARG-ARG,KXWCADVANCE-26JUL15ENGARG,,England vs Argentina: To Advance,,,finalized,2026-07-15T21:04:36Z,,,,,,,,,,,,,,2026-07-29T11:46:28Z
KXWCADVANCE-26JUL14FRAESP-FRA,KXWCADVANCE-26JUL14FRAESP,,France vs Spain: To Advance,,,finalized,2026-07-14T21:00:02Z,,,,,,,,,,,,,,2026-07-29T11:46:28Z
KXWCADVANCE-26JUL14FRAESP-ESP,KXWCADVANCE-26JUL14FRAESP,,France vs Spain: To Advance,,,finalized,2026-07-14T21:00:02Z,,,,,,,,,,,,,,2026-07-29T11:46:28Z
KXWCADVANCE-26JUL11ARGSUI-SUI,KXWCADVANCE-26JUL11ARGSUI,,Argentina vs Switzerland: To Advance,,,finalized,2026-07-12T03:44:46Z,,,,,,,,,,,,,,2026-07-29T11:46:28Z
KXWCADVANCE-26JUL11ARGSUI-ARG,KXWCADVANCE-26JUL11ARGSUI,,Argentina vs Switzerland: To Advance,,,finalized,2026-07-12T03:44:46Z,,,,,,,,,,,,,,2026-07-29T11:46:28Z
KXWCADVANCE-26JUL10ESPBEL-ESP,KXWCADVANCE-26JUL10ESPBEL,,Spain vs Belgium: To Advance,,,finalized,2026-07-10T20:59:47Z,,,,,,,,,,,,,,2026-07-29T11:46:28Z
KXWCADVANCE-26JUL10ESPBEL-BEL,KXWCADVANCE-26JUL10ESPBEL,,Spain vs Belgium: To Advance,,,finalized,2026-07-10T20:59:47Z,,,,,,,,,,,,,,2026-07-29T11:46:28Z
KXWCADVANCE-26JUL11NORENG-NOR,KXWCADVANCE-26JUL11NORENG,,Norway vs England: To Advance,,,finalized,2026-07-11T23:49:02Z,,,,,,,,,,,,,,2026-07-29T11:46:28Z
KXWCADVANCE-26JUL11NORENG-ENG,KXWCADVANCE-26JUL11NORENG,,Norway vs England: To Advance,,,finalized,2026-07-11T23:49:02Z,,,,,,,,,,,,,,2026-07-29T11:46:28Z
KXWCADVANCE-26JUL09FRAMAR-MAR,KXWCADVANCE-26JUL09FRAMAR,,France vs Morocco: To Advance,,,finalized,2026-07-09T21:59:53Z,,,,,,,,,,,,,,2026-07-29T11:46:28Z
KXWCADVANCE-26JUL09FRAMAR-FRA,KXWCADVANCE-26JUL09FRAMAR,,France vs Morocco: To Advance,,,finalized,2026-07-09T21:59:53Z,,,,,,,,,,,,,,2026-07-29T11:46:28Z
KXWCADVANCE-26JUL07SUICOL-SUI,KXWCADVANCE-26JUL07SUICOL,,Switzerland vs Colombia: To Advance,,,finalized,2026-07-07T22:52:22Z,,,,,,,,,,,,,,2026-07-29T11:46:28Z
KXWCADVANCE-26JUL07SUICOL-COL,KXWCADVANCE-26JUL07SUICOL,,Switzerland vs Colombia: To Advance,,,finalized,2026-07-07T22:52:22Z,,,,,,,,,,,,,,2026-07-29T11:46:28Z
KXWCADVANCE-26JUL07ARGEGY-EGY,KXWCADVANCE-26JUL07ARGEGY,,Argentina vs Egypt: To Advance,,,finalized,2026-07-07T18:04:31Z,,,,,,,,,,,,,,2026-07-29T11:46:28Z
KXWCADVANCE-26JUL07ARGEGY-ARG,KXWCADVANCE-26JUL07ARGEGY,,Argentina vs Egypt: To Advance,,,finalized,2026-07-07T18:04:31Z,,,,,,,,,,,,,,2026-07-29T11:46:28Z
KXWCADVANCE-26JUL06PORESP-POR,KXWCADVANCE-26JUL06PORESP,,Portugal vs Spain: To Advance,,,finalized,2026-07-06T21:04:55Z,,,,,,,,,,,,,,2026-07-29T11:46:28Z
KXWCADVANCE-26JUL06PORESP-ESP,KXWCADVANCE-26JUL06PORESP,,Portugal vs Spain: To Advance,,,finalized,2026-07-06T21:04:55Z,,,,,,,,,,,,,,2026-07-29T11:46:28Z
KXWCADVANCE-26JUL06USABEL-USA,KXWCADVANCE-26JUL06USABEL,,USA vs Belgium: To Advance,,,finalized,2026-07-07T02:00:45Z,,,,,,,,,,,,,,2026-07-29T11:46:28Z
KXWCADVANCE-26JUL06USABEL-BEL,KXWCADVANCE-26JUL06USABEL,,USA vs Belgium: To Advance,,,finalized,2026-07-07T02:00:45Z,,,,,,,,,,,,,,2026-07-29T11:46:28Z
KXWCADVANCE-26JUL05MEXENG-MEX,KXWCADVANCE-26JUL05MEXENG,,Mexico vs England: To Advance,,,finalized,2026-07-06T03:04:34Z,,,,,,,,,,,,,,2026-07-29T11:46:28Z
KXWCADVANCE-26JUL05MEXENG-ENG,KXWCADVANCE-26JUL05MEXENG,,Mexico vs England: To Advance,,,finalized,2026-07-06T03:04:34Z,,,,,,,,,,,,,,2026-07-29T11:46:28Z
KXWCADVANCE-26JUL04PARFRA-PAR,KXWCADVANCE-26JUL04PARFRA,,Paraguay vs France: To Advance,,,finalized,2026-07-04T23:04:30Z,,,,,,,,,,,,,,2026-07-29T11:46:28Z
KXWCADVANCE-26JUL04PARFRA-FRA,KXWCADVANCE-26JUL04PARFRA,,Paraguay vs France: To Advance,,,finalized,2026-07-04T23:04:30Z,,,,,,,,,,,,,,2026-07-29T11:46:28Z
KXWCADVANCE-26JUL05BRANOR-NOR,KXWCADVANCE-26JUL05BRANOR,,Brazil vs Norway: To Advance,,,finalized,2026-07-05T22:04:36Z,,,,,,,,,,,,,,2026-07-29T11:46:28Z
KXWCADVANCE-26JUL05BRANOR-BRA,KXWCADVANCE-26JUL05BRANOR,,Brazil vs Norway: To Advance,,,finalized,2026-07-05T22:04:36Z,,,,,,,,,,,,,,2026-07-29T11:46:28Z
KXWCADVANCE-26JUL04CANMAR-MAR,KXWCADVANCE-26JUL04CANMAR,,Canada vs Morocco: To Advance,,,finalized,2026-07-04T19:04:34Z,,,,,,,,,,,,,,2026-07-29T11:46:28Z
KXWCADVANCE-26JUL04CANMAR-CAN,KXWCADVANCE-26JUL04CANMAR,,Canada vs Morocco: To Advance,,,finalized,2026-07-04T19:04:34Z,,,,,,,,,,,,,,2026-07-29T11:46:28Z
KXWCADVANCE-26JUL02SUIDZA-SUI,KXWCADVANCE-26JUL02SUIDZA,,Switzerland vs Algeria: To Advance,,,finalized,2026-07-03T04:59:49Z,,,,,,,,,,,,,,2026-07-29T11:46:28Z
KXWCADVANCE-26JUL02SUIDZA-DZA,KXWCADVANCE-26JUL02SUIDZA,,Switzerland vs Algeria: To Advance,,,finalized,2026-07-03T04:59:49Z,,,,,,,,,,,,,,2026-07-29T11:46:28Z
KXWCADVANCE-26JUL02ESPAUT-ESP,KXWCADVANCE-26JUL02ESPAUT,,Spain vs Austria: To Advance,,,finalized,2026-07-02T20:59:52Z,,,,,,,,,,,,,,2026-07-29T11:46:28Z
KXWCADVANCE-26JUL02ESPAUT-AUT,KXWCADVANCE-26JUL02ESPAUT,,Spain vs Austria: To Advance,,,finalized,2026-07-02T20:59:52Z,,,,,,,,,,,,,,2026-07-29T11:46:28Z
KXWCADVANCE-26JUL03COLGHA-GHA,KXWCADVANCE-26JUL03COLGHA,,Colombia vs Ghana: To Advance,,,finalized,2026-07-04T03:34:29Z,,,,,,,,,,,,,,2026-07-29T11:46:28Z
KXWCADVANCE-26JUL03COLGHA-COL,KXWCADVANCE-26JUL03COLGHA,,Colombia vs Ghana: To Advance,,,finalized,2026-07-04T03:34:29Z,,,,,,,,,,,,,,2026-07-29T11:46:28Z
KXWCADVANCE-26JUL02PORCRO-POR,KXWCADVANCE-26JUL02PORCRO,,Portugal vs Croatia: To Advance,,,finalized,2026-07-03T01:09:41Z,,,,,,,,,,,,,,2026-07-29T11:46:28Z
KXWCADVANCE-26JUL02PORCRO-CRO,KXWCADVANCE-26JUL02PORCRO,,Portugal vs Croatia: To Advance,,,finalized,2026-07-03T01:09:41Z,,,,,,,,,,,,,,2026-07-29T11:46:28Z
KXWCADVANCE-26JUL01BELSEN-SEN,KXWCADVANCE-26JUL01BELSEN,,Belgium vs Senegal: To Advance,,,finalized,2026-07-01T22:49:42Z,,,,,,,,,,,,,,2026-07-29T11:46:28Z
KXWCADVANCE-26JUL01BELSEN-BEL,KXWCADVANCE-26JUL01BELSEN,,Belgium vs Senegal: To Advance,,,finalized,2026-07-01T22:49:42Z,,,,,,,,,,,,,,2026-07-29T11:46:28Z
KXWCADVANCE-26JUL01ENGCOD-ENG,KXWCADVANCE-26JUL01ENGCOD,,England vs Congo DR: To Advance,,,finalized,2026-07-01T18:00:02Z,,,,,,,,,,,,,,2026-07-29T11:46:28Z
KXWCADVANCE-26JUL01ENGCOD-COD,KXWCADVANCE-26JUL01ENGCOD,,England vs Congo DR: To Advance,,,finalized,2026-07-01T18:00:02Z,,,,,,,,,,,,,,2026-07-29T11:46:28Z
KXWCADVANCE-26JUN30MEXECU-MEX,KXWCADVANCE-26JUN30MEXECU,,Mexico vs Ecuador: To Advance,,,finalized,2026-07-01T04:04:18Z,,,,,,,,,,,,,,2026-07-29T11:46:28Z
KXWCADVANCE-26JUN30MEXECU-ECU,KXWCADVANCE-26JUN30MEXECU,,Mexico vs Ecuador: To Advance,,,finalized,2026-07-01T04:04:18Z,,,,,,,,,,,,,,2026-07-29T11:46:28Z
KXWCADVANCE-26JUL03AUSEGY-EGY,KXWCADVANCE-26JUL03AUSEGY,,Australia vs Egypt: To Advance,,,finalized,2026-07-03T20:54:18Z,,,,,,,,,,,,,,2026-07-29T11:46:28Z
KXWCADVANCE-26JUL03AUSEGY-AUS,KXWCADVANCE-26JUL03AUSEGY,,Australia vs Egypt: To Advance,,,finalized,2026-07-03T20:54:18Z,,,,,,,,,,,,,,2026-07-29T11:46:28Z
KXWCADVANCE-26JUL03ARGCPV-CPV,KXWCADVANCE-26JUL03ARGCPV,,Argentina vs Cape Verde: To Advance,,,finalized,2026-07-04T00:44:35Z,,,,,,,,,,,,,,2026-07-29T11:46:28Z
KXWCADVANCE-26JUL03ARGCPV-ARG,KXWCADVANCE-26JUL03ARGCPV,,Argentina vs Cape Verde: To Advance,,,finalized,2026-07-04T00:44:35Z,,,,,,,,,,,,,,2026-07-29T11:46:28Z
KXWCADVANCE-26JUN30FRASWE-SWE,KXWCADVANCE-26JUN30FRASWE,,France vs Sweden: To Advance,,,finalized,2026-06-30T22:54:22Z,,,,,,,,,,,,,,2026-07-29T11:46:28Z
KXWCADVANCE-26JUN30FRASWE-FRA,KXWCADVANCE-26JUN30FRASWE,,France vs Sweden: To Advance,,,finalized,2026-06-30T22:54:22Z,,,,,,,,,,,,,,2026-07-29T11:46:28Z
KXWCADVANCE-26JUN29GERPAR-PAR,KXWCADVANCE-26JUN29GERPAR,,Germany vs Paraguay: To Advance,,,finalized,2026-06-29T23:29:42Z,,,,,,,,,,,,,,2026-07-29T11:46:28Z
KXWCADVANCE-26JUN29GERPAR-GER,KXWCADVANCE-26JUN29GERPAR,,Germany vs Paraguay: To Advance,,,finalized,2026-06-29T23:29:42Z,,,,,,,,,,,,,,2026-07-29T11:46:28Z
KXWCADVANCE-26JUN30CIVNOR-NOR,KXWCADVANCE-26JUN30CIVNOR,,Ivory Coast vs Norway: To Advance,,,finalized,2026-06-30T18:59:06Z,,,,,,,,,,,,,,2026-07-29T11:46:28Z
KXWCADVANCE-26JUN30CIVNOR-CIV,KXWCADVANCE-26JUN30CIVNOR,,Ivory Coast vs Norway: To Advance,,,finalized,2026-06-30T18:59:06Z,,,,,,,,,,,,,,2026-07-29T11:46:28Z
KXWCADVANCE-26JUL01USABIH-USA,KXWCADVANCE-26JUL01USABIH,,USA vs Bosnia and Herzegovina: To Advance,,,finalized,2026-07-02T02:09:44Z,,,,,,,,,,,,,,2026-07-29T11:46:28Z
KXWCADVANCE-26JUL01USABIH-BIH,KXWCADVANCE-26JUL01USABIH,,USA vs Bosnia and Herzegovina: To Advance,,,finalized,2026-07-02T02:09:44Z,,,,,,,,,,,,,,2026-07-29T11:46:28Z
KXWCADVANCE-26JUN29NEDMAR-NED,KXWCADVANCE-26JUN29NEDMAR,,Netherlands vs Morocco: To Advance,,,finalized,2026-06-30T03:55:14Z,,,,,,,,,,,,,,2026-07-29T11:46:28Z
KXWCADVANCE-26JUN29NEDMAR-MAR,KXWCADVANCE-26JUN29NEDMAR,,Netherlands vs Morocco: To Advance,,,finalized,2026-06-30T03:55:14Z,,,,,,,,,,,,,,2026-07-29T11:46:28Z
KXWCADVANCE-26JUN29BRAJPN-JPN,KXWCADVANCE-26JUN29BRAJPN,,Brazil vs Japan: To Advance,,,finalized,2026-06-29T19:03:41Z,,,,,,,,,,,,,,2026-07-29T11:46:28Z
KXWCADVANCE-26JUN29BRAJPN-BRA,KXWCADVANCE-26JUN29BRAJPN,,Brazil vs Japan: To Advance,,,finalized,2026-06-29T19:03:41Z,,,,,,,,,,,,,,2026-07-29T11:46:28Z
KXWCADVANCE-26JUN28RSACAN-RSA,KXWCADVANCE-26JUN28RSACAN,,South Africa vs Canada: To Advance,South Africa,,finalized,2026-06-28T20:59:42Z,,,,,,,,,,,,,,2026-07-29T11:46:28Z
KXWCADVANCE-26JUN28RSACAN-CAN,KXWCADVANCE-26JUN28RSACAN,,South Africa vs Canada: To Advance,Canada,,finalized,2026-06-28T20:59:42Z,,,,,,,,,,,,,,2026-07-29T11:46:28Z
